game_id,season,game_no,date,player_id,player,started,minutes,field_goals,three_pointers,free_throws,offensive_rebounds,defensive_rebounds,assists,turnovers,steals,blocks,fouls,points
2015-G01,2015,1,2014-11-06,P001,Desmond Farrier,False,3:43,1-1,0-0,2-2,0.0,2.0,0.0,0.0,0.0,0.0,0.0,4.0
2015-G01,2015,1,2014-11-06,P002,Trey Ibarra,False,17:43,1-1,0-0,2-3,3.0,3.0,1.0,1.0,0.0,1.0,4.0,4.0
2015-G01,2015,1,2014-11-06,P003,Caleb Stankovic,True,26:06,3-4,1-1,0-2,4.0,3.0,4.0,4.0,0.0,1.0,1.0,7.0
2015-G01,2015,1,2014-11-06,P004,Silas Baptiste,False,DNP,,,,,,,,,,,
2015-G01,2015,1,2014-11-06,P005,Nolan Abrams,False,10:53,1-1,1-1,0-0,0.0,1.0,1.0,0.0,0.0,0.0,1.0,3.0
2015-G01,2015,1,2014-11-06,P006,Tobias Delacroix,True,30:54,5-8,1-1,2-2,5.0,4.0,1.0,2.0,0.0,0.0,5.0,13.0
2015-G01,2015,1,2014-11-06,P007,Owen Quintero,False,DNP,,,,,,,,,,,
2015-G01,2015,1,2014-11-06,P009,Cole Yamamoto,False,DNP,,,,,,,,,,,
2015-G01,2015,1,2014-11-06,P011,Moussa Novotny,True,35:04,10-13,3-5,2-3,2.0,2.0,4.0,2.0,2.0,0.0,2.0,25.0
2015-G01,2015,1,2014-11-06,P012,Marcus Jankowski,True,18:45,2-6,0-2,4-5,0.0,4.0,0.0,0.0,0.0,0.0,2.0,8.0
2015-G01,2015,1,2014-11-06,P013,Quentin Fontaine,False,14:52,3-4,0-0,1-1,2.0,1.0,0.0,0.0,2.0,1.0,1.0,7.0
2015-G01,2015,1,2014-11-06,P014,Zavier Delacroix,False,9:38,1-2,0-1,0-1,0.0,0.0,2.0,0.0,0.0,0.0,0.0,2.0
2015-G01,2015,1,2014-11-06,P015,Ronan Halvorsen,True,32:21,3-8,0-1,2-2,5.0,2.0,1.0,5.0,0.0,1.0,3.0,8.0
2015-G02,2015,2,2014-11-10,P001,Desmond Farrier,False,3:48,0-0,0-0,2-2,0.0,0.0,1.0,0.0,0.0,0.0,0.0,2.0
2015-G02,2015,2,2014-11-10,P002,Trey Ibarra,False,17:26,0-4,0-2,0-0,0.0,1.0,2.0,1.0,1.0,0.0,0.0,0.0
2015-G02,2015,2,2014-11-10,P003,Caleb Stankovic,True,23:42,3-6,1-2,3-3,1.0,2.0,1.0,1.0,1.0,1.0,4.0,10.0
2015-G02,2015,2,2014-11-10,P004,Silas Baptiste,False,4:34,0-0,0-0,1-1,0.0,0.0,0.0,0.0,0.0,1.0,0.0,1.0
2015-G02,2015,2,2014-11-10,P005,Nolan Abrams,False,DNP,,,,,,,,,,,
2015-G02,2015,2,2014-11-10,P006,Tobias Delacroix,True,38:08,7-12,1-2,4-4,2.0,9.0,6.0,2.0,0.0,1.0,0.0,19.0
2015-G02,2015,2,2014-11-10,P007,Owen Quintero,False,DNP,,,,,,,,,,,
2015-G02,2015,2,2014-11-10,P009,Cole Yamamoto,False,11:09,2-3,0-1,0-0,1.0,2.0,1.0,2.0,1.0,0.0,0.0,4.0
2015-G02,2015,2,2014-11-10,P011,Moussa Novotny,True,31:45,8-13,3-6,3-5,3.0,6.0,1.0,0.0,1.0,1.0,4.0,22.0
2015-G02,2015,2,2014-11-10,P012,Marcus Jankowski,True,19:02,6-7,3-3,3-3,0.0,5.0,1.0,0.0,1.0,0.0,1.0,18.0
2015-G02,2015,2,2014-11-10,P013,Quentin Fontaine,False,15:21,3-4,0-0,3-3,0.0,4.0,0.0,0.0,0.0,0.0,2.0,9.0
2015-G02,2015,2,2014-11-10,P014,Zavier Delacroix,False,DNP,,,,,,,,,,,
2015-G02,2015,2,2014-11-10,P015,Ronan Halvorsen,True,35:04,7-13,1-2,3-5,3.0,5.0,0.0,3.0,1.0,0.0,4.0,18.0
2015-G03,2015,3,2014-11-14,P001,Desmond Farrier,False,DNP,,,,,,,,,,,
2015-G03,2015,3,2014-11-14,P002,Trey Ibarra,False,18:15,2-3,0-1,0-0,1.0,1.0,1.0,2.0,2.0,0.0,2.0,4.0
2015-G03,2015,3,2014-11-14,P003,Caleb Stankovic,True,26:23,1-4,0-1,0-0,1.0,3.0,0.0,4.0,1.0,1.0,2.0,2.0
2015-G03,2015,3,2014-11-14,P004,Silas Baptiste,False,DNP,,,,,,,,,,,
2015-G03,2015,3,2014-11-14,P005,Nolan Abrams,False,11:22,0-1,0-1,0-0,0.0,3.0,4.0,1.0,0.0,0.0,0.0,0.0
2015-G03,2015,3,2014-11-14,P006,Tobias Delacroix,True,38:06,9-12,1-1,4-4,2.0,6.0,2.0,0.0,1.0,1.0,3.0,23.0
2015-G03,2015,3,2014-11-14,P007,Owen Quintero,False,DNP,,,,,,,,,,,
2015-G03,2015,3,2014-11-14,P009,Cole Yamamoto,False,DNP,,,,,,,,,,,
2015-G03,2015,3,2014-11-14,P011,Moussa Novotny,True,36:39,8-14,2-6,3-4,4.0,5.0,3.0,3.0,2.0,1.0,2.0,21.0
2015-G03,2015,3,2014-11-14,P012,Marcus Jankowski,True,18:47,1-5,0-2,2-2,2.0,3.0,0.0,5.0,0.0,0.0,4.0,4.0
2015-G03,2015,3,2014-11-14,P013,Quentin Fontaine,False,15:46,0-4,0-0,2-2,2.0,1.0,0.0,0.0,0.0,3.0,2.0,2.0
2015-G03,2015,3,2014-11-14,P014,Zavier Delacroix,False,DNP,,,,,,,,,,,
2015-G03,2015,3,2014-11-14,P015,Ronan Halvorsen,True,34:43,7-11,0-1,3-3,2.0,6.0,2.0,3.0,2.0,2.0,0.0,17.0
2015-G04,2015,4,2014-11-18,P001,Desmond Farrier,False,DNP,,,,,,,,,,,
2015-G04,2015,4,2014-11-18,P002,Trey Ibarra,False,17:28,1-2,0-1,0-1,1.0,1.0,3.0,2.0,0.0,0.0,3.0,2.0
2015-G04,2015,4,2014-11-18,P003,Caleb Stankovic,True,24:59,4-4,1-1,1-1,2.0,4.0,2.0,3.0,1.0,0.0,1.0,10.0
2015-G04,2015,4,2014-11-18,P004,Silas Baptiste,False,DNP,,,,,,,,,,,
2015-G04,2015,4,2014-11-18,P005,Nolan Abrams,False,DNP,,,,,,,,,,,
2015-G04,2015,4,2014-11-18,P006,Tobias Delacroix,True,39:08,5-11,1-2,1-2,1.0,4.0,2.0,3.0,1.0,3.0,5.0,12.0
2015-G04,2015,4,2014-11-18,P007,Owen Quintero,False,DNP,,,,,,,,,,,
2015-G04,2015,4,2014-11-18,P009,Cole Yamamoto,False,10:13,0-1,0-0,1-1,0.0,1.0,0.0,0.0,0.0,0.0,1.0,1.0
2015-G04,2015,4,2014-11-18,P011,Moussa Novotny,True,32:37,7-11,2-4,3-3,2.0,3.0,2.0,0.0,1.0,0.0,4.0,19.0
2015-G04,2015,4,2014-11-18,P012,Marcus Jankowski,True,24:34,2-6,0-2,5-6,0.0,4.0,2.0,0.0,0.0,0.0,1.0,9.0
2015-G04,2015,4,2014-11-18,P013,Quentin Fontaine,False,DNP,,,,,,,,,,,
2015-G04,2015,4,2014-11-18,P014,Zavier Delacroix,False,13:55,0-1,0-1,0-0,0.0,1.0,1.0,0.0,0.0,0.0,1.0,0.0
2015-G04,2015,4,2014-11-18,P015,Ronan Halvorsen,True,37:06,5-12,1-1,1-2,3.0,4.0,1.0,1.0,0.0,1.0,4.0,12.0
2015-G05,2015,5,2014-11-22,P001,Desmond Farrier,False,4:10,2-2,0-0,0-0,0.0,1.0,0.0,0.0,1.0,0.0,1.0,4.0
2015-G05,2015,5,2014-11-22,P002,Trey Ibarra,False,14:58,2-3,0-1,1-1,0.0,2.0,2.0,0.0,0.0,0.0,2.0,5.0
2015-G05,2015,5,2014-11-22,P003,Caleb Stankovic,True,20:52,3-4,1-1,1-1,1.0,1.0,0.0,1.0,0.0,0.0,0.0,8.0
2015-G05,2015,5,2014-11-22,P004,Silas Baptiste,False,DNP,,,,,,,,,,,
2015-G05,2015,5,2014-11-22,P005,Nolan Abrams,False,8:22,2-5,1-3,0-0,0.0,1.0,1.0,1.0,1.0,0.0,3.0,5.0
2015-G05,2015,5,2014-11-22,P006,Tobias Delacroix,True,31:29,5-10,1-1,2-2,1.0,4.0,1.0,3.0,1.0,2.0,1.0,13.0
2015-G05,2015,5,2014-11-22,P007,Owen Quintero,False,15:01,2-3,0-1,2-2,1.0,0.0,1.0,2.0,0.0,0.0,1.0,6.0
2015-G05,2015,5,2014-11-22,P009,Cole Yamamoto,False,DNP,,,,,,,,,,,
2015-G05,2015,5,2014-11-22,P011,Moussa Novotny,True,31:01,7-11,3-4,3-3,2.0,6.0,0.0,3.0,2.0,1.0,3.0,20.0
2015-G05,2015,5,2014-11-22,P012,Marcus Jankowski,True,20:40,2-6,0-2,1-3,2.0,0.0,0.0,1.0,0.0,0.0,1.0,5.0
2015-G05,2015,5,2014-11-22,P013,Quentin Fontaine,False,12:57,0-2,0-0,1-1,0.0,1.0,0.0,0.0,1.0,1.0,2.0,1.0
2015-G05,2015,5,2014-11-22,P014,Zavier Delacroix,False,10:04,0-1,0-1,1-1,0.0,1.0,1.0,1.0,0.0,0.0,0.0,1.0
2015-G05,2015,5,2014-11-22,P015,Ronan Halvorsen,True,30:26,10-12,1-1,4-4,2.0,6.0,3.0,3.0,2.0,1.0,5.0,25.0
2015-G06,2015,6,2014-11-26,P001,Desmond Farrier,False,DNP,,,,,,,,,,,
2015-G06,2015,6,2014-11-26,P002,Trey Ibarra,False,20:33,2-5,0-2,2-3,2.0,2.0,1.0,1.0,0.0,0.0,2.0,6.0
2015-G06,2015,6,2014-11-26,P003,Caleb Stankovic,True,24:30,1-7,0-2,2-2,0.0,3.0,1.0,3.0,1.0,0.0,4.0,4.0
2015-G06,2015,6,2014-11-26,P004,Silas Baptiste,False,DNP,,,,,,,,,,,
2015-G06,2015,6,2014-11-26,P005,Nolan Abrams,False,10:44,3-4,1-2,2-3,0.0,0.0,1.0,2.0,0.0,0.0,1.0,9.0
2015-G06,2015,6,2014-11-26,P006,Tobias Delacroix,True,38:33,9-15,2-2,5-5,1.0,5.0,3.0,2.0,0.0,1.0,5.0,25.0
2015-G06,2015,6,2014-11-26,P007,Owen Quintero,False,DNP,,,,,,,,,,,
2015-G06,2015,6,2014-11-26,P009,Cole Yamamoto,False,DNP,,,,,,,,,,,
2015-G06,2015,6,2014-11-26,P011,Moussa Novotny,True,32:04,7-15,2-5,4-5,3.0,3.0,1.0,4.0,0.0,0.0,2.0,20.0
2015-G06,2015,6,2014-11-26,P012,Marcus Jankowski,True,23:03,4-8,2-4,3-3,1.0,6.0,1.0,1.0,2.0,0.0,3.0,13.0
2015-G06,2015,6,2014-11-26,P013,Quentin Fontaine,False,16:46,1-3,0-0,1-1,1.0,4.0,1.0,0.0,3.0,0.0,4.0,3.0
2015-G06,2015,6,2014-11-26,P014,Zavier Delacroix,False,DNP,,,,,,,,,,,
2015-G06,2015,6,2014-11-26,P015,Ronan Halvorsen,True,33:46,7-11,0-1,2-3,1.0,8.0,3.0,3.0,3.0,2.0,3.0,16.0
2015-G07,2015,7,2014-11-30,P001,Desmond Farrier,False,DNP,,,,,,,,,,,
2015-G07,2015,7,2014-11-30,P002,Trey Ibarra,False,20:06,0-1,0-0,2-2,2.0,5.0,1.0,1.0,0.0,0.0,2.0,2.0
2015-G07,2015,7,2014-11-30,P003,Caleb Stankovic,True,28:40,4-4,1-1,2-2,1.0,3.0,2.0,1.0,0.0,0.0,3.0,11.0
2015-G07,2015,7,2014-11-30,P004,Silas Baptiste,False,DNP,,,,,,,,,,,
2015-G07,2015,7,2014-11-30,P005,Nolan Abrams,False,DNP,,,,,,,,,,,
2015-G07,2015,7,2014-11-30,P006,Tobias Delacroix,True,37:10,6-9,1-2,1-2,3.0,6.0,1.0,5.0,2.0,2.0,5.0,14.0
2015-G07,2015,7,2014-11-30,P007,Owen Quintero,False,DNP,,,,,,,,,,,
2015-G07,2015,7,2014-11-30,P009,Cole Yamamoto,False,DNP,,,,,,,,,,,
2015-G07,2015,7,2014-11-30,P011,Moussa Novotny,True,31:58,4-8,1-3,2-2,1.0,5.0,2.0,3.0,0.0,1.0,0.0,11.0
2015-G07,2015,7,2014-11-30,P012,Marcus Jankowski,True,19:35,1-5,1-3,1-1,3.0,1.0,1.0,1.0,0.0,0.0,2.0,4.0
2015-G07,2015,7,2014-11-30,P013,Quentin Fontaine,False,17:19,3-3,0-0,0-1,0.0,2.0,0.0,2.0,1.0,0.0,0.0,6.0
2015-G07,2015,7,2014-11-30,P014,Zavier Delacroix,False,9:48,0-3,0-2,0-0,0.0,0.0,0.0,0.0,0.0,0.0,1.0,0.0
2015-G07,2015,7,2014-11-30,P015,Ronan Halvorsen,True,35:23,7-12,1-1,2-2,1.0,6.0,0.0,3.0,2.0,1.0,2.0,17.0
2015-G08,2015,8,2014-12-04,P001,Desmond Farrier,False,DNP,,,,,,,,,,,
2015-G08,2015,8,2014-12-04,P002,Trey Ibarra,False,16:21,1-4,0-1,1-2,0.0,0.0,0.0,0.0,2.0,0.0,1.0,3.0
2015-G08,2015,8,2014-12-04,P003,Caleb Stankovic,True,24:12,3-4,0-1,1-1,0.0,9.0,1.0,0.0,0.0,0.0,2.0,7.0
2015-G08,2015,8,2014-12-04,P004,Silas Baptiste,False,DNP,,,,,,,,,,,
2015-G08,2015,8,2014-12-04,P005,Nolan Abrams,False,DNP,,,,,,,,,,,
2015-G08,2015,8,2014-12-04,P006,Tobias Delacroix,True,39:09,8-13,1-2,2-3,1.0,5.0,1.0,3.0,0.0,1.0,1.0,19.0
2015-G08,2015,8,2014-12-04,P007,Owen Quintero,False,19:56,2-4,1-2,2-3,0.0,0.0,2.0,0.0,0.0,0.0,2.0,7.0
2015-G08,2015,8,2014-12-04,P009,Cole Yamamoto,False,11:29,2-2,1-1,2-3,0.0,1.0,0.0,1.0,0.0,0.0,0.0,7.0
2015-G08,2015,8,2014-12-04,P011,Moussa Novotny,True,39:09,9-13,3-5,2-2,2.0,4.0,2.0,2.0,2.0,0.0,4.0,23.0
2015-G08,2015,8,2014-12-04,P012,Marcus Jankowski,True,20:56,3-8,1-4,2-3,2.0,1.0,1.0,1.0,0.0,0.0,2.0,9.0
2015-G08,2015,8,2014-12-04,P013,Quentin Fontaine,False,DNP,,,,,,,,,,,
2015-G08,2015,8,2014-12-04,P014,Zavier Delacroix,False,DNP,,,,,,,,,,,
2015-G08,2015,8,2014-12-04,P015,Ronan Halvorsen,True,28:48,4-9,0-1,2-2,2.0,6.0,0.0,1.0,1.0,0.0,1.0,10.0
2015-G09,2015,9,2014-12-08,P001,Desmond Farrier,False,DNP,,,,,,,,,,,
2015-G09,2015,9,2014-12-08,P002,Trey Ibarra,False,DNP,,,,,,,,,,,
2015-G09,2015,9,2014-12-08,P003,Caleb Stankovic,True,24:46,0-5,0-1,2-3,0.0,5.0,0.0,0.0,1.0,0.0,5.0,2.0
2015-G09,2015,9,2014-12-08,P004,Silas Baptiste,False,DNP,,,,,,,,,,,
2015-G09,2015,9,2014-12-08,P005,Nolan Abrams,False,DNP,,,,,,,,,,,
2015-G09,2015,9,2014-12-08,P006,Tobias Delacroix,True,38:26,6-11,0-1,0-1,4.0,4.0,0.0,1.0,1.0,0.0,5.0,12.0
2015-G09,2015,9,2014-12-08,P007,Owen Quintero,False,21:11,3-5,1-2,0-0,0.0,0.0,2.0,2.0,0.0,0.0,5.0,7.0
2015-G09,2015,9,2014-12-08,P009,Cole Yamamoto,False,DNP,,,,,,,,,,,
2015-G09,2015,9,2014-12-08,P011,Moussa Novotny,True,35:36,10-14,2-5,0-3,3.0,4.0,3.0,2.0,1.0,0.0,4.0,22.0
2015-G09,2015,9,2014-12-08,P012,Marcus Jankowski,True,19:34,3-8,1-3,3-3,1.0,1.0,1.0,1.0,1.0,0.0,0.0,10.0
2015-G09,2015,9,2014-12-08,P013,Quentin Fontaine,False,19:12,1-2,0-0,1-1,2.0,2.0,3.0,1.0,0.0,0.0,3.0,3.0
2015-G09,2015,9,2014-12-08,P014,Zavier Delacroix,False,10:12,1-2,0-1,1-1,0.0,1.0,2.0,1.0,0.0,0.0,2.0,3.0
2015-G09,2015,9,2014-12-08,P015,Ronan Halvorsen,True,31:03,8-13,1-2,5-5,1.0,7.0,5.0,1.0,0.0,3.0,1.0,22.0
2015-G10,2015,10,2014-12-12,P001,Desmond Farrier,False,DNP,,,,,,,,,,,
2015-G10,2015,10,2014-12-12,P002,Trey Ibarra,False,19:08,1-3,0-1,4-4,1.0,5.0,1.0,0.0,0.0,0.0,4.0,6.0
2015-G10,2015,10,2014-12-12,P003,Caleb Stankovic,True,25:11,2-2,1-1,0-0,2.0,3.0,1.0,0.0,1.0,0.0,2.0,5.0
2015-G10,2015,10,2014-12-12,P004,Silas Baptiste,False,DNP,,,,,,,,,,,
2015-G10,2015,10,2014-12-12,P005,Nolan Abrams,False,11:33,2-4,1-2,1-2,0.0,0.0,0.0,1.0,1.0,0.0,2.0,6.0
2015-G10,2015,10,2014-12-12,P006,Tobias Delacroix,True,37:11,6-11,0-1,6-6,1.0,3.0,1.0,4.0,0.0,4.0,5.0,18.0
2015-G10,2015,10,2014-12-12,P007,Owen Quintero,False,DNP,,,,,,,,,,,
2015-G10,2015,10,2014-12-12,P009,Cole Yamamoto,False,DNP,,,,,,,,,,,
2015-G10,2015,10,2014-12-12,P011,Moussa Novotny,True,36:44,8-13,4-5,4-4,1.0,5.0,1.0,3.0,0.0,0.0,2.0,24.0
2015-G10,2015,10,2014-12-12,P012,Marcus Jankowski,True,22:31,5-8,3-4,1-1,3.0,4.0,0.0,2.0,2.0,1.0,3.0,14.0
2015-G10,2015,10,2014-12-12,P013,Quentin Fontaine,False,16:01,4-6,0-0,4-5,1.0,1.0,0.0,0.0,1.0,0.0,1.0,12.0
2015-G10,2015,10,2014-12-12,P014,Zavier Delacroix,False,DNP,,,,,,,,,,,
2015-G10,2015,10,2014-12-12,P015,Ronan Halvorsen,True,31:42,10-11,0-1,3-4,3.0,7.0,2.0,2.0,0.0,1.0,3.0,23.0
2015-G11,2015,11,2014-12-16,P001,Desmond Farrier,False,3:39,0-0,0-0,0-0,0.0,0.0,0.0,0.0,0.0,0.0,0.0,0.0
2015-G11,2015,11,2014-12-16,P002,Trey Ibarra,False,16:05,3-6,0-2,1-1,0.0,1.0,1.0,0.0,0.0,0.0,2.0,7.0
2015-G11,2015,11,2014-12-16,P003,Caleb Stankovic,True,21:18,0-1,0-0,1-2,0.0,2.0,3.0,0.0,0.0,0.0,5.0,1.0
2015-G11,2015,11,2014-12-16,P004,Silas Baptiste,False,DNP,,,,,,,,,,,
2015-G11,2015,11,2014-12-16,P005,Nolan Abrams,False,9:39,2-5,1-3,0-0,0.0,1.0,0.0,0.0,0.0,0.0,1.0,5.0
2015-G11,2015,11,2014-12-16,P006,Tobias Delacroix,True,36:47,6-11,0-1,2-3,4.0,7.0,1.0,3.0,1.0,1.0,2.0,14.0
2015-G11,2015,11,2014-12-16,P007,Owen Quintero,False,15:44,1-2,1-1,0-0,1.0,1.0,1.0,1.0,1.0,0.0,1.0,3.0
2015-G11,2015,11,2014-12-16,P009,Cole Yamamoto,False,DNP,,,,,,,,,,,
2015-G11,2015,11,2014-12-16,P011,Moussa Novotny,True,33:23,9-13,1-4,2-3,3.0,4.0,0.0,1.0,1.0,0.0,2.0,21.0
2015-G11,2015,11,2014-12-16,P012,Marcus Jankowski,True,21:18,3-6,1-2,3-3,0.0,2.0,0.0,4.0,0.0,0.0,0.0,10.0
2015-G11,2015,11,2014-12-16,P013,Quentin Fontaine,False,DNP,,,,,,,,,,,
2015-G11,2015,11,2014-12-16,P014,Zavier Delacroix,False,11:14,1-1,1-1,0-0,0.0,0.0,2.0,1.0,2.0,0.0,3.0,3.0
2015-G11,2015,11,2014-12-16,P015,Ronan Halvorsen,True,30:53,6-9,0-1,2-2,2.0,2.0,2.0,0.0,1.0,1.0,4.0,14.0
2015-G12,2015,12,2014-12-20,P001,Desmond Farrier,False,DNP,,,,,,,,,,,
2015-G12,2015,12,2014-12-20,P002,Trey Ibarra,False,18:34,0-1,0-0,1-2,2.0,2.0,1.0,0.0,1.0,0.0,2.0,1.0
2015-G12,2015,12,2014-12-20,P003,Caleb Stankovic,True,24:18,2-5,0-1,0-0,1.0,5.0,2.0,0.0,0.0,0.0,1.0,4.0
2015-G12,2015,12,2014-12-20,P004,Silas Baptiste,False,DNP,,,,,,,,,,,
2015-G12,2015,12,2014-12-20,P005,Nolan Abrams,False,DNP,,,,,,,,,,,
2015-G12,2015,12,2014-12-20,P006,Tobias Delacroix,True,32:21,4-6,0-1,1-1,4.0,1.0,2.0,1.0,0.0,2.0,2.0,9.0
2015-G12,2015,12,2014-12-20,P007,Owen Quintero,False,15:23,1-4,0-2,2-2,1.0,1.0,0.0,1.0,2.0,0.0,2.0,4.0
2015-G12,2015,12,2014-12-20,P009,Cole Yamamoto,False,10:37,1-3,1-1,0-0,0.0,0.0,0.0,0.0,0.0,2.0,0.0,3.0
2015-G12,2015,12,2014-12-20,P011,Moussa Novotny,True,30:16,5-10,0-3,2-2,1.0,7.0,1.0,1.0,1.0,1.0,1.0,12.0
2015-G12,2015,12,2014-12-20,P012,Marcus Jankowski,True,23:36,1-8,1-4,1-2,2.0,3.0,0.0,2.0,1.0,0.0,1.0,4.0
2015-G12,2015,12,2014-12-20,P013,Quentin Fontaine,False,DNP,,,,,,,,,,,
2015-G12,2015,12,2014-12-20,P014,Zavier Delacroix,False,10:51,2-2,1-1,0-3,2.0,0.0,2.0,0.0,0.0,1.0,0.0,5.0
2015-G12,2015,12,2014-12-20,P015,Ronan Halvorsen,True,34:04,5-13,1-1,3-4,3.0,4.0,2.0,3.0,4.0,2.0,2.0,14.0
2015-G13,2015,13,2014-12-24,P001,Desmond Farrier,False,4:42,0-0,0-0,0-0,0.0,2.0,1.0,0.0,1.0,0.0,0.0,0.0
2015-G13,2015,13,2014-12-24,P002,Trey Ibarra,False,17:32,2-4,2-2,1-2,0.0,4.0,2.0,0.0,0.0,0.0,0.0,7.0
2015-G13,2015,13,2014-12-24,P003,Caleb Stankovic,True,26:15,3-6,1-2,2-2,1.0,1.0,0.0,2.0,0.0,0.0,2.0,9.0
2015-G13,2015,13,2014-12-24,P004,Silas Baptiste,False,4:04,0-0,0-0,0-1,0.0,0.0,1.0,1.0,0.0,0.0,0.0,0.0
2015-G13,2015,13,2014-12-24,P005,Nolan Abrams,False,DNP,,,,,,,,,,,
2015-G13,2015,13,2014-12-24,P006,Tobias Delacroix,True,34:00,8-11,1-2,3-3,1.0,4.0,2.0,1.0,1.0,1.0,5.0,20.0
2015-G13,2015,13,2014-12-24,P007,Owen Quintero,False,15:30,1-5,1-3,1-1,0.0,0.0,1.0,1.0,1.0,0.0,0.0,4.0
2015-G13,2015,13,2014-12-24,P009,Cole Yamamoto,False,11:30,3-4,2-2,4-4,0.0,2.0,0.0,1.0,0.0,1.0,0.0,12.0
2015-G13,2015,13,2014-12-24,P011,Moussa Novotny,True,34:57,6-12,3-5,3-4,2.0,4.0,2.0,2.0,1.0,2.0,0.0,18.0
2015-G13,2015,13,2014-12-24,P012,Marcus Jankowski,True,23:54,3-8,1-3,0-0,0.0,2.0,2.0,1.0,0.0,0.0,0.0,7.0
2015-G13,2015,13,2014-12-24,P013,Quentin Fontaine,False,DNP,,,,,,,,,,,
2015-G13,2015,13,2014-12-24,P014,Zavier Delacroix,False,DNP,,,,,,,,,,,
2015-G13,2015,13,2014-12-24,P015,Ronan Halvorsen,True,27:36,5-9,0-1,6-6,2.0,6.0,2.0,3.0,2.0,1.0,2.0,16.0
2015-G14,2015,14,2014-12-28,P001,Desmond Farrier,False,DNP,,,,,,,,,,,
2015-G14,2015,14,2014-12-28,P002,Trey Ibarra,False,20:40,3-3,1-1,1-1,1.0,2.0,1.0,1.0,0.0,2.0,2.0,8.0
2015-G14,2015,14,2014-12-28,P003,Caleb Stankovic,True,29:12,2-5,1-2,4-4,2.0,3.0,0.0,4.0,1.0,2.0,1.0,9.0
2015-G14,2015,14,2014-12-28,P004,Silas Baptiste,False,DNP,,,,,,,,,,,
2015-G14,2015,14,2014-12-28,P005,Nolan Abrams,False,DNP,,,,,,,,,,,
2015-G14,2015,14,2014-12-28,P006,Tobias Delacroix,True,37:05,12-13,1-1,1-1,2.0,5.0,2.0,3.0,1.0,2.0,2.0,26.0
2015-G14,2015,14,2014-12-28,P007,Owen Quintero,False,DNP,,,,,,,,,,,
2015-G14,2015,14,2014-12-28,P009,Cole Yamamoto,False,DNP,,,,,,,,,,,
2015-G14,2015,14,2014-12-28,P011,Moussa Novotny,True,36:52,6-12,2-5,2-3,1.0,2.0,0.0,3.0,2.0,0.0,2.0,16.0
2015-G14,2015,14,2014-12-28,P012,Marcus Jankowski,True,19:06,1-7,1-3,1-2,1.0,4.0,0.0,3.0,2.0,0.0,0.0,4.0
2015-G14,2015,14,2014-12-28,P013,Quentin Fontaine,False,15:23,3-4,0-0,0-1,1.0,2.0,2.0,0.0,1.0,0.0,3.0,6.0
2015-G14,2015,14,2014-12-28,P014,Zavier Delacroix,False,12:52,1-2,0-1,0-0,0.0,0.0,1.0,4.0,0.0,0.0,1.0,2.0
2015-G14,2015,14,2014-12-28,P015,Ronan Halvorsen,True,28:50,7-8,0-1,1-1,1.0,6.0,6.0,2.0,2.0,2.0,3.0,15.0
2015-G15,2015,15,2015-01-01,P001,Desmond Farrier,False,4:04,0-0,0-0,0-1,0.0,2.0,0.0,0.0,1.0,0.0,0.0,0.0
2015-G15,2015,15,2015-01-01,P002,Trey Ibarra,False,17:29,1-4,1-2,2-2,1.0,1.0,0.0,0.0,0.0,1.0,0.0,5.0
2015-G15,2015,15,2015-01-01,P003,Caleb Stankovic,True,28:20,1-7,0-1,3-3,1.0,4.0,2.0,1.0,1.0,0.0,2.0,5.0
2015-G15,2015,15,2015-01-01,P004,Silas Baptiste,False,4:24,0-0,0-0,0-0,0.0,0.0,1.0,0.0,0.0,0.0,0.0,0.0
2015-G15,2015,15,2015-01-01,P005,Nolan Abrams,False,DNP,,,,,,,,,,,
2015-G15,2015,15,2015-01-01,P006,Tobias Delacroix,True,34:37,4-11,0-2,3-4,1.0,6.0,3.0,4.0,1.0,2.0,4.0,11.0
2015-G15,2015,15,2015-01-01,P007,Owen Quintero,False,DNP,,,,,,,,,,,
2015-G15,2015,15,2015-01-01,P009,Cole Yamamoto,False,DNP,,,,,,,,,,,
2015-G15,2015,15,2015-01-01,P011,Moussa Novotny,True,35:28,5-13,1-5,4-4,2.0,6.0,0.0,1.0,0.0,0.0,1.0,15.0
2015-G15,2015,15,2015-01-01,P012,Marcus Jankowski,True,17:57,5-6,2-3,3-5,0.0,1.0,1.0,2.0,1.0,0.0,4.0,15.0
2015-G15,2015,15,2015-01-01,P013,Quentin Fontaine,False,17:02,2-4,0-0,3-4,0.0,3.0,0.0,1.0,1.0,1.0,4.0,7.0
2015-G15,2015,15,2015-01-01,P014,Zavier Delacroix,False,12:18,0-0,0-0,0-1,1.0,0.0,3.0,1.0,0.0,1.0,0.0,0.0
2015-G15,2015,15,2015-01-01,P015,Ronan Halvorsen,True,28:21,4-10,1-1,5-5,2.0,3.0,1.0,0.0,0.0,1.0,3.0,14.0
2015-G16,2015,16,2015-01-05,P001,Desmond Farrier,False,DNP,,,,,,,,,,,
2015-G16,2015,16,2015-01-05,P002,Trey Ibarra,False,16:08,3-3,1-1,0-0,1.0,3.0,1.0,0.0,0.0,2.0,2.0,7.0
2015-G16,2015,16,2015-01-05,P003,Caleb Stankovic,True,27:56,3-8,2-3,2-2,2.0,3.0,1.0,0.0,2.0,0.0,1.0,10.0
2015-G16,2015,16,2015-01-05,P004,Silas Baptiste,False,DNP,,,,,,,,,,,
2015-G16,2015,16,2015-01-05,P005,Nolan Abrams,False,DNP,,,,,,,,,,,
2015-G16,2015,16,2015-01-05,P006,Tobias Delacroix,True,36:34,7-12,1-1,1-4,6.0,8.0,0.0,3.0,2.0,1.0,0.0,16.0
2015-G16,2015,16,2015-01-05,P007,Owen Quintero,False,18:17,2-5,0-2,0-0,1.0,2.0,2.0,1.0,0.0,1.0,2.0,4.0
2015-G16,2015,16,2015-01-05,P009,Cole Yamamoto,False,10:12,2-4,1-2,0-1,0.0,0.0,0.0,1.0,0.0,0.0,2.0,5.0
2015-G16,2015,16,2015-01-05,P011,Moussa Novotny,True,34:27,11-12,4-4,4-4,3.0,9.0,0.0,1.0,0.0,0.0,1.0,30.0
2015-G16,2015,16,2015-01-05,P012,Marcus Jankowski,True,19:15,3-6,1-3,2-3,2.0,3.0,0.0,0.0,0.0,0.0,2.0,9.0
2015-G16,2015,16,2015-01-05,P013,Quentin Fontaine,False,18:37,3-5,0-0,2-3,2.0,3.0,2.0,2.0,1.0,1.0,1.0,8.0
2015-G16,2015,16,2015-01-05,P014,Zavier Delacroix,False,10:54,2-2,1-1,1-2,0.0,0.0,1.0,0.0,0.0,0.0,0.0,6.0
2015-G16,2015,16,2015-01-05,P015,Ronan Halvorsen,True,32:41,4-10,1-1,4-4,2.0,6.0,3.0,2.0,1.0,6.0,1.0,13.0
2015-G17,2015,17,2015-01-09,P001,Desmond Farrier,False,DNP,,,,,,,,,,,
2015-G17,2015,17,2015-01-09,P002,Trey Ibarra,False,14:54,1-2,0-1,1-2,1.0,2.0,1.0,2.0,0.0,0.0,1.0,3.0
2015-G17,2015,17,2015-01-09,P003,Caleb Stankovic,True,26:26,1-4,0-1,1-1,0.0,3.0,0.0,0.0,0.0,1.0,1.0,3.0
2015-G17,2015,17,2015-01-09,P004,Silas Baptiste,False,DNP,,,,,,,,,,,
2015-G17,2015,17,2015-01-09,P005,Nolan Abrams,False,8:32,0-4,0-3,2-4,0.0,0.0,0.0,0.0,1.0,1.0,0.0,2.0
2015-G17,2015,17,2015-01-09,P006,Tobias Delacroix,True,35:16,4-10,0-1,1-2,3.0,3.0,5.0,0.0,0.0,0.0,3.0,9.0
2015-G17,2015,17,2015-01-09,P007,Owen Quintero,False,18:38,1-6,0-4,2-2,2.0,0.0,4.0,1.0,1.0,0.0,1.0,4.0
2015-G17,2015,17,2015-01-09,P009,Cole Yamamoto,False,DNP,,,,,,,,,,,
2015-G17,2015,17,2015-01-09,P011,Moussa Novotny,True,28:47,5-9,2-4,2-3,2.0,2.0,2.0,2.0,1.0,0.0,1.0,14.0
2015-G17,2015,17,2015-01-09,P012,Marcus Jankowski,True,22:53,5-8,2-3,2-2,0.0,2.0,1.0,3.0,2.0,1.0,1.0,14.0
2015-G17,2015,17,2015-01-09,P013,Quentin Fontaine,False,14:14,1-2,0-0,0-0,2.0,2.0,1.0,3.0,0.0,0.0,3.0,2.0
2015-G17,2015,17,2015-01-09,P014,Zavier Delacroix,False,DNP,,,,,,,,,,,
2015-G17,2015,17,2015-01-09,P015,Ronan Halvorsen,True,30:20,5-12,1-2,4-4,6.0,2.0,1.0,0.0,3.0,1.0,1.0,15.0
2015-G18,2015,18,2015-01-13,P001,Desmond Farrier,False,DNP,,,,,,,,,,,
2015-G18,2015,18,2015-01-13,P002,Trey Ibarra,False,16:38,3-3,1-1,1-1,1.0,2.0,2.0,1.0,0.0,0.0,2.0,8.0
2015-G18,2015,18,2015-01-13,P003,Caleb Stankovic,True,22:30,2-4,0-1,1-1,0.0,4.0,2.0,2.0,0.0,0.0,2.0,5.0
2015-G18,2015,18,2015-01-13,P004,Silas Baptiste,False,DNP,,,,,,,,,,,
2015-G18,2015,18,2015-01-13,P005,Nolan Abrams,False,DNP,,,,,,,,,,,
2015-G18,2015,18,2015-01-13,P006,Tobias Delacroix,True,38:04,11-13,0-2,2-4,2.0,8.0,1.0,3.0,0.0,4.0,1.0,24.0
2015-G18,2015,18,2015-01-13,P007,Owen Quintero,False,18:33,5-6,3-3,1-1,0.0,0.0,0.0,3.0,1.0,0.0,4.0,14.0
2015-G18,2015,18,2015-01-13,P009,Cole Yamamoto,False,12:15,0-3,0-1,1-3,0.0,1.0,0.0,1.0,2.0,0.0,1.0,1.0
2015-G18,2015,18,2015-01-13,P011,Moussa Novotny,True,33:25,10-14,5-5,4-5,0.0,5.0,0.0,3.0,0.0,0.0,3.0,29.0
2015-G18,2015,18,2015-01-13,P012,Marcus Jankowski,True,23:27,4-5,2-2,3-4,2.0,3.0,0.0,0.0,0.0,0.0,2.0,13.0
2015-G18,2015,18,2015-01-13,P013,Quentin Fontaine,False,DNP,,,,,,,,,,,
2015-G18,2015,18,2015-01-13,P014,Zavier Delacroix,False,DNP,,,,,,,,,,,
2015-G18,2015,18,2015-01-13,P015,Ronan Halvorsen,True,35:08,9-15,0-2,5-6,1.0,5.0,4.0,1.0,1.0,2.0,4.0,23.0
2015-G19,2015,19,2015-01-17,P001,Desmond Farrier,False,DNP,,,,,,,,,,,
2015-G19,2015,19,2015-01-17,P002,Trey Ibarra,False,14:06,1-3,1-1,0-0,1.0,3.0,1.0,0.0,0.0,0.0,0.0,3.0
2015-G19,2015,19,2015-01-17,P003,Caleb Stankovic,True,21:37,0-4,0-1,1-1,0.0,2.0,2.0,0.0,4.0,0.0,4.0,1.0
2015-G19,2015,19,2015-01-17,P004,Silas Baptiste,False,4:32,1-1,1-1,0-2,0.0,0.0,1.0,1.0,0.0,0.0,0.0,3.0
2015-G19,2015,19,2015-01-17,P005,Nolan Abrams,False,8:53,1-4,0-2,0-3,1.0,0.0,0.0,0.0,1.0,0.0,1.0,2.0
2015-G19,2015,19,2015-01-17,P006,Tobias Delacroix,True,35:20,7-13,1-1,5-5,4.0,5.0,0.0,4.0,3.0,2.0,0.0,20.0
2015-G19,2015,19,2015-01-17,P007,Owen Quintero,False,14:35,1-4,1-2,0-0,0.0,0.0,4.0,0.0,0.0,0.0,3.0,3.0
2015-G19,2015,19,2015-01-17,P009,Cole Yamamoto,False,DNP,,,,,,,,,,,
2015-G19,2015,19,2015-01-17,P011,Moussa Novotny,True,30:07,6-10,2-4,2-4,1.0,1.0,1.0,3.0,0.0,1.0,4.0,16.0
2015-G19,2015,19,2015-01-17,P012,Marcus Jankowski,True,16:39,1-6,0-3,2-2,1.0,3.0,1.0,0.0,0.0,0.0,0.0,4.0
2015-G19,2015,19,2015-01-17,P013,Quentin Fontaine,False,15:51,4-6,0-0,1-3,0.0,2.0,0.0,0.0,2.0,0.0,1.0,9.0
2015-G19,2015,19,2015-01-17,P014,Zavier Delacroix,False,10:39,1-2,1-1,1-1,0.0,0.0,2.0,0.0,0.0,0.0,3.0,4.0
2015-G19,2015,19,2015-01-17,P015,Ronan Halvorsen,True,27:41,4-9,1-1,1-1,1.0,5.0,1.0,3.0,2.0,0.0,0.0,10.0
2015-G20,2015,20,2015-01-21,P001,Desmond Farrier,False,4:52,0-1,0-0,0-0,0.0,1.0,0.0,1.0,0.0,0.0,0.0,0.0
2015-G20,2015,20,2015-01-21,P002,Trey Ibarra,False,17:30,1-2,1-1,0-0,0.0,2.0,1.0,1.0,0.0,0.0,2.0,3.0
2015-G20,2015,20,2015-01-21,P003,Caleb Stankovic,True,24:17,3-6,0-1,1-2,3.0,8.0,2.0,1.0,1.0,2.0,1.0,7.0
2015-G20,2015,20,2015-01-21,P004,Silas Baptiste,False,DNP,,,,,,,,,,,
2015-G20,2015,20,2015-01-21,P005,Nolan Abrams,False,10:23,1-1,0-0,0-0,0.0,0.0,3.0,0.0,0.0,2.0,0.0,2.0
2015-G20,2015,20,2015-01-21,P006,Tobias Delacroix,True,37:09,6-11,0-2,3-3,4.0,8.0,0.0,1.0,1.0,1.0,2.0,15.0
2015-G20,2015,20,2015-01-21,P007,Owen Quintero,False,DNP,,,,,,,,,,,
2015-G20,2015,20,2015-01-21,P009,Cole Yamamoto,False,12:29,1-4,0-2,2-2,0.0,2.0,0.0,0.0,0.0,0.0,0.0,4.0
2015-G20,2015,20,2015-01-21,P011,Moussa Novotny,True,36:49,7-12,2-5,6-6,4.0,4.0,0.0,1.0,2.0,0.0,3.0,22.0
2015-G20,2015,20,2015-01-21,P012,Marcus Jankowski,True,20:30,3-6,1-3,2-3,0.0,2.0,3.0,1.0,1.0,0.0,0.0,9.0
2015-G20,2015,20,2015-01-21,P013,Quentin Fontaine,False,DNP,,,,,,,,,,,
2015-G20,2015,20,2015-01-21,P014,Zavier Delacroix,False,DNP,,,,,,,,,,,
2015-G20,2015,20,2015-01-21,P015,Ronan Halvorsen,True,36:01,7-13,0-1,3-3,2.0,4.0,1.0,4.0,1.0,2.0,2.0,17.0
2015-G21,2015,21,2015-01-25,P001,Desmond Farrier,False,3:50,0-0,0-0,0-0,0.0,0.0,1.0,0.0,0.0,0.0,0.0,0.0
2015-G21,2015,21,2015-01-25,P002,Trey Ibarra,False,14:27,1-2,1-1,3-3,0.0,1.0,1.0,2.0,0.0,0.0,0.0,6.0
2015-G21,2015,21,2015-01-25,P003,Caleb Stankovic,True,25:42,2-8,0-2,3-3,1.0,4.0,3.0,4.0,0.0,0.0,3.0,7.0
2015-G21,2015,21,2015-01-25,P004,Silas Baptiste,False,4:29,0-0,0-0,0-0,0.0,0.0,0.0,0.0,0.0,0.0,1.0,0.0
2015-G21,2015,21,2015-01-25,P005,Nolan Abrams,False,DNP,,,,,,,,,,,
2015-G21,2015,21,2015-01-25,P006,Tobias Delacroix,True,32:17,4-7,0-1,0-0,3.0,3.0,3.0,1.0,1.0,2.0,3.0,8.0
2015-G21,2015,21,2015-01-25,P007,Owen Quintero,False,17:29,3-5,2-3,0-0,1.0,0.0,2.0,1.0,1.0,0.0,0.0,8.0
2015-G21,2015,21,2015-01-25,P009,Cole Yamamoto,False,DNP,,,,,,,,,,,
2015-G21,2015,21,2015-01-25,P011,Moussa Novotny,True,31:43,5-12,1-5,6-6,1.0,3.0,1.0,3.0,0.0,0.0,4.0,17.0
2015-G21,2015,21,2015-01-25,P012,Marcus Jankowski,True,16:44,4-7,2-3,2-2,2.0,1.0,1.0,1.0,0.0,1.0,0.0,12.0
2015-G21,2015,21,2015-01-25,P013,Quentin Fontaine,False,15:35,1-2,0-0,0-1,0.0,0.0,0.0,2.0,0.0,1.0,1.0,2.0
2015-G21,2015,21,2015-01-25,P014,Zavier Delacroix,False,11:07,1-4,1-3,0-1,0.0,1.0,1.0,0.0,0.0,0.0,1.0,3.0
2015-G21,2015,21,2015-01-25,P015,Ronan Halvorsen,True,26:38,4-9,0-1,3-3,0.0,2.0,1.0,2.0,2.0,0.0,2.0,11.0
2015-G22,2015,22,2015-01-29,P001,Desmond Farrier,False,DNP,,,,,,,,,,,
2015-G22,2015,22,2015-01-29,P002,Trey Ibarra,False,18:56,2-2,1-1,0-0,0.0,3.0,1.0,2.0,0.0,0.0,0.0,5.0
2015-G22,2015,22,2015-01-29,P003,Caleb Stankovic,True,25:49,4-6,1-2,1-1,0.0,3.0,2.0,0.0,0.0,0.0,1.0,10.0
2015-G22,2015,22,2015-01-29,P004,Silas Baptiste,False,DNP,,,,,,,,,,,
2015-G22,2015,22,2015-01-29,P005,Nolan Abrams,False,DNP,,,,,,,,,,,
2015-G22,2015,22,2015-01-29,P006,Tobias Delacroix,True,38:14,7-14,0-2,4-5,1.0,10.0,2.0,2.0,0.0,0.0,0.0,18.0
2015-G22,2015,22,2015-01-29,P007,Owen Quintero,False,18:20,2-3,1-1,1-1,0.0,3.0,3.0,0.0,3.0,1.0,1.0,6.0
2015-G22,2015,22,2015-01-29,P009,Cole Yamamoto,False,DNP,,,,,,,,,,,
2015-G22,2015,22,2015-01-29,P011,Moussa Novotny,True,32:31,10-14,5-5,5-5,0.0,2.0,2.0,4.0,2.0,0.0,4.0,30.0
2015-G22,2015,22,2015-01-29,P012,Marcus Jankowski,True,18:11,3-8,1-3,1-1,1.0,2.0,0.0,2.0,0.0,0.0,2.0,8.0
2015-G22,2015,22,2015-01-29,P013,Quentin Fontaine,False,14:46,1-5,0-0,0-0,1.0,3.0,0.0,1.0,1.0,1.0,1.0,2.0
2015-G22,2015,22,2015-01-29,P014,Zavier Delacroix,False,DNP,,,,,,,,,,,
2015-G22,2015,22,2015-01-29,P015,Ronan Halvorsen,True,33:11,7-13,1-2,4-4,2.0,6.0,2.0,1.0,0.0,1.0,3.0,19.0
2015-G23,2015,23,2015-02-02,P001,Desmond Farrier,False,DNP,,,,,,,,,,,
2015-G23,2015,23,2015-02-02,P002,Trey Ibarra,False,17:34,1-4,0-2,1-1,0.0,3.0,1.0,3.0,3.0,0.0,0.0,3.0
2015-G23,2015,23,2015-02-02,P003,Caleb Stankovic,True,20:59,3-6,0-2,3-3,3.0,1.0,1.0,1.0,1.0,0.0,1.0,9.0
2015-G23,2015,23,2015-02-02,P004,Silas Baptiste,False,3:58,0-0,0-0,0-0,1.0,1.0,1.0,0.0,0.0,0.0,1.0,0.0
2015-G23,2015,23,2015-02-02,P005,Nolan Abrams,False,9:39,1-2,1-1,0-0,0.0,1.0,1.0,0.0,0.0,0.0,1.0,3.0
2015-G23,2015,23,2015-02-02,P006,Tobias Delacroix,True,36:10,6-10,1-2,4-4,3.0,8.0,0.0,4.0,2.0,2.0,1.0,17.0
2015-G23,2015,23,2015-02-02,P007,Owen Quintero,False,DNP,,,,,,,,,,,
2015-G23,2015,23,2015-02-02,P009,Cole Yamamoto,False,9:04,0-0,0-0,0-1,1.0,1.0,0.0,0.0,0.0,0.0,0.0,0.0
2015-G23,2015,23,2015-02-02,P011,Moussa Novotny,True,28:46,8-10,4-4,0-0,1.0,1.0,1.0,1.0,1.0,0.0,2.0,20.0
2015-G23,2015,23,2015-02-02,P012,Marcus Jankowski,True,17:08,4-6,2-3,2-2,0.0,3.0,0.0,0.0,0.0,0.0,2.0,12.0
2015-G23,2015,23,2015-02-02,P013,Quentin Fontaine,False,13:23,1-3,0-0,0-0,3.0,0.0,1.0,2.0,0.0,0.0,2.0,2.0
2015-G23,2015,23,2015-02-02,P014,Zavier Delacroix,False,11:09,0-2,0-1,0-0,0.0,0.0,1.0,1.0,1.0,0.0,1.0,0.0
2015-G23,2015,23,2015-02-02,P015,Ronan Halvorsen,True,32:10,8-12,1-2,3-4,3.0,6.0,1.0,0.0,1.0,2.0,1.0,20.0
2015-G24,2015,24,2015-02-06,P001,Desmond Farrier,False,4:02,0-1,0-0,1-1,0.0,1.0,1.0,0.0,0.0,1.0,1.0,1.0
2015-G24,2015,24,2015-02-06,P002,Trey Ibarra,False,17:32,2-3,0-1,0-1,3.0,3.0,0.0,0.0,1.0,0.0,1.0,4.0
2015-G24,2015,24,2015-02-06,P003,Caleb Stankovic,True,21:21,3-4,0-1,1-1,0.0,4.0,2.0,3.0,0.0,1.0,4.0,7.0
2015-G24,2015,24,2015-02-06,P004,Silas Baptiste,False,4:14,0-0,0-0,0-0,0.0,0.0,1.0,0.0,0.0,0.0,2.0,0.0
2015-G24,2015,24,2015-02-06,P005,Nolan Abrams,False,10:23,6-6,3-3,1-1,1.0,0.0,0.0,0.0,1.0,0.0,0.0,16.0
2015-G24,2015,24,2015-02-06,P006,Tobias Delacroix,True,38:20,8-14,1-2,3-4,1.0,4.0,3.0,2.0,2.0,1.0,5.0,20.0
2015-G24,2015,24,2015-02-06,P007,Owen Quintero,False,16:05,2-4,1-2,0-2,1.0,0.0,5.0,2.0,1.0,0.0,0.0,5.0
2015-G24,2015,24,2015-02-06,P009,Cole Yamamoto,False,11:41,1-2,0-1,0-0,2.0,0.0,0.0,3.0,0.0,0.0,1.0,2.0
2015-G24,2015,24,2015-02-06,P011,Moussa Novotny,True,28:31,3-8,2-4,0-1,1.0,4.0,2.0,0.0,2.0,0.0,0.0,8.0
2015-G24,2015,24,2015-02-06,P012,Marcus Jankowski,True,19:55,3-8,0-3,3-3,1.0,3.0,0.0,1.0,1.0,1.0,3.0,9.0
2015-G24,2015,24,2015-02-06,P013,Quentin Fontaine,False,DNP,,,,,,,,,,,
2015-G24,2015,24,2015-02-06,P014,Zavier Delacroix,False,DNP,,,,,,,,,,,
2015-G24,2015,24,2015-02-06,P015,Ronan Halvorsen,True,27:57,5-11,1-1,5-5,2.0,6.0,1.0,1.0,0.0,2.0,4.0,16.0
2015-G25,2015,25,2015-02-10,P001,Desmond Farrier,False,DNP,,,,,,,,,,,
2015-G25,2015,25,2015-02-10,P002,Trey Ibarra,False,DNP,,,,,,,,,,,
2015-G25,2015,25,2015-02-10,P003,Caleb Stankovic,True,23:41,3-4,1-1,4-4,0.0,2.0,2.0,0.0,0.0,0.0,0.0,11.0
2015-G25,2015,25,2015-02-10,P004,Silas Baptiste,False,4:40,0-1,0-0,0-1,0.0,0.0,2.0,0.0,0.0,0.0,0.0,0.0
2015-G25,2015,25,2015-02-10,P005,Nolan Abrams,False,10:21,1-2,0-1,0-0,0.0,2.0,1.0,0.0,0.0,0.0,2.0,2.0
2015-G25,2015,25,2015-02-10,P006,Tobias Delacroix,True,35:23,5-7,1-1,5-5,5.0,9.0,2.0,3.0,4.0,3.0,3.0,16.0
2015-G25,2015,25,2015-02-10,P007,Owen Quintero,False,17:23,0-3,0-1,2-2,0.0,0.0,2.0,1.0,1.0,1.0,2.0,2.0
2015-G25,2015,25,2015-02-10,P009,Cole Yamamoto,False,9:01,1-3,0-1,2-3,1.0,1.0,3.0,1.0,0.0,1.0,0.0,4.0
2015-G25,2015,25,2015-02-10,P011,Moussa Novotny,True,26:07,3-8,1-3,5-5,1.0,5.0,1.0,5.0,1.0,0.0,5.0,12.0
2015-G25,2015,25,2015-02-10,P012,Marcus Jankowski,True,20:19,1-5,0-2,0-0,1.0,2.0,0.0,2.0,0.0,0.0,3.0,2.0
2015-G25,2015,25,2015-02-10,P013,Quentin Fontaine,False,13:48,3-4,0-0,1-2,2.0,0.0,1.0,0.0,0.0,0.0,2.0,7.0
2015-G25,2015,25,2015-02-10,P014,Zavier Delacroix,False,9:19,1-3,1-2,0-0,0.0,1.0,3.0,0.0,0.0,0.0,0.0,3.0
2015-G25,2015,25,2015-02-10,P015,Ronan Halvorsen,True,29:57,6-10,0-2,2-2,2.0,5.0,1.0,2.0,0.0,1.0,2.0,14.0
2015-G26,2015,26,2015-02-14,P001,Desmond Farrier,False,DNP,,,,,,,,,,,
2015-G26,2015,26,2015-02-14,P002,Trey Ibarra,False,15:06,2-3,0-1,0-0,0.0,4.0,0.0,1.0,0.0,0.0,1.0,4.0
2015-G26,2015,26,2015-02-14,P003,Caleb Stankovic,True,27:33,1-6,0-1,1-1,1.0,1.0,2.0,2.0,2.0,0.0,2.0,3.0
2015-G26,2015,26,2015-02-14,P004,Silas Baptiste,False,4:43,0-1,0-1,0-0,0.0,0.0,0.0,0.0,0.0,0.0,0.0,0.0
2015-G26,2015,26,2015-02-14,P005,Nolan Abrams,False,DNP,,,,,,,,,,,
2015-G26,2015,26,2015-02-14,P006,Tobias Delacroix,True,35:14,7-10,0-1,1-1,4.0,5.0,4.0,1.0,2.0,2.0,2.0,15.0
2015-G26,2015,26,2015-02-14,P007,Owen Quintero,False,16:51,2-5,1-3,3-3,0.0,0.0,4.0,0.0,0.0,1.0,3.0,8.0
2015-G26,2015,26,2015-02-14,P009,Cole Yamamoto,False,DNP,,,,,,,,,,,
2015-G26,2015,26,2015-02-14,P011,Moussa Novotny,True,32:50,6-12,2-5,5-5,0.0,1.0,2.0,0.0,0.0,0.0,2.0,19.0
2015-G26,2015,26,2015-02-14,P012,Marcus Jankowski,True,18:46,5-7,3-4,0-0,0.0,1.0,2.0,2.0,0.0,0.0,2.0,13.0
2015-G26,2015,26,2015-02-14,P013,Quentin Fontaine,False,15:56,2-4,0-0,0-0,0.0,1.0,0.0,0.0,0.0,0.0,0.0,4.0
2015-G26,2015,26,2015-02-14,P014,Zavier Delacroix,False,DNP,,,,,,,,,,,
2015-G26,2015,26,2015-02-14,P015,Ronan Halvorsen,True,33:00,4-9,1-1,2-3,2.0,4.0,1.0,3.0,1.0,4.0,1.0,11.0
2015-G27,2015,27,2015-02-18,P001,Desmond Farrier,False,DNP,,,,,,,,,,,
2015-G27,2015,27,2015-02-18,P002,Trey Ibarra,False,DNP,,,,,,,,,,,
2015-G27,2015,27,2015-02-18,P003,Caleb Stankovic,True,30:17,2-5,0-1,1-1,1.0,7.0,0.0,0.0,1.0,0.0,5.0,5.0
2015-G27,2015,27,2015-02-18,P004,Silas Baptiste,False,DNP,,,,,,,,,,,
2015-G27,2015,27,2015-02-18,P005,Nolan Abrams,False,DNP,,,,,,,,,,,
2015-G27,2015,27,2015-02-18,P006,Tobias Delacroix,True,38:38,5-10,1-1,1-3,4.0,9.0,0.0,1.0,0.0,1.0,1.0,12.0
2015-G27,2015,27,2015-02-18,P007,Owen Quintero,False,20:18,0-4,0-2,1-1,0.0,1.0,2.0,1.0,0.0,0.0,1.0,1.0
2015-G27,2015,27,2015-02-18,P009,Cole Yamamoto,False,11:01,2-3,1-1,3-3,0.0,2.0,0.0,2.0,0.0,0.0,0.0,8.0
2015-G27,2015,27,2015-02-18,P011,Moussa Novotny,True,35:54,11-13,5-6,5-7,2.0,4.0,3.0,3.0,0.0,0.0,1.0,32.0
2015-G27,2015,27,2015-02-18,P012,Marcus Jankowski,True,19:57,0-5,0-2,1-1,1.0,2.0,1.0,1.0,0.0,0.0,1.0,1.0
2015-G27,2015,27,2015-02-18,P013,Quentin Fontaine,False,DNP,,,,,,,,,,,
2015-G27,2015,27,2015-02-18,P014,Zavier Delacroix,False,11:03,2-2,1-1,0-0,0.0,2.0,1.0,1.0,0.0,0.0,0.0,5.0
2015-G27,2015,27,2015-02-18,P015,Ronan Halvorsen,True,32:53,8-10,1-1,4-4,2.0,2.0,0.0,1.0,0.0,1.0,2.0,21.0
2015-G28,2015,28,2015-02-22,P001,Desmond Farrier,False,4:15,0-0,0-0,0-0,0.0,0.0,0.0,1.0,0.0,0.0,0.0,0.0
2015-G28,2015,28,2015-02-22,P002,Trey Ibarra,False,19:46,0-2,0-1,1-1,2.0,2.0,1.0,2.0,0.0,1.0,0.0,1.0
2015-G28,2015,28,2015-02-22,P003,Caleb Stankovic,True,23:24,3-4,0-1,2-2,1.0,3.0,0.0,2.0,0.0,0.0,1.0,8.0
2015-G28,2015,28,2015-02-22,P004,Silas Baptiste,False,DNP,,,,,,,,,,,
2015-G28,2015,28,2015-02-22,P005,Nolan Abrams,False,10:08,1-2,1-1,0-0,0.0,1.0,0.0,1.0,0.0,0.0,2.0,3.0
2015-G28,2015,28,2015-02-22,P006,Tobias Delacroix,True,38:57,9-11,1-1,1-3,3.0,4.0,2.0,3.0,2.0,3.0,2.0,20.0
2015-G28,2015,28,2015-02-22,P007,Owen Quintero,False,20:54,2-6,2-3,1-1,0.0,1.0,3.0,1.0,0.0,0.0,1.0,7.0
2015-G28,2015,28,2015-02-22,P009,Cole Yamamoto,False,DNP,,,,,,,,,,,
2015-G28,2015,28,2015-02-22,P011,Moussa Novotny,True,32:00,7-11,2-5,1-2,0.0,3.0,3.0,5.0,1.0,1.0,1.0,17.0
2015-G28,2015,28,2015-02-22,P012,Marcus Jankowski,True,20:01,5-9,1-3,1-2,1.0,4.0,1.0,2.0,0.0,0.0,1.0,12.0
2015-G28,2015,28,2015-02-22,P013,Quentin Fontaine,False,DNP,,,,,,,,,,,
2015-G28,2015,28,2015-02-22,P014,Zavier Delacroix,False,DNP,,,,,,,,,,,
2015-G28,2015,28,2015-02-22,P015,Ronan Halvorsen,True,30:36,10-12,2-2,4-6,1.0,6.0,2.0,2.0,1.0,0.0,3.0,26.0
2015-G29,2015,29,2015-02-26,P001,Desmond Farrier,False,DNP,,,,,,,,,,,
2015-G29,2015,29,2015-02-26,P002,Trey Ibarra,False,14:56,2-3,1-1,3-3,0.0,3.0,0.0,2.0,0.0,0.0,3.0,8.0
2015-G29,2015,29,2015-02-26,P003,Caleb Stankovic,True,20:35,3-5,1-1,0-0,2.0,0.0,5.0,1.0,0.0,1.0,0.0,7.0
2015-G29,2015,29,2015-02-26,P004,Silas Baptiste,False,DNP,,,,,,,,,,,
2015-G29,2015,29,2015-02-26,P005,Nolan Abrams,False,10:17,1-4,1-2,2-2,0.0,2.0,1.0,1.0,0.0,0.0,0.0,5.0
2015-G29,2015,29,2015-02-26,P006,Tobias Delacroix,True,36:58,7-14,2-2,5-5,1.0,11.0,4.0,6.0,2.0,2.0,5.0,21.0
2015-G29,2015,29,2015-02-26,P007,Owen Quintero,False,17:40,1-4,1-2,1-2,1.0,2.0,4.0,2.0,0.0,0.0,1.0,4.0
2015-G29,2015,29,2015-02-26,P009,Cole Yamamoto,False,11:03,4-4,1-1,1-1,0.0,1.0,0.0,4.0,0.0,0.0,0.0,10.0
2015-G29,2015,29,2015-02-26,P011,Moussa Novotny,True,26:16,4-10,0-3,3-4,2.0,8.0,2.0,2.0,2.0,0.0,3.0,11.0
2015-G29,2015,29,2015-02-26,P012,Marcus Jankowski,True,16:53,4-6,2-3,0-0,1.0,4.0,1.0,3.0,1.0,0.0,2.0,10.0
2015-G29,2015,29,2015-02-26,P013,Quentin Fontaine,False,15:56,0-3,0-0,0-0,0.0,0.0,2.0,0.0,0.0,0.0,2.0,0.0
2015-G29,2015,29,2015-02-26,P014,Zavier Delacroix,False,DNP,,,,,,,,,,,
2015-G29,2015,29,2015-02-26,P015,Ronan Halvorsen,True,29:25,7-14,1-2,1-6,3.0,5.0,0.0,3.0,0.0,2.0,2.0,16.0
2015-G30,2015,30,2015-03-02,P001,Desmond Farrier,False,DNP,,,,,,,,,,,
2015-G30,2015,30,2015-03-02,P002,Trey Ibarra,False,16:17,3-3,1-1,1-1,0.0,1.0,1.0,2.0,0.0,0.0,2.0,8.0
2015-G30,2015,30,2015-03-02,P003,Caleb Stankovic,True,24:14,3-4,0-1,1-1,0.0,5.0,1.0,2.0,1.0,1.0,1.0,7.0
2015-G30,2015,30,2015-03-02,P004,Silas Baptiste,False,4:26,2-2,1-1,1-1,1.0,0.0,1.0,0.0,0.0,0.0,0.0,6.0
2015-G30,2015,30,2015-03-02,P005,Nolan Abrams,False,8:42,3-4,2-2,2-2,0.0,0.0,1.0,1.0,1.0,0.0,1.0,10.0
2015-G30,2015,30,2015-03-02,P006,Tobias Delacroix,True,37:37,5-9,0-1,0-1,5.0,7.0,3.0,0.0,0.0,3.0,2.0,10.0
2015-G30,2015,30,2015-03-02,P007,Owen Quintero,False,DNP,,,,,,,,,,,
2015-G30,2015,30,2015-03-02,P009,Cole Yamamoto,False,8:36,0-1,0-0,0-0,0.0,0.0,1.0,1.0,0.0,0.0,0.0,0.0
2015-G30,2015,30,2015-03-02,P011,Moussa Novotny,True,32:15,9-10,3-4,1-1,1.0,2.0,3.0,4.0,0.0,0.0,2.0,22.0
2015-G30,2015,30,2015-03-02,P012,Marcus Jankowski,True,22:02,4-7,1-2,3-3,0.0,1.0,0.0,1.0,1.0,0.0,0.0,12.0
2015-G30,2015,30,2015-03-02,P013,Quentin Fontaine,False,14:03,1-3,0-0,1-1,0.0,1.0,2.0,1.0,0.0,0.0,0.0,3.0
2015-G30,2015,30,2015-03-02,P014,Zavier Delacroix,False,DNP,,,,,,,,,,,
2015-G30,2015,30,2015-03-02,P015,Ronan Halvorsen,True,31:47,5-12,0-2,3-3,4.0,7.0,2.0,1.0,2.0,2.0,0.0,13.0
2015-G31,2015,31,2015-03-06,P001,Desmond Farrier,False,4:00,1-1,0-0,0-0,2.0,0.0,0.0,0.0,1.0,0.0,0.0,2.0
2015-G31,2015,31,2015-03-06,P002,Trey Ibarra,False,DNP,,,,,,,,,,,
2015-G31,2015,31,2015-03-06,P003,Caleb Stankovic,True,25:27,2-5,0-1,0-0,2.0,5.0,3.0,1.0,0.0,0.0,2.0,4.0
2015-G31,2015,31,2015-03-06,P004,Silas Baptiste,False,5:10,0-2,0-1,0-1,0.0,1.0,1.0,0.0,0.0,0.0,0.0,0.0
2015-G31,2015,31,2015-03-06,P005,Nolan Abrams,False,11:37,3-5,1-2,1-1,0.0,1.0,3.0,1.0,1.0,0.0,1.0,8.0
2015-G31,2015,31,2015-03-06,P006,Tobias Delacroix,True,32:00,7-9,1-1,3-3,3.0,7.0,2.0,1.0,1.0,2.0,3.0,18.0
2015-G31,2015,31,2015-03-06,P007,Owen Quintero,False,15:52,2-4,0-2,1-2,0.0,1.0,1.0,2.0,1.0,0.0,2.0,5.0
2015-G31,2015,31,2015-03-06,P009,Cole Yamamoto,False,11:30,2-5,2-2,0-0,0.0,2.0,1.0,0.0,0.0,0.0,0.0,6.0
2015-G31,2015,31,2015-03-06,P011,Moussa Novotny,True,32:51,6-13,2-5,5-5,3.0,6.0,2.0,4.0,3.0,0.0,5.0,19.0
2015-G31,2015,31,2015-03-06,P012,Marcus Jankowski,True,18:03,2-6,0-3,2-3,0.0,2.0,0.0,3.0,0.0,0.0,4.0,6.0
2015-G31,2015,31,2015-03-06,P013,Quentin Fontaine,False,DNP,,,,,,,,,,,
2015-G31,2015,31,2015-03-06,P014,Zavier Delacroix,False,10:04,1-2,1-1,0-0,1.0,1.0,1.0,0.0,2.0,0.0,1.0,3.0
2015-G31,2015,31,2015-03-06,P015,Ronan Halvorsen,True,33:26,5-11,0-1,5-5,3.0,6.0,2.0,3.0,0.0,1.0,1.0,15.0
2015-G32,2015,32,2015-03-10,P001,Desmond Farrier,False,DNP,,,,,,,,,,,
2015-G32,2015,32,2015-03-10,P002,Trey Ibarra,False,15:14,1-1,0-0,2-2,0.0,2.0,2.0,0.0,1.0,0.0,0.0,4.0
2015-G32,2015,32,2015-03-10,P003,Caleb Stankovic,True,25:47,3-4,1-1,1-1,1.0,8.0,1.0,3.0,0.0,1.0,2.0,8.0
2015-G32,2015,32,2015-03-10,P004,Silas Baptiste,False,4:22,0-0,0-0,1-1,0.0,0.0,3.0,2.0,1.0,0.0,0.0,1.0
2015-G32,2015,32,2015-03-10,P005,Nolan Abrams,False,DNP,,,,,,,,,,,
2015-G32,2015,32,2015-03-10,P006,Tobias Delacroix,True,34:02,2-8,0-1,1-1,2.0,6.0,1.0,2.0,2.0,1.0,1.0,5.0
2015-G32,2015,32,2015-03-10,P007,Owen Quintero,False,16:31,1-3,0-2,1-3,0.0,1.0,2.0,1.0,0.0,1.0,5.0,3.0
2015-G32,2015,32,2015-03-10,P009,Cole Yamamoto,False,DNP,,,,,,,,,,,
2015-G32,2015,32,2015-03-10,P011,Moussa Novotny,True,35:03,3-12,1-5,2-3,1.0,8.0,3.0,0.0,3.0,0.0,2.0,9.0
2015-G32,2015,32,2015-03-10,P012,Marcus Jankowski,True,18:16,2-4,1-2,1-1,0.0,2.0,3.0,1.0,1.0,0.0,1.0,6.0
2015-G32,2015,32,2015-03-10,P013,Quentin Fontaine,False,17:52,3-4,0-0,0-0,3.0,1.0,0.0,0.0,0.0,3.0,0.0,6.0
2015-G32,2015,32,2015-03-10,P014,Zavier Delacroix,False,DNP,,,,,,,,,,,
2015-G32,2015,32,2015-03-10,P015,Ronan Halvorsen,True,32:52,5-11,0-1,3-3,2.0,4.0,1.0,3.0,4.0,3.0,5.0,13.0
2016-G01,2016,1,2015-11-06,P001,Desmond Farrier,False,5:53,1-1,0-0,1-2,0.0,1.0,0.0,1.0,0.0,0.0,0.0,3.0
2016-G01,2016,1,2015-11-06,P002,Trey Ibarra,True,21:53,0-2,0-1,1-1,3.0,2.0,0.0,0.0,1.0,0.0,1.0,1.0
2016-G01,2016,1,2015-11-06,P004,Silas Baptiste,False,DNP,,,,,,,,,,,
2016-G01,2016,1,2015-11-06,P005,Nolan Abrams,False,15:31,2-4,1-2,0-0,0.0,0.0,4.0,0.0,0.0,0.0,0.0,5.0
2016-G01,2016,1,2015-11-06,P006,Tobias Delacroix,True,39:32,8-12,1-1,1-1,0.0,5.0,0.0,2.0,1.0,3.0,0.0,18.0
2016-G01,2016,1,2015-11-06,P007,Owen Quintero,True,25:42,3-6,1-3,0-0,0.0,1.0,2.0,0.0,1.0,0.0,3.0,7.0
2016-G01,2016,1,2015-11-06,P009,Cole Yamamoto,False,DNP,,,,,,,,,,,
2016-G01,2016,1,2015-11-06,P014,Zavier Delacroix,False,16:44,3-4,2-3,0-0,1.0,3.0,1.0,0.0,0.0,0.0,1.0,8.0
2016-G01,2016,1,2015-11-06,P016,Cole Zielinski,True,28:22,7-9,2-3,1-1,0.0,5.0,2.0,2.0,2.0,0.0,1.0,17.0
2016-G01,2016,1,2015-11-06,P018,Kobe Kalinowski,False,7:10,2-2,1-1,0-0,0.0,1.0,1.0,1.0,1.0,0.0,1.0,5.0
2016-G01,2016,1,2015-11-06,P019,Terrance Eskridge,True,27:19,10-10,0-0,2-4,3.0,9.0,0.0,4.0,0.0,2.0,3.0,22.0
2016-G01,2016,1,2015-11-06,P020,Kobe Zielinski,False,DNP,,,,,,,,,,,
2016-G01,2016,1,2015-11-06,P021,Lucas Lindqvist,False,11:54,0-2,0-1,0-0,0.0,2.0,0.0,1.0,1.0,0.0,2.0,0.0
2016-G02,2016,2,2015-11-10,P001,Desmond Farrier,False,DNP,,,,,,,,,,,
2016-G02,2016,2,2015-11-10,P002,Trey Ibarra,True,20:07,4-5,0-1,0-0,1.0,1.0,1.0,3.0,1.0,1.0,1.0,8.0
2016-G02,2016,2,2015-11-10,P004,Silas Baptiste,False,6:58,1-2,1-1,0-0,0.0,0.0,3.0,0.0,0.0,0.0,0.0,3.0
2016-G02,2016,2,2015-11-10,P005,Nolan Abrams,False,12:05,2-4,0-2,1-1,0.0,0.0,0.0,1.0,2.0,0.0,0.0,5.0
2016-G02,2016,2,2015-11-10,P006,Tobias Delacroix,True,39:08,7-12,1-2,2-2,1.0,8.0,2.0,4.0,1.0,1.0,4.0,17.0
2016-G02,2016,2,2015-11-10,P007,Owen Quintero,True,22:03,1-4,0-2,2-2,0.0,6.0,1.0,3.0,3.0,1.0,1.0,4.0
2016-G02,2016,2,2015-11-10,P009,Cole Yamamoto,False,15:28,1-4,0-2,2-3,0.0,1.0,0.0,2.0,0.0,0.0,1.0,4.0
2016-G02,2016,2,2015-11-10,P014,Zavier Delacroix,False,DNP,,,,,,,,,,,
2016-G02,2016,2,2015-11-10,P016,Cole Zielinski,True,27:29,5-8,3-4,3-4,2.0,3.0,1.0,2.0,0.0,0.0,4.0,16.0
2016-G02,2016,2,2015-11-10,P018,Kobe Kalinowski,False,6:51,1-4,1-3,1-2,1.0,1.0,0.0,0.0,0.0,1.0,0.0,4.0
2016-G02,2016,2,2015-11-10,P019,Terrance Eskridge,True,30:38,2-10,0-0,4-4,3.0,4.0,1.0,1.0,2.0,0.0,2.0,8.0
2016-G02,2016,2,2015-11-10,P020,Kobe Zielinski,False,6:09,3-4,0-1,1-2,1.0,1.0,0.0,1.0,1.0,1.0,0.0,7.0
2016-G02,2016,2,2015-11-10,P021,Lucas Lindqvist,False,13:04,2-3,1-2,0-0,0.0,1.0,0.0,2.0,1.0,0.0,0.0,5.0
2016-G03,2016,3,2015-11-14,P001,Desmond Farrier,False,DNP,,,,,,,,,,,
2016-G03,2016,3,2015-11-14,P002,Trey Ibarra,True,27:17,0-5,0-2,2-2,1.0,5.0,1.0,0.0,0.0,1.0,3.0,2.0
2016-G03,2016,3,2015-11-14,P004,Silas Baptiste,False,8:23,2-3,1-2,0-0,1.0,0.0,1.0,0.0,0.0,1.0,1.0,5.0
2016-G03,2016,3,2015-11-14,P005,Nolan Abrams,False,DNP,,,,,,,,,,,
2016-G03,2016,3,2015-11-14,P006,Tobias Delacroix,True,38:43,8-12,1-2,4-4,3.0,10.0,1.0,4.0,0.0,1.0,4.0,21.0
2016-G03,2016,3,2015-11-14,P007,Owen Quintero,True,25:28,2-6,2-3,5-5,1.0,1.0,2.0,1.0,1.0,0.0,1.0,11.0
2016-G03,2016,3,2015-11-14,P009,Cole Yamamoto,False,14:33,3-5,0-1,0-0,2.0,2.0,2.0,0.0,1.0,0.0,2.0,6.0
2016-G03,2016,3,2015-11-14,P014,Zavier Delacroix,False,17:14,3-4,3-3,2-2,1.0,1.0,3.0,3.0,1.0,1.0,2.0,11.0
2016-G03,2016,3,2015-11-14,P016,Cole Zielinski,True,35:01,3-11,1-6,4-4,2.0,8.0,2.0,1.0,0.0,2.0,2.0,11.0
2016-G03,2016,3,2015-11-14,P018,Kobe Kalinowski,False,8:44,1-2,1-1,0-0,0.0,1.0,2.0,0.0,1.0,0.0,0.0,3.0
2016-G03,2016,3,2015-11-14,P019,Terrance Eskridge,True,28:48,6-11,0-0,2-2,1.0,3.0,0.0,3.0,0.0,0.0,5.0,14.0
2016-G03,2016,3,2015-11-14,P020,Kobe Zielinski,False,6:25,0-2,0-0,0-0,0.0,0.0,0.0,0.0,0.0,0.0,1.0,0.0
2016-G03,2016,3,2015-11-14,P021,Lucas Lindqvist,False,14:23,2-5,1-3,0-0,1.0,1.0,1.0,1.0,1.0,0.0,2.0,5.0
2016-G04,2016,4,2015-11-18,P001,Desmond Farrier,False,DNP,,,,,,,,,,,
2016-G04,2016,4,2015-11-18,P002,Trey Ibarra,True,23:01,3-6,1-2,2-3,2.0,2.0,2.0,1.0,1.0,0.0,0.0,9.0
2016-G04,2016,4,2015-11-18,P004,Silas Baptiste,False,DNP,,,,,,,,,,,
2016-G04,2016,4,2015-11-18,P005,Nolan Abrams,False,12:07,1-3,1-2,0-0,0.0,2.0,0.0,1.0,1.0,1.0,0.0,3.0
2016-G04,2016,4,2015-11-18,P006,Tobias Delacroix,True,38:36,10-14,0-2,1-4,5.0,8.0,2.0,3.0,0.0,0.0,2.0,21.0
2016-G04,2016,4,2015-11-18,P007,Owen Quintero,True,23:34,4-8,0-3,3-3,0.0,0.0,2.0,0.0,1.0,0.0,2.0,11.0
2016-G04,2016,4,2015-11-18,P009,Cole Yamamoto,False,14:17,3-5,1-2,0-1,1.0,3.0,3.0,0.0,1.0,0.0,1.0,7.0
2016-G04,2016,4,2015-11-18,P014,Zavier Delacroix,False,15:22,1-4,1-3,2-2,1.0,0.0,3.0,1.0,0.0,0.0,0.0,5.0
2016-G04,2016,4,2015-11-18,P016,Cole Zielinski,True,27:11,8-11,3-5,3-3,0.0,3.0,0.0,1.0,5.0,0.0,1.0,22.0
2016-G04,2016,4,2015-11-18,P018,Kobe Kalinowski,False,6:31,2-4,1-2,3-4,0.0,1.0,0.0,0.0,0.0,0.0,1.0,8.0
2016-G04,2016,4,2015-11-18,P019,Terrance Eskridge,True,27:17,5-11,0-0,2-3,2.0,8.0,0.0,2.0,2.0,0.0,4.0,12.0
2016-G04,2016,4,2015-11-18,P020,Kobe Zielinski,False,DNP,,,,,,,,,,,
2016-G04,2016,4,2015-11-18,P021,Lucas Lindqvist,False,12:05,2-6,1-2,2-3,1.0,0.0,1.0,0.0,0.0,0.0,0.0,7.0
2016-G05,2016,5,2015-11-22,P001,Desmond Farrier,False,6:16,0-1,0-0,0-0,2.0,0.0,0.0,0.0,0.0,0.0,0.0,0.0
2016-G05,2016,5,2015-11-22,P002,Trey Ibarra,True,24:14,2-5,1-2,1-1,3.0,4.0,0.0,1.0,1.0,0.0,1.0,6.0
2016-G05,2016,5,2015-11-22,P004,Silas Baptiste,False,6:54,2-2,1-1,0-0,0.0,1.0,0.0,0.0,0.0,0.0,2.0,5.0
2016-G05,2016,5,2015-11-22,P005,Nolan Abrams,False,16:31,1-5,1-3,0-1,0.0,3.0,7.0,1.0,0.0,1.0,0.0,3.0
2016-G05,2016,5,2015-11-22,P006,Tobias Delacroix,True,38:03,7-11,1-2,3-3,4.0,11.0,2.0,3.0,2.0,1.0,2.0,18.0
2016-G05,2016,5,2015-11-22,P007,Owen Quintero,True,23:46,2-4,1-2,1-1,0.0,2.0,2.0,0.0,0.0,1.0,1.0,6.0
2016-G05,2016,5,2015-11-22,P009,Cole Yamamoto,False,14:13,1-4,0-1,1-2,0.0,0.0,1.0,1.0,1.0,0.0,0.0,3.0
2016-G05,2016,5,2015-11-22,P014,Zavier Delacroix,False,DNP,,,,,,,,,,,
2016-G05,2016,5,2015-11-22,P016,Cole Zielinski,True,26:41,4-7,0-2,1-4,1.0,3.0,2.0,0.0,2.0,0.0,2.0,9.0
2016-G05,2016,5,2015-11-22,P018,Kobe Kalinowski,False,7:57,2-2,1-1,1-1,0.0,0.0,2.0,0.0,0.0,0.0,1.0,6.0
2016-G05,2016,5,2015-11-22,P019,Terrance Eskridge,True,28:24,6-9,0-0,0-0,5.0,8.0,0.0,1.0,0.0,2.0,2.0,12.0
2016-G05,2016,5,2015-11-22,P020,Kobe Zielinski,False,7:02,1-3,0-1,0-0,1.0,0.0,1.0,0.0,0.0,0.0,0.0,2.0
2016-G05,2016,5,2015-11-22,P021,Lucas Lindqvist,False,DNP,,,,,,,,,,,
2016-G06,2016,6,2015-11-26,P001,Desmond Farrier,False,DNP,,,,,,,,,,,
2016-G06,2016,6,2015-11-26,P002,Trey Ibarra,True,25:25,1-5,0-2,2-4,3.0,7.0,1.0,1.0,1.0,0.0,5.0,4.0
2016-G06,2016,6,2015-11-26,P004,Silas Baptiste,False,DNP,,,,,,,,,,,
2016-G06,2016,6,2015-11-26,P005,Nolan Abrams,False,13:18,3-7,1-3,0-3,0.0,1.0,2.0,0.0,0.0,0.0,0.0,7.0
2016-G06,2016,6,2015-11-26,P006,Tobias Delacroix,True,38:06,8-14,2-2,3-4,2.0,11.0,3.0,4.0,1.0,2.0,3.0,21.0
2016-G06,2016,6,2015-11-26,P007,Owen Quintero,True,24:05,1-5,0-2,1-1,0.0,0.0,3.0,0.0,2.0,0.0,1.0,3.0
2016-G06,2016,6,2015-11-26,P009,Cole Yamamoto,False,16:35,3-3,1-1,1-1,1.0,0.0,0.0,1.0,0.0,0.0,4.0,8.0
2016-G06,2016,6,2015-11-26,P014,Zavier Delacroix,False,14:05,0-1,0-0,2-2,0.0,2.0,1.0,0.0,0.0,0.0,1.0,2.0
2016-G06,2016,6,2015-11-26,P016,Cole Zielinski,True,30:13,5-9,2-3,0-0,1.0,3.0,3.0,1.0,0.0,2.0,5.0,12.0
2016-G06,2016,6,2015-11-26,P018,Kobe Kalinowski,False,6:46,0-1,0-1,0-0,0.0,1.0,2.0,1.0,1.0,0.0,0.0,0.0
2016-G06,2016,6,2015-11-26,P019,Terrance Eskridge,True,25:46,6-8,0-0,3-4,2.0,7.0,1.0,3.0,0.0,0.0,4.0,15.0
2016-G06,2016,6,2015-11-26,P020,Kobe Zielinski,False,5:41,2-5,0-1,4-5,0.0,1.0,0.0,1.0,1.0,0.0,0.0,8.0
2016-G06,2016,6,2015-11-26,P021,Lucas Lindqvist,False,DNP,,,,,,,,,,,
2016-G07,2016,7,2015-11-30,P001,Desmond Farrier,False,DNP,,,,,,,,,,,
2016-G07,2016,7,2015-11-30,P002,Trey Ibarra,True,22:14,1-5,0-1,1-1,0.0,2.0,3.0,1.0,0.0,0.0,2.0,3.0
2016-G07,2016,7,2015-11-30,P004,Silas Baptiste,False,DNP,,,,,,,,,,,
2016-G07,2016,7,2015-11-30,P005,Nolan Abrams,False,12:12,2-2,1-1,1-1,0.0,0.0,1.0,0.0,1.0,0.0,2.0,6.0
2016-G07,2016,7,2015-11-30,P006,Tobias Delacroix,True,35:13,7-11,1-2,5-5,2.0,6.0,2.0,2.0,0.0,6.0,2.0,20.0
2016-G07,2016,7,2015-11-30,P007,Owen Quintero,True,23:01,5-7,2-3,2-2,3.0,2.0,2.0,0.0,1.0,0.0,1.0,14.0
2016-G07,2016,7,2015-11-30,P009,Cole Yamamoto,False,12:45,3-5,1-2,0-0,0.0,1.0,1.0,1.0,0.0,2.0,2.0,7.0
2016-G07,2016,7,2015-11-30,P014,Zavier Delacroix,False,14:37,1-3,0-1,1-2,1.0,1.0,0.0,1.0,0.0,0.0,1.0,3.0
2016-G07,2016,7,2015-11-30,P016,Cole Zielinski,True,28:28,4-11,1-6,5-6,1.0,1.0,0.0,2.0,0.0,1.0,1.0,14.0
2016-G07,2016,7,2015-11-30,P018,Kobe Kalinowski,False,7:09,3-4,2-3,1-1,1.0,1.0,1.0,0.0,0.0,0.0,1.0,9.0
2016-G07,2016,7,2015-11-30,P019,Terrance Eskridge,True,28:29,7-11,0-0,3-3,1.0,3.0,2.0,1.0,2.0,3.0,3.0,17.0
2016-G07,2016,7,2015-11-30,P020,Kobe Zielinski,False,5:08,0-0,0-0,0-0,1.0,0.0,3.0,0.0,0.0,0.0,1.0,0.0
2016-G07,2016,7,2015-11-30,P021,Lucas Lindqvist,False,10:45,0-2,0-1,0-1,0.0,0.0,2.0,0.0,0.0,0.0,1.0,0.0
2016-G08,2016,8,2015-12-04,P001,Desmond Farrier,False,DNP,,,,,,,,,,,
2016-G08,2016,8,2015-12-04,P002,Trey Ibarra,True,22:14,1-3,0-1,1-1,2.0,3.0,2.0,0.0,0.0,0.0,3.0,3.0
2016-G08,2016,8,2015-12-04,P004,Silas Baptiste,False,7:27,1-2,0-1,0-2,0.0,2.0,1.0,0.0,0.0,1.0,1.0,2.0
2016-G08,2016,8,2015-12-04,P005,Nolan Abrams,False,DNP,,,,,,,,,,,
2016-G08,2016,8,2015-12-04,P006,Tobias Delacroix,True,39:08,8-12,0-1,3-4,7.0,6.0,4.0,2.0,1.0,1.0,5.0,19.0
2016-G08,2016,8,2015-12-04,P007,Owen Quintero,True,26:38,4-7,2-4,1-2,1.0,1.0,7.0,0.0,0.0,0.0,1.0,11.0
2016-G08,2016,8,2015-12-04,P009,Cole Yamamoto,False,15:29,2-4,1-1,2-5,0.0,2.0,1.0,0.0,0.0,0.0,1.0,7.0
2016-G08,2016,8,2015-12-04,P014,Zavier Delacroix,False,16:37,2-3,2-2,0-0,0.0,1.0,2.0,0.0,1.0,0.0,1.0,6.0
2016-G08,2016,8,2015-12-04,P016,Cole Zielinski,True,31:37,6-10,3-4,4-4,1.0,4.0,2.0,3.0,1.0,2.0,5.0,19.0
2016-G08,2016,8,2015-12-04,P018,Kobe Kalinowski,False,DNP,,,,,,,,,,,
2016-G08,2016,8,2015-12-04,P019,Terrance Eskridge,True,27:19,8-8,0-0,2-2,2.0,7.0,2.0,5.0,0.0,0.0,1.0,18.0
2016-G08,2016,8,2015-12-04,P020,Kobe Zielinski,False,DNP,,,,,,,,,,,
2016-G08,2016,8,2015-12-04,P021,Lucas Lindqvist,False,13:31,0-2,0-1,0-1,1.0,0.0,2.0,2.0,0.0,0.0,1.0,0.0
2016-G09,2016,9,2015-12-08,P001,Desmond Farrier,False,5:41,0-0,0-0,0-0,0.0,0.0,1.0,0.0,0.0,0.0,0.0,0.0
2016-G09,2016,9,2015-12-08,P002,Trey Ibarra,True,24:08,1-4,0-1,3-3,3.0,1.0,1.0,1.0,1.0,2.0,3.0,5.0
2016-G09,2016,9,2015-12-08,P004,Silas Baptiste,False,6:37,0-1,0-0,1-2,0.0,1.0,0.0,0.0,0.0,0.0,0.0,1.0
2016-G09,2016,9,2015-12-08,P005,Nolan Abrams,False,DNP,,,,,,,,,,,
2016-G09,2016,9,2015-12-08,P006,Tobias Delacroix,True,38:05,3-10,0-1,2-2,3.0,3.0,1.0,1.0,2.0,0.0,1.0,8.0
2016-G09,2016,9,2015-12-08,P007,Owen Quintero,True,23:11,2-4,2-2,1-2,0.0,2.0,5.0,1.0,0.0,0.0,1.0,7.0
2016-G09,2016,9,2015-12-08,P009,Cole Yamamoto,False,DNP,,,,,,,,,,,
2016-G09,2016,9,2015-12-08,P014,Zavier Delacroix,False,15:54,1-1,1-1,0-0,0.0,0.0,1.0,0.0,0.0,0.0,0.0,3.0
2016-G09,2016,9,2015-12-08,P016,Cole Zielinski,True,31:07,5-9,2-3,0-0,1.0,5.0,2.0,0.0,2.0,0.0,2.0,12.0
2016-G09,2016,9,2015-12-08,P018,Kobe Kalinowski,False,6:25,0-2,0-1,2-3,0.0,0.0,0.0,1.0,1.0,0.0,0.0,2.0
2016-G09,2016,9,2015-12-08,P019,Terrance Eskridge,True,29:48,4-9,0-0,2-2,2.0,3.0,5.0,1.0,2.0,2.0,3.0,10.0
2016-G09,2016,9,2015-12-08,P020,Kobe Zielinski,False,6:26,1-2,0-0,2-3,0.0,1.0,0.0,0.0,1.0,0.0,1.0,4.0
2016-G09,2016,9,2015-12-08,P021,Lucas Lindqvist,False,12:36,1-3,0-1,0-0,0.0,0.0,1.0,3.0,0.0,0.0,0.0,2.0
2016-G10,2016,10,2015-12-12,P001,Desmond Farrier,False,6:52,1-3,0-1,2-3,1.0,2.0,0.0,0.0,0.0,0.0,0.0,4.0
2016-G10,2016,10,2015-12-12,P002,Trey Ibarra,True,22:27,2-4,0-1,0-1,2.0,4.0,0.0,0.0,0.0,0.0,2.0,4.0
2016-G10,2016,10,2015-12-12,P004,Silas Baptiste,False,7:31,0-0,0-0,0-0,1.0,1.0,1.0,0.0,0.0,0.0,0.0,0.0
2016-G10,2016,10,2015-12-12,P005,Nolan Abrams,False,DNP,,,,,,,,,,,
2016-G10,2016,10,2015-12-12,P006,Tobias Delacroix,True,39:25,5-11,0-2,6-7,5.0,5.0,3.0,4.0,0.0,0.0,0.0,16.0
2016-G10,2016,10,2015-12-12,P007,Owen Quintero,True,27:12,6-8,3-4,3-4,2.0,0.0,7.0,2.0,1.0,1.0,5.0,18.0
2016-G10,2016,10,2015-12-12,P009,Cole Yamamoto,False,DNP,,,,,,,,,,,
2016-G10,2016,10,2015-12-12,P014,Zavier Delacroix,False,15:39,1-2,0-1,0-0,1.0,1.0,2.0,3.0,1.0,0.0,0.0,2.0
2016-G10,2016,10,2015-12-12,P016,Cole Zielinski,True,33:29,4-11,2-4,4-4,1.0,4.0,1.0,3.0,0.0,0.0,3.0,14.0
2016-G10,2016,10,2015-12-12,P018,Kobe Kalinowski,False,DNP,,,,,,,,,,,
2016-G10,2016,10,2015-12-12,P019,Terrance Eskridge,True,34:45,3-11,0-0,3-3,4.0,4.0,3.0,1.0,1.0,1.0,2.0,9.0
2016-G10,2016,10,2015-12-12,P020,Kobe Zielinski,False,DNP,,,,,,,,,,,
2016-G10,2016,10,2015-12-12,P021,Lucas Lindqvist,False,12:41,1-2,1-1,1-2,0.0,0.0,2.0,2.0,0.0,1.0,0.0,4.0
2016-G11,2016,11,2015-12-16,P001,Desmond Farrier,False,7:27,1-1,0-0,0-0,1.0,1.0,0.0,0.0,1.0,0.0,1.0,2.0
2016-G11,2016,11,2015-12-16,P002,Trey Ibarra,True,22:03,1-4,0-1,2-3,2.0,3.0,0.0,2.0,0.0,0.0,1.0,4.0
2016-G11,2016,11,2015-12-16,P004,Silas Baptiste,False,DNP,,,,,,,,,,,
2016-G11,2016,11,2015-12-16,P005,Nolan Abrams,False,13:14,0-6,0-2,1-2,0.0,1.0,1.0,2.0,0.0,1.0,1.0,1.0
2016-G11,2016,11,2015-12-16,P006,Tobias Delacroix,True,37:37,7-12,0-2,1-1,3.0,8.0,1.0,3.0,1.0,3.0,4.0,15.0
2016-G11,2016,11,2015-12-16,P007,Owen Quintero,True,24:40,1-4,1-1,2-2,2.0,0.0,4.0,2.0,1.0,0.0,0.0,5.0
2016-G11,2016,11,2015-12-16,P009,Cole Yamamoto,False,17:38,2-5,1-2,0-0,0.0,1.0,1.0,0.0,0.0,1.0,0.0,5.0
2016-G11,2016,11,2015-12-16,P014,Zavier Delacroix,False,DNP,,,,,,,,,,,
2016-G11,2016,11,2015-12-16,P016,Cole Zielinski,True,30:18,5-13,3-5,2-2,2.0,3.0,1.0,3.0,5.0,2.0,4.0,15.0
2016-G11,2016,11,2015-12-16,P018,Kobe Kalinowski,False,8:43,1-2,1-1,2-2,0.0,1.0,0.0,0.0,0.0,0.0,0.0,5.0
2016-G11,2016,11,2015-12-16,P019,Terrance Eskridge,True,25:33,5-7,0-0,1-1,1.0,5.0,4.0,1.0,1.0,1.0,4.0,11.0
2016-G11,2016,11,2015-12-16,P020,Kobe Zielinski,False,DNP,,,,,,,,,,,
2016-G11,2016,11,2015-12-16,P021,Lucas Lindqvist,False,12:47,1-2,0-1,0-0,1.0,1.0,2.0,1.0,0.0,0.0,0.0,2.0
2016-G12,2016,12,2015-12-20,P001,Desmond Farrier,False,DNP,,,,,,,,,,,
2016-G12,2016,12,2015-12-20,P002,Trey Ibarra,True,23:38,1-4,0-1,0-1,1.0,7.0,1.0,4.0,0.0,0.0,2.0,2.0
2016-G12,2016,12,2015-12-20,P004,Silas Baptiste,False,DNP,,,,,,,,,,,
2016-G12,2016,12,2015-12-20,P005,Nolan Abrams,False,14:32,2-4,1-2,2-2,0.0,1.0,3.0,2.0,0.0,0.0,0.0,7.0
2016-G12,2016,12,2015-12-20,P006,Tobias Delacroix,True,39:35,9-12,2-2,1-1,4.0,8.0,0.0,1.0,2.0,1.0,3.0,21.0
2016-G12,2016,12,2015-12-20,P007,Owen Quintero,True,29:20,1-5,0-2,3-3,0.0,2.0,3.0,3.0,2.0,0.0,1.0,5.0
2016-G12,2016,12,2015-12-20,P009,Cole Yamamoto,False,DNP,,,,,,,,,,,
2016-G12,2016,12,2015-12-20,P014,Zavier Delacroix,False,18:01,1-2,0-1,1-1,0.0,0.0,4.0,2.0,0.0,0.0,2.0,3.0
2016-G12,2016,12,2015-12-20,P016,Cole Zielinski,True,29:18,2-9,1-5,1-1,2.0,2.0,1.0,2.0,3.0,0.0,0.0,6.0
2016-G12,2016,12,2015-12-20,P018,Kobe Kalinowski,False,8:51,0-5,0-2,1-2,0.0,0.0,1.0,1.0,0.0,0.0,1.0,1.0
2016-G12,2016,12,2015-12-20,P019,Terrance Eskridge,True,36:45,9-13,1-1,3-4,1.0,7.0,1.0,2.0,2.0,2.0,4.0,22.0
2016-G12,2016,12,2015-12-20,P020,Kobe Zielinski,False,DNP,,,,,,,,,,,
2016-G12,2016,12,2015-12-20,P021,Lucas Lindqvist,False,DNP,,,,,,,,,,,
2016-G13,2016,13,2015-12-24,P001,Desmond Farrier,False,DNP,,,,,,,,,,,
2016-G13,2016,13,2015-12-24,P002,Trey Ibarra,True,23:34,0-1,0-0,2-2,3.0,2.0,3.0,2.0,2.0,0.0,1.0,2.0
2016-G13,2016,13,2015-12-24,P004,Silas Baptiste,False,DNP,,,,,,,,,,,
2016-G13,2016,13,2015-12-24,P005,Nolan Abrams,False,16:34,2-7,0-5,1-3,1.0,0.0,3.0,2.0,0.0,1.0,0.0,5.0
2016-G13,2016,13,2015-12-24,P006,Tobias Delacroix,True,38:53,7-10,1-1,3-4,2.0,4.0,0.0,3.0,1.0,1.0,5.0,18.0
2016-G13,2016,13,2015-12-24,P007,Owen Quintero,True,22:10,0-1,0-1,0-0,2.0,1.0,3.0,3.0,1.0,0.0,3.0,0.0
2016-G13,2016,13,2015-12-24,P009,Cole Yamamoto,False,17:06,3-5,0-2,1-1,1.0,1.0,0.0,0.0,1.0,2.0,1.0,7.0
2016-G13,2016,13,2015-12-24,P014,Zavier Delacroix,False,DNP,,,,,,,,,,,
2016-G13,2016,13,2015-12-24,P016,Cole Zielinski,True,30:25,4-9,3-4,2-2,2.0,2.0,0.0,0.0,2.0,0.0,3.0,13.0
2016-G13,2016,13,2015-12-24,P018,Kobe Kalinowski,False,DNP,,,,,,,,,,,
2016-G13,2016,13,2015-12-24,P019,Terrance Eskridge,True,30:31,4-9,0-0,2-2,0.0,6.0,2.0,2.0,2.0,4.0,5.0,10.0
2016-G13,2016,13,2015-12-24,P020,Kobe Zielinski,False,7:07,1-2,1-1,0-0,0.0,1.0,0.0,0.0,0.0,0.0,0.0,3.0
2016-G13,2016,13,2015-12-24,P021,Lucas Lindqvist,False,13:40,1-2,0-1,0-1,1.0,2.0,0.0,0.0,0.0,0.0,0.0,2.0
2016-G14,2016,14,2015-12-28,P001,Desmond Farrier,False,6:58,0-0,0-0,0-2,0.0,0.0,0.0,0.0,1.0,1.0,0.0,0.0
2016-G14,2016,14,2015-12-28,P002,Trey Ibarra,True,26:58,2-4,0-1,0-1,0.0,1.0,0.0,0.0,0.0,1.0,2.0,4.0
2016-G14,2016,14,2015-12-28,P004,Silas Baptiste,False,DNP,,,,,,,,,,,
2016-G14,2016,14,2015-12-28,P005,Nolan Abrams,False,DNP,,,,,,,,,,,
2016-G14,2016,14,2015-12-28,P006,Tobias Delacroix,True,38:13,9-12,0-1,4-5,1.0,6.0,2.0,4.0,0.0,1.0,2.0,22.0
2016-G14,2016,14,2015-12-28,P007,Owen Quintero,True,27:03,5-8,1-3,2-2,1.0,1.0,3.0,4.0,0.0,2.0,2.0,13.0
2016-G14,2016,14,2015-12-28,P009,Cole Yamamoto,False,13:57,1-2,1-1,0-0,0.0,2.0,1.0,0.0,0.0,1.0,2.0,3.0
2016-G14,2016,14,2015-12-28,P014,Zavier Delacroix,False,16:07,0-3,0-2,2-2,1.0,0.0,4.0,0.0,0.0,0.0,1.0,2.0
2016-G14,2016,14,2015-12-28,P016,Cole Zielinski,True,27:33,4-7,2-4,1-1,1.0,5.0,1.0,4.0,4.0,0.0,3.0,11.0
2016-G14,2016,14,2015-12-28,P018,Kobe Kalinowski,False,7:18,1-1,1-1,0-0,1.0,0.0,1.0,1.0,0.0,0.0,0.0,3.0
2016-G14,2016,14,2015-12-28,P019,Terrance Eskridge,True,28:52,5-9,0-0,4-4,2.0,8.0,4.0,1.0,1.0,1.0,2.0,14.0
2016-G14,2016,14,2015-12-28,P020,Kobe Zielinski,False,7:01,2-3,1-1,1-1,0.0,1.0,0.0,1.0,0.0,0.0,1.0,6.0
2016-G14,2016,14,2015-12-28,P021,Lucas Lindqvist,False,DNP,,,,,,,,,,,
2016-G15,2016,15,2016-01-01,P001,Desmond Farrier,False,5:37,1-3,0-1,0-0,1.0,1.0,1.0,1.0,0.0,0.0,1.0,2.0
2016-G15,2016,15,2016-01-01,P002,Trey Ibarra,True,22:21,1-3,0-1,0-0,0.0,1.0,1.0,2.0,0.0,0.0,1.0,2.0
2016-G15,2016,15,2016-01-01,P004,Silas Baptiste,False,DNP,,,,,,,,,,,
2016-G15,2016,15,2016-01-01,P005,Nolan Abrams,False,13:04,0-2,0-1,0-0,0.0,0.0,1.0,0.0,0.0,0.0,0.0,0.0
2016-G15,2016,15,2016-01-01,P006,Tobias Delacroix,True,37:25,4-11,0-2,2-2,1.0,5.0,3.0,3.0,1.0,2.0,2.0,10.0
2016-G15,2016,15,2016-01-01,P007,Owen Quintero,True,24:31,4-4,2-2,0-0,1.0,3.0,2.0,1.0,0.0,0.0,4.0,10.0
2016-G15,2016,15,2016-01-01,P009,Cole Yamamoto,False,12:57,0-3,0-1,0-0,0.0,5.0,0.0,0.0,1.0,0.0,1.0,0.0
2016-G15,2016,15,2016-01-01,P014,Zavier Delacroix,False,13:01,0-0,0-0,0-0,2.0,0.0,0.0,0.0,2.0,1.0,1.0,0.0
2016-G15,2016,15,2016-01-01,P016,Cole Zielinski,True,26:14,3-9,0-4,4-5,1.0,1.0,1.0,3.0,1.0,1.0,4.0,10.0
2016-G15,2016,15,2016-01-01,P018,Kobe Kalinowski,False,7:16,3-4,1-2,0-2,1.0,0.0,1.0,1.0,1.0,0.0,0.0,7.0
2016-G15,2016,15,2016-01-01,P019,Terrance Eskridge,True,27:30,5-10,0-0,1-2,3.0,4.0,0.0,5.0,1.0,0.0,4.0,11.0
2016-G15,2016,15,2016-01-01,P020,Kobe Zielinski,False,DNP,,,,,,,,,,,
2016-G15,2016,15,2016-01-01,P021,Lucas Lindqvist,False,10:04,2-3,2-2,1-1,1.0,0.0,3.0,1.0,1.0,0.0,1.0,7.0
2016-G16,2016,16,2016-01-05,P001,Desmond Farrier,False,8:09,1-1,0-0,0-0,0.0,0.0,1.0,0.0,2.0,0.0,1.0,2.0
2016-G16,2016,16,2016-01-05,P002,Trey Ibarra,True,29:58,0-4,0-1,1-3,4.0,6.0,4.0,3.0,1.0,1.0,0.0,1.0
2016-G16,2016,16,2016-01-05,P004,Silas Baptiste,False,7:34,1-1,0-0,0-0,0.0,3.0,1.0,0.0,0.0,0.0,1.0,2.0
2016-G16,2016,16,2016-01-05,P005,Nolan Abrams,False,DNP,,,,,,,,,,,
2016-G16,2016,16,2016-01-05,P006,Tobias Delacroix,True,39:11,7-13,2-2,3-3,3.0,13.0,0.0,1.0,2.0,1.0,1.0,19.0
2016-G16,2016,16,2016-01-05,P007,Owen Quintero,True,30:15,4-7,2-4,0-0,2.0,0.0,4.0,3.0,2.0,0.0,3.0,10.0
2016-G16,2016,16,2016-01-05,P009,Cole Yamamoto,False,15:13,0-4,0-1,1-2,0.0,2.0,1.0,0.0,1.0,0.0,2.0,1.0
2016-G16,2016,16,2016-01-05,P014,Zavier Delacroix,False,DNP,,,,,,,,,,,
2016-G16,2016,16,2016-01-05,P016,Cole Zielinski,True,37:55,9-13,3-5,2-3,3.0,2.0,0.0,1.0,1.0,0.0,3.0,23.0
2016-G16,2016,16,2016-01-05,P018,Kobe Kalinowski,False,DNP,,,,,,,,,,,
2016-G16,2016,16,2016-01-05,P019,Terrance Eskridge,True,31:44,6-13,1-1,6-6,2.0,5.0,1.0,1.0,1.0,2.0,0.0,19.0
2016-G16,2016,16,2016-01-05,P020,Kobe Zielinski,False,DNP,,,,,,,,,,,
2016-G16,2016,16,2016-01-05,P021,Lucas Lindqvist,False,DNP,,,,,,,,,,,
2016-G17,2016,17,2016-01-09,P001,Desmond Farrier,False,DNP,,,,,,,,,,,
2016-G17,2016,17,2016-01-09,P002,Trey Ibarra,True,20:40,2-3,1-1,2-3,4.0,3.0,1.0,0.0,2.0,1.0,0.0,7.0
2016-G17,2016,17,2016-01-09,P004,Silas Baptiste,False,6:58,4-4,1-1,1-2,0.0,1.0,2.0,0.0,0.0,0.0,1.0,10.0
2016-G17,2016,17,2016-01-09,P005,Nolan Abrams,False,DNP,,,,,,,,,,,
2016-G17,2016,17,2016-01-09,P006,Tobias Delacroix,True,39:37,3-12,0-1,4-4,6.0,6.0,2.0,1.0,1.0,2.0,2.0,10.0
2016-G17,2016,17,2016-01-09,P007,Owen Quintero,True,23:52,5-7,3-4,3-3,1.0,4.0,4.0,2.0,1.0,1.0,1.0,16.0
2016-G17,2016,17,2016-01-09,P009,Cole Yamamoto,False,16:50,1-5,0-2,1-1,1.0,2.0,0.0,2.0,0.0,0.0,1.0,3.0
2016-G17,2016,17,2016-01-09,P014,Zavier Delacroix,False,16:37,1-2,0-1,1-2,0.0,1.0,1.0,0.0,0.0,0.0,2.0,3.0
2016-G17,2016,17,2016-01-09,P016,Cole Zielinski,True,25:37,5-9,2-4,5-7,0.0,5.0,2.0,1.0,0.0,0.0,1.0,17.0
2016-G17,2016,17,2016-01-09,P018,Kobe Kalinowski,False,8:21,1-3,0-2,2-2,0.0,0.0,2.0,0.0,0.0,0.0,0.0,4.0
2016-G17,2016,17,2016-01-09,P019,Terrance Eskridge,True,24:59,5-8,0-0,1-1,3.0,6.0,2.0,0.0,0.0,1.0,2.0,11.0
2016-G17,2016,17,2016-01-09,P020,Kobe Zielinski,False,5:23,0-2,0-1,0-0,0.0,0.0,1.0,0.0,0.0,0.0,0.0,0.0
2016-G17,2016,17,2016-01-09,P021,Lucas Lindqvist,False,11:05,0-3,0-1,0-0,1.0,1.0,2.0,2.0,2.0,0.0,1.0,0.0
2016-G18,2016,18,2016-01-13,P001,Desmond Farrier,False,DNP,,,,,,,,,,,
2016-G18,2016,18,2016-01-13,P002,Trey Ibarra,True,22:52,2-3,0-1,0-0,3.0,2.0,0.0,2.0,0.0,1.0,1.0,4.0
2016-G18,2016,18,2016-01-13,P004,Silas Baptiste,False,6:14,0-3,0-1,0-0,0.0,1.0,1.0,1.0,0.0,0.0,0.0,0.0
2016-G18,2016,18,2016-01-13,P005,Nolan Abrams,False,12:23,1-5,1-3,2-2,0.0,0.0,1.0,2.0,0.0,0.0,0.0,5.0
2016-G18,2016,18,2016-01-13,P006,Tobias Delacroix,True,36:45,6-10,0-1,0-0,2.0,5.0,1.0,3.0,1.0,5.0,1.0,12.0
2016-G18,2016,18,2016-01-13,P007,Owen Quintero,True,25:57,4-6,2-4,0-0,0.0,3.0,5.0,0.0,0.0,0.0,3.0,10.0
2016-G18,2016,18,2016-01-13,P009,Cole Yamamoto,False,DNP,,,,,,,,,,,
2016-G18,2016,18,2016-01-13,P014,Zavier Delacroix,False,16:32,2-5,1-2,1-1,1.0,2.0,0.0,0.0,0.0,0.0,0.0,6.0
2016-G18,2016,18,2016-01-13,P016,Cole Zielinski,True,31:49,5-12,1-5,2-3,0.0,3.0,2.0,0.0,1.0,0.0,3.0,13.0
2016-G18,2016,18,2016-01-13,P018,Kobe Kalinowski,False,6:02,1-1,0-0,0-0,0.0,0.0,3.0,0.0,0.0,0.0,1.0,2.0
2016-G18,2016,18,2016-01-13,P019,Terrance Eskridge,True,30:11,6-9,0-0,2-2,2.0,8.0,5.0,3.0,1.0,0.0,5.0,14.0
2016-G18,2016,18,2016-01-13,P020,Kobe Zielinski,False,DNP,,,,,,,,,,,
2016-G18,2016,18,2016-01-13,P021,Lucas Lindqvist,False,11:16,0-2,0-1,0-1,0.0,0.0,2.0,1.0,0.0,0.0,1.0,0.0
2016-G19,2016,19,2016-01-17,P001,Desmond Farrier,False,DNP,,,,,,,,,,,
2016-G19,2016,19,2016-01-17,P002,Trey Ibarra,True,19:35,4-5,1-2,0-0,3.0,2.0,1.0,2.0,1.0,1.0,2.0,9.0
2016-G19,2016,19,2016-01-17,P004,Silas Baptiste,False,DNP,,,,,,,,,,,
2016-G19,2016,19,2016-01-17,P005,Nolan Abrams,False,14:18,1-2,1-1,1-2,1.0,1.0,2.0,0.0,0.0,0.0,0.0,4.0
2016-G19,2016,19,2016-01-17,P006,Tobias Delacroix,True,39:09,6-11,0-1,4-4,2.0,4.0,3.0,3.0,3.0,1.0,4.0,16.0
2016-G19,2016,19,2016-01-17,P007,Owen Quintero,True,23:01,1-7,0-3,1-1,2.0,1.0,6.0,2.0,0.0,0.0,2.0,3.0
2016-G19,2016,19,2016-01-17,P009,Cole Yamamoto,False,14:00,0-4,0-2,1-1,0.0,1.0,1.0,2.0,1.0,0.0,3.0,1.0
2016-G19,2016,19,2016-01-17,P014,Zavier Delacroix,False,16:16,3-5,2-4,0-1,0.0,1.0,1.0,1.0,0.0,1.0,0.0,8.0
2016-G19,2016,19,2016-01-17,P016,Cole Zielinski,True,27:47,7-9,2-4,2-2,0.0,5.0,1.0,4.0,2.0,0.0,0.0,18.0
2016-G19,2016,19,2016-01-17,P018,Kobe Kalinowski,False,7:43,1-4,1-2,0-0,0.0,0.0,0.0,0.0,0.0,1.0,0.0,3.0
2016-G19,2016,19,2016-01-17,P019,Terrance Eskridge,True,25:52,7-8,0-0,0-0,2.0,3.0,0.0,0.0,1.0,0.0,1.0,14.0
2016-G19,2016,19,2016-01-17,P020,Kobe Zielinski,False,DNP,,,,,,,,,,,
2016-G19,2016,19,2016-01-17,P021,Lucas Lindqvist,False,12:19,0-4,0-1,0-0,0.0,0.0,0.0,1.0,0.0,0.0,1.0,0.0
2016-G20,2016,20,2016-01-21,P001,Desmond Farrier,False,7:22,1-3,0-1,0-2,0.0,1.0,0.0,0.0,1.0,0.0,0.0,2.0
2016-G20,2016,20,2016-01-21,P002,Trey Ibarra,True,21:11,0-2,0-0,1-1,4.0,2.0,1.0,0.0,2.0,0.0,1.0,1.0
2016-G20,2016,20,2016-01-21,P004,Silas Baptiste,False,DNP,,,,,,,,,,,
2016-G20,2016,20,2016-01-21,P005,Nolan Abrams,False,17:00,3-7,1-3,2-3,0.0,0.0,2.0,0.0,0.0,0.0,3.0,9.0
2016-G20,2016,20,2016-01-21,P006,Tobias Delacroix,True,39:26,2-9,0-1,1-2,5.0,5.0,3.0,0.0,2.0,3.0,3.0,5.0
2016-G20,2016,20,2016-01-21,P007,Owen Quintero,True,24:50,1-5,0-2,0-1,1.0,1.0,2.0,0.0,1.0,0.0,2.0,2.0
2016-G20,2016,20,2016-01-21,P009,Cole Yamamoto,False,DNP,,,,,,,,,,,
2016-G20,2016,20,2016-01-21,P014,Zavier Delacroix,False,14:51,0-0,0-0,0-1,0.0,0.0,2.0,1.0,0.0,0.0,0.0,0.0
2016-G20,2016,20,2016-01-21,P016,Cole Zielinski,True,32:05,5-12,2-6,5-5,1.0,3.0,2.0,1.0,0.0,0.0,5.0,17.0
2016-G20,2016,20,2016-01-21,P018,Kobe Kalinowski,False,8:14,1-4,0-2,0-0,0.0,0.0,1.0,0.0,1.0,0.0,1.0,2.0
2016-G20,2016,20,2016-01-21,P019,Terrance Eskridge,True,28:12,6-10,0-0,1-1,4.0,8.0,1.0,6.0,1.0,1.0,2.0,13.0
2016-G20,2016,20,2016-01-21,P020,Kobe Zielinski,False,6:48,2-3,1-1,0-0,0.0,2.0,0.0,1.0,0.0,0.0,1.0,5.0
2016-G20,2016,20,2016-01-21,P021,Lucas Lindqvist,False,DNP,,,,,,,,,,,
2016-G21,2016,21,2016-01-25,P001,Desmond Farrier,False,DNP,,,,,,,,,,,
2016-G21,2016,21,2016-01-25,P002,Trey Ibarra,True,22:39,0-1,0-0,0-1,1.0,5.0,1.0,0.0,2.0,0.0,2.0,0.0
2016-G21,2016,21,2016-01-25,P004,Silas Baptiste,False,7:19,3-4,0-1,1-2,1.0,1.0,1.0,1.0,1.0,0.0,1.0,7.0
2016-G21,2016,21,2016-01-25,P005,Nolan Abrams,False,11:58,3-5,1-3,1-1,1.0,4.0,3.0,1.0,1.0,0.0,1.0,8.0
2016-G21,2016,21,2016-01-25,P006,Tobias Delacroix,True,39:06,7-13,0-2,2-2,2.0,7.0,0.0,3.0,0.0,0.0,2.0,16.0
2016-G21,2016,21,2016-01-25,P007,Owen Quintero,True,23:03,5-7,2-4,1-1,2.0,1.0,6.0,2.0,0.0,0.0,1.0,13.0
2016-G21,2016,21,2016-01-25,P009,Cole Yamamoto,False,13:40,1-5,0-2,1-2,0.0,1.0,0.0,2.0,0.0,1.0,1.0,3.0
2016-G21,2016,21,2016-01-25,P014,Zavier Delacroix,False,DNP,,,,,,,,,,,
2016-G21,2016,21,2016-01-25,P016,Cole Zielinski,True,30:05,6-11,2-6,0-1,4.0,4.0,0.0,2.0,0.0,1.0,5.0,14.0
2016-G21,2016,21,2016-01-25,P018,Kobe Kalinowski,False,6:02,0-3,0-2,2-2,1.0,1.0,0.0,0.0,0.0,0.0,1.0,2.0
2016-G21,2016,21,2016-01-25,P019,Terrance Eskridge,True,28:55,6-11,0-0,5-5,2.0,4.0,1.0,0.0,0.0,3.0,2.0,17.0
2016-G21,2016,21,2016-01-25,P020,Kobe Zielinski,False,5:22,0-1,0-0,1-2,0.0,0.0,0.0,0.0,0.0,0.0,0.0,1.0
2016-G21,2016,21,2016-01-25,P021,Lucas Lindqvist,False,11:52,1-5,0-3,1-1,0.0,2.0,0.0,2.0,0.0,0.0,4.0,3.0
2016-G22,2016,22,2016-01-29,P001,Desmond Farrier,False,7:12,0-1,0-0,1-1,0.0,1.0,0.0,0.0,0.0,0.0,0.0,1.0
2016-G22,2016,22,2016-01-29,P002,Trey Ibarra,True,21:11,3-3,1-1,1-1,3.0,4.0,3.0,1.0,0.0,0.0,1.0,8.0
2016-G22,2016,22,2016-01-29,P004,Silas Baptiste,False,8:31,0-2,0-1,1-1,0.0,0.0,4.0,1.0,0.0,0.0,0.0,1.0
2016-G22,2016,22,2016-01-29,P005,Nolan Abrams,False,15:04,4-7,1-3,3-4,0.0,1.0,5.0,1.0,3.0,0.0,0.0,12.0
2016-G22,2016,22,2016-01-29,P006,Tobias Delacroix,True,39:19,7-12,1-2,2-4,3.0,8.0,0.0,4.0,1.0,4.0,2.0,17.0
2016-G22,2016,22,2016-01-29,P007,Owen Quintero,True,21:41,2-7,0-3,3-3,1.0,3.0,5.0,0.0,0.0,1.0,3.0,7.0
2016-G22,2016,22,2016-01-29,P009,Cole Yamamoto,False,17:12,1-4,0-1,1-1,0.0,2.0,1.0,1.0,1.0,0.0,0.0,3.0
2016-G22,2016,22,2016-01-29,P014,Zavier Delacroix,False,DNP,,,,,,,,,,,
2016-G22,2016,22,2016-01-29,P016,Cole Zielinski,True,30:03,7-11,3-5,1-3,2.0,7.0,0.0,1.0,1.0,1.0,1.0,18.0
2016-G22,2016,22,2016-01-29,P018,Kobe Kalinowski,False,8:36,0-3,0-2,1-1,0.0,0.0,5.0,1.0,0.0,1.0,2.0,1.0
2016-G22,2016,22,2016-01-29,P019,Terrance Eskridge,True,25:51,4-9,0-0,3-3,1.0,5.0,1.0,1.0,1.0,0.0,2.0,11.0
2016-G22,2016,22,2016-01-29,P020,Kobe Zielinski,False,5:19,0-0,0-0,1-1,0.0,1.0,0.0,0.0,0.0,0.0,0.0,1.0
2016-G22,2016,22,2016-01-29,P021,Lucas Lindqvist,False,DNP,,,,,,,,,,,
2016-G23,2016,23,2016-02-02,P001,Desmond Farrier,False,7:01,0-0,0-0,0-0,0.0,1.0,0.0,1.0,0.0,0.0,1.0,0.0
2016-G23,2016,23,2016-02-02,P002,Trey Ibarra,True,24:07,2-3,1-1,2-2,5.0,1.0,3.0,1.0,0.0,0.0,2.0,7.0
2016-G23,2016,23,2016-02-02,P004,Silas Baptiste,False,DNP,,,,,,,,,,,
2016-G23,2016,23,2016-02-02,P005,Nolan Abrams,False,17:41,2-5,1-3,1-1,1.0,3.0,1.0,0.0,2.0,0.0,3.0,6.0
2016-G23,2016,23,2016-02-02,P006,Tobias Delacroix,True,39:17,7-12,0-1,5-5,3.0,10.0,2.0,1.0,0.0,1.0,2.0,19.0
2016-G23,2016,23,2016-02-02,P007,Owen Quintero,True,28:54,4-7,2-3,3-4,1.0,2.0,9.0,2.0,2.0,1.0,2.0,13.0
2016-G23,2016,23,2016-02-02,P009,Cole Yamamoto,False,17:44,3-6,0-2,1-2,0.0,4.0,0.0,1.0,0.0,0.0,3.0,7.0
2016-G23,2016,23,2016-02-02,P014,Zavier Delacroix,False,DNP,,,,,,,,,,,
2016-G23,2016,23,2016-02-02,P016,Cole Zielinski,True,33:46,2-12,0-4,5-7,3.0,2.0,1.0,1.0,1.0,0.0,0.0,9.0
2016-G23,2016,23,2016-02-02,P018,Kobe Kalinowski,False,DNP,,,,,,,,,,,
2016-G23,2016,23,2016-02-02,P019,Terrance Eskridge,True,31:30,5-10,0-0,3-3,3.0,7.0,2.0,2.0,0.0,0.0,2.0,13.0
2016-G23,2016,23,2016-02-02,P020,Kobe Zielinski,False,DNP,,,,,,,,,,,
2016-G23,2016,23,2016-02-02,P021,Lucas Lindqvist,False,DNP,,,,,,,,,,,
2016-G24,2016,24,2016-02-06,P001,Desmond Farrier,False,DNP,,,,,,,,,,,
2016-G24,2016,24,2016-02-06,P002,Trey Ibarra,True,29:09,0-1,0-0,0-0,0.0,3.0,2.0,2.0,0.0,0.0,3.0,0.0
2016-G24,2016,24,2016-02-06,P004,Silas Baptiste,False,DNP,,,,,,,,,,,
2016-G24,2016,24,2016-02-06,P005,Nolan Abrams,False,DNP,,,,,,,,,,,
2016-G24,2016,24,2016-02-06,P006,Tobias Delacroix,True,39:17,7-13,1-2,4-5,3.0,1.0,5.0,2.0,1.0,1.0,4.0,19.0
2016-G24,2016,24,2016-02-06,P007,Owen Quintero,True,25:34,3-7,1-3,2-2,0.0,2.0,2.0,1.0,1.0,1.0,2.0,9.0
2016-G24,2016,24,2016-02-06,P009,Cole Yamamoto,False,15:50,0-3,0-1,1-2,0.0,2.0,2.0,1.0,1.0,0.0,2.0,1.0
2016-G24,2016,24,2016-02-06,P014,Zavier Delacroix,False,DNP,,,,,,,,,,,
2016-G24,2016,24,2016-02-06,P016,Cole Zielinski,True,30:53,2-8,0-3,1-2,3.0,4.0,3.0,1.0,0.0,0.0,2.0,5.0
2016-G24,2016,24,2016-02-06,P018,Kobe Kalinowski,False,DNP,,,,,,,,,,,
2016-G24,2016,24,2016-02-06,P019,Terrance Eskridge,True,35:04,9-13,0-1,1-2,6.0,11.0,4.0,3.0,0.0,0.0,3.0,19.0
2016-G24,2016,24,2016-02-06,P020,Kobe Zielinski,False,8:12,1-2,0-1,0-0,0.0,1.0,0.0,0.0,0.0,0.0,0.0,2.0
2016-G24,2016,24,2016-02-06,P021,Lucas Lindqvist,False,16:00,1-5,1-3,3-4,0.0,1.0,3.0,1.0,0.0,1.0,2.0,6.0
2016-G25,2016,25,2016-02-10,P001,Desmond Farrier,False,8:08,0-1,0-0,1-1,0.0,0.0,0.0,0.0,0.0,0.0,0.0,1.0
2016-G25,2016,25,2016-02-10,P002,Trey Ibarra,True,29:02,2-2,1-1,0-2,1.0,3.0,1.0,1.0,1.0,0.0,0.0,5.0
2016-G25,2016,25,2016-02-10,P004,Silas Baptiste,False,DNP,,,,,,,,,,,
2016-G25,2016,25,2016-02-10,P005,Nolan Abrams,False,DNP,,,,,,,,,,,
2016-G25,2016,25,2016-02-10,P006,Tobias Delacroix,True,40:15,9-13,0-2,2-4,2.0,8.0,4.0,1.0,0.0,4.0,2.0,20.0
2016-G25,2016,25,2016-02-10,P007,Owen Quintero,True,25:56,3-6,1-3,0-2,0.0,2.0,4.0,6.0,1.0,0.0,2.0,7.0
2016-G25,2016,25,2016-02-10,P009,Cole Yamamoto,False,DNP,,,,,,,,,,,
2016-G25,2016,25,2016-02-10,P014,Zavier Delacroix,False,DNP,,,,,,,,,,,
2016-G25,2016,25,2016-02-10,P016,Cole Zielinski,True,35:02,5-10,2-5,3-3,2.0,0.0,1.0,4.0,1.0,3.0,2.0,15.0
2016-G25,2016,25,2016-02-10,P018,Kobe Kalinowski,False,7:31,1-4,1-3,1-2,1.0,1.0,2.0,1.0,0.0,1.0,0.0,4.0
2016-G25,2016,25,2016-02-10,P019,Terrance Eskridge,True,32:23,7-11,0-0,3-5,0.0,4.0,2.0,4.0,0.0,2.0,1.0,17.0
2016-G25,2016,25,2016-02-10,P020,Kobe Zielinski,False,6:50,2-6,2-2,0-0,1.0,0.0,0.0,2.0,0.0,0.0,0.0,6.0
2016-G25,2016,25,2016-02-10,P021,Lucas Lindqvist,False,14:53,2-5,1-3,2-2,0.0,0.0,0.0,1.0,0.0,0.0,0.0,7.0
2016-G26,2016,26,2016-02-14,P001,Desmond Farrier,False,6:13,2-3,1-1,0-0,0.0,0.0,0.0,0.0,0.0,0.0,0.0,5.0
2016-G26,2016,26,2016-02-14,P002,Trey Ibarra,True,29:03,1-6,0-2,1-2,3.0,4.0,0.0,1.0,0.0,1.0,2.0,3.0
2016-G26,2016,26,2016-02-14,P004,Silas Baptiste,False,8:01,0-2,0-1,1-1,0.0,1.0,0.0,1.0,0.0,0.0,1.0,1.0
2016-G26,2016,26,2016-02-14,P005,Nolan Abrams,False,DNP,,,,,,,,,,,
2016-G26,2016,26,2016-02-14,P006,Tobias Delacroix,True,39:34,12-18,1-2,6-6,2.0,4.0,0.0,7.0,0.0,1.0,0.0,31.0
2016-G26,2016,26,2016-02-14,P007,Owen Quintero,True,27:41,5-11,2-4,1-1,0.0,1.0,6.0,0.0,0.0,1.0,2.0,13.0
2016-G26,2016,26,2016-02-14,P009,Cole Yamamoto,False,16:14,2-4,1-1,2-3,1.0,2.0,0.0,4.0,1.0,0.0,2.0,7.0
2016-G26,2016,26,2016-02-14,P014,Zavier Delacroix,False,DNP,,,,,,,,,,,
2016-G26,2016,26,2016-02-14,P016,Cole Zielinski,True,29:33,8-12,2-5,1-2,2.0,7.0,1.0,0.0,2.0,1.0,1.0,19.0
2016-G26,2016,26,2016-02-14,P018,Kobe Kalinowski,False,DNP,,,,,,,,,,,
2016-G26,2016,26,2016-02-14,P019,Terrance Eskridge,True,32:41,7-14,0-0,2-4,0.0,4.0,0.0,4.0,3.0,0.0,2.0,16.0
2016-G26,2016,26,2016-02-14,P020,Kobe Zielinski,False,DNP,,,,,,,,,,,
2016-G26,2016,26,2016-02-14,P021,Lucas Lindqvist,False,11:00,2-4,2-2,2-3,0.0,1.0,6.0,0.0,0.0,0.0,0.0,8.0
2016-G27,2016,27,2016-02-18,P001,Desmond Farrier,False,DNP,,,,,,,,,,,
2016-G27,2016,27,2016-02-18,P002,Trey Ibarra,True,26:07,3-4,1-2,1-1,0.0,3.0,0.0,3.0,1.0,0.0,3.0,8.0
2016-G27,2016,27,2016-02-18,P004,Silas Baptiste,False,7:24,0-1,0-1,0-0,0.0,0.0,1.0,0.0,1.0,1.0,0.0,0.0
2016-G27,2016,27,2016-02-18,P005,Nolan Abrams,False,16:03,1-4,0-3,0-0,1.0,0.0,1.0,1.0,0.0,0.0,1.0,2.0
2016-G27,2016,27,2016-02-18,P006,Tobias Delacroix,True,38:24,8-12,0-1,6-6,3.0,2.0,2.0,6.0,4.0,1.0,3.0,22.0
2016-G27,2016,27,2016-02-18,P007,Owen Quintero,True,26:06,2-5,0-2,0-0,0.0,0.0,4.0,3.0,1.0,1.0,2.0,4.0
2016-G27,2016,27,2016-02-18,P009,Cole Yamamoto,False,15:18,1-2,1-1,0-0,0.0,1.0,1.0,2.0,0.0,0.0,0.0,3.0
2016-G27,2016,27,2016-02-18,P014,Zavier Delacroix,False,DNP,,,,,,,,,,,
2016-G27,2016,27,2016-02-18,P016,Cole Zielinski,True,26:01,5-7,1-3,2-2,6.0,2.0,1.0,2.0,0.0,0.0,2.0,13.0
2016-G27,2016,27,2016-02-18,P018,Kobe Kalinowski,False,8:06,1-3,0-2,0-0,0.0,1.0,1.0,1.0,0.0,0.0,0.0,2.0
2016-G27,2016,27,2016-02-18,P019,Terrance Eskridge,True,30:47,6-10,0-0,2-2,4.0,4.0,0.0,1.0,1.0,1.0,1.0,14.0
2016-G27,2016,27,2016-02-18,P020,Kobe Zielinski,False,5:44,0-3,0-1,1-1,0.0,1.0,1.0,0.0,0.0,0.0,0.0,1.0
2016-G27,2016,27,2016-02-18,P021,Lucas Lindqvist,False,DNP,,,,,,,,,,,
2016-G28,2016,28,2016-02-22,P001,Desmond Farrier,False,6:16,1-3,0-1,2-4,0.0,0.0,0.0,3.0,0.0,0.0,1.0,4.0
2016-G28,2016,28,2016-02-22,P002,Trey Ibarra,True,20:59,2-2,1-1,0-0,0.0,1.0,2.0,3.0,0.0,0.0,1.0,5.0
2016-G28,2016,28,2016-02-22,P004,Silas Baptiste,False,DNP,,,,,,,,,,,
2016-G28,2016,28,2016-02-22,P005,Nolan Abrams,False,15:23,2-5,1-3,1-1,0.0,0.0,2.0,1.0,0.0,1.0,0.0,6.0
2016-G28,2016,28,2016-02-22,P006,Tobias Delacroix,True,35:58,9-12,1-1,2-3,1.0,2.0,1.0,3.0,0.0,0.0,5.0,21.0
2016-G28,2016,28,2016-02-22,P007,Owen Quintero,True,24:07,4-6,2-3,3-4,0.0,2.0,3.0,1.0,2.0,0.0,2.0,13.0
2016-G28,2016,28,2016-02-22,P009,Cole Yamamoto,False,13:31,3-4,1-1,1-2,2.0,0.0,1.0,1.0,0.0,0.0,5.0,8.0
2016-G28,2016,28,2016-02-22,P014,Zavier Delacroix,False,15:25,3-4,2-2,1-2,1.0,1.0,0.0,1.0,0.0,0.0,1.0,9.0
2016-G28,2016,28,2016-02-22,P016,Cole Zielinski,True,31:22,5-9,0-3,3-4,1.0,4.0,0.0,2.0,0.0,2.0,3.0,13.0
2016-G28,2016,28,2016-02-22,P018,Kobe Kalinowski,False,DNP,,,,,,,,,,,
2016-G28,2016,28,2016-02-22,P019,Terrance Eskridge,True,26:55,3-6,0-0,1-1,2.0,4.0,1.0,4.0,1.0,1.0,3.0,7.0
2016-G28,2016,28,2016-02-22,P020,Kobe Zielinski,False,DNP,,,,,,,,,,,
2016-G28,2016,28,2016-02-22,P021,Lucas Lindqvist,False,10:03,1-1,0-0,1-2,0.0,0.0,1.0,0.0,0.0,2.0,0.0,3.0
2016-G29,2016,29,2016-02-26,P001,Desmond Farrier,False,DNP,,,,,,,,,,,
2016-G29,2016,29,2016-02-26,P002,Trey Ibarra,True,23:37,0-1,0-0,0-0,1.0,3.0,0.0,0.0,1.0,0.0,2.0,0.0
2016-G29,2016,29,2016-02-26,P004,Silas Baptiste,False,8:55,1-4,0-2,1-1,0.0,1.0,2.0,1.0,0.0,0.0,1.0,3.0
2016-G29,2016,29,2016-02-26,P005,Nolan Abrams,False,DNP,,,,,,,,,,,
2016-G29,2016,29,2016-02-26,P006,Tobias Delacroix,True,40:19,7-14,2-2,4-5,5.0,6.0,3.0,1.0,2.0,1.0,3.0,20.0
2016-G29,2016,29,2016-02-26,P007,Owen Quintero,True,27:41,4-7,1-4,1-2,1.0,1.0,2.0,0.0,2.0,0.0,5.0,10.0
2016-G29,2016,29,2016-02-26,P009,Cole Yamamoto,False,DNP,,,,,,,,,,,
2016-G29,2016,29,2016-02-26,P014,Zavier Delacroix,False,18:57,2-3,0-1,0-1,1.0,0.0,4.0,1.0,1.0,0.0,0.0,4.0
2016-G29,2016,29,2016-02-26,P016,Cole Zielinski,True,36:14,5-13,2-5,6-6,2.0,4.0,4.0,4.0,0.0,0.0,5.0,18.0
2016-G29,2016,29,2016-02-26,P018,Kobe Kalinowski,False,DNP,,,,,,,,,,,
2016-G29,2016,29,2016-02-26,P019,Terrance Eskridge,True,31:45,6-9,0-0,5-6,4.0,1.0,1.0,2.0,1.0,2.0,5.0,17.0
2016-G29,2016,29,2016-02-26,P020,Kobe Zielinski,False,DNP,,,,,,,,,,,
2016-G29,2016,29,2016-02-26,P021,Lucas Lindqvist,False,12:31,3-4,1-2,1-1,0.0,1.0,1.0,0.0,0.0,0.0,0.0,8.0
2016-G30,2016,30,2016-03-01,P001,Desmond Farrier,False,DNP,,,,,,,,,,,
2016-G30,2016,30,2016-03-01,P002,Trey Ibarra,True,23:08,2-4,0-1,2-2,1.0,3.0,1.0,1.0,1.0,0.0,3.0,6.0
2016-G30,2016,30,2016-03-01,P004,Silas Baptiste,False,6:23,0-0,0-0,0-0,1.0,0.0,1.0,0.0,1.0,0.0,1.0,0.0
2016-G30,2016,30,2016-03-01,P005,Nolan Abrams,False,13:30,0-4,0-2,0-1,0.0,0.0,1.0,0.0,0.0,0.0,0.0,0.0
2016-G30,2016,30,2016-03-01,P006,Tobias Delacroix,True,38:43,7-12,0-2,1-3,2.0,9.0,0.0,3.0,1.0,1.0,2.0,15.0
2016-G30,2016,30,2016-03-01,P007,Owen Quintero,True,20:24,4-6,2-3,0-1,0.0,1.0,1.0,1.0,0.0,1.0,1.0,10.0
2016-G30,2016,30,2016-03-01,P009,Cole Yamamoto,False,13:46,3-3,1-1,3-3,1.0,1.0,0.0,1.0,0.0,0.0,1.0,10.0
2016-G30,2016,30,2016-03-01,P014,Zavier Delacroix,False,13:33,2-2,1-1,0-0,1.0,0.0,2.0,1.0,0.0,0.0,0.0,5.0
2016-G30,2016,30,2016-03-01,P016,Cole Zielinski,True,27:07,0-8,0-4,1-1,1.0,0.0,2.0,2.0,1.0,0.0,2.0,1.0
2016-G30,2016,30,2016-03-01,P018,Kobe Kalinowski,False,DNP,,,,,,,,,,,
2016-G30,2016,30,2016-03-01,P019,Terrance Eskridge,True,28:44,4-8,0-0,2-2,1.0,5.0,1.0,3.0,0.0,0.0,1.0,10.0
2016-G30,2016,30,2016-03-01,P020,Kobe Zielinski,False,5:13,0-3,0-1,4-4,0.0,0.0,1.0,1.0,0.0,0.0,0.0,4.0
2016-G30,2016,30,2016-03-01,P021,Lucas Lindqvist,False,9:30,0-2,0-1,0-0,0.0,1.0,2.0,1.0,0.0,0.0,0.0,0.0
2016-G31,2016,31,2016-03-05,P001,Desmond Farrier,False,DNP,,,,,,,,,,,
2016-G31,2016,31,2016-03-05,P002,Trey Ibarra,True,26:28,0-3,0-1,1-1,1.0,2.0,0.0,2.0,0.0,1.0,2.0,1.0
2016-G31,2016,31,2016-03-05,P004,Silas Baptiste,False,DNP,,,,,,,,,,,
2016-G31,2016,31,2016-03-05,P005,Nolan Abrams,False,14:54,2-5,1-3,0-0,0.0,2.0,0.0,1.0,0.0,0.0,2.0,5.0
2016-G31,2016,31,2016-03-05,P006,Tobias Delacroix,True,39:23,5-13,1-2,2-2,6.0,3.0,1.0,2.0,0.0,0.0,4.0,13.0
2016-G31,2016,31,2016-03-05,P007,Owen Quintero,True,27:10,5-6,2-2,3-3,1.0,2.0,5.0,6.0,2.0,2.0,2.0,15.0
2016-G31,2016,31,2016-03-05,P009,Cole Yamamoto,False,15:10,2-7,1-3,0-2,0.0,2.0,1.0,1.0,0.0,0.0,1.0,5.0
2016-G31,2016,31,2016-03-05,P014,Zavier Delacroix,False,17:24,1-2,1-1,1-1,2.0,3.0,3.0,1.0,1.0,1.0,2.0,4.0
2016-G31,2016,31,2016-03-05,P016,Cole Zielinski,True,33:58,3-12,1-5,2-2,2.0,5.0,0.0,4.0,1.0,1.0,2.0,9.0
2016-G31,2016,31,2016-03-05,P018,Kobe Kalinowski,False,8:17,2-3,2-2,0-0,0.0,0.0,2.0,0.0,0.0,2.0,1.0,6.0
2016-G31,2016,31,2016-03-05,P019,Terrance Eskridge,True,29:23,5-8,0-0,3-3,2.0,4.0,1.0,3.0,1.0,0.0,2.0,13.0
2016-G31,2016,31,2016-03-05,P020,Kobe Zielinski,False,DNP,,,,,,,,,,,
2016-G31,2016,31,2016-03-05,P021,Lucas Lindqvist,False,12:53,0-3,0-1,0-0,0.0,0.0,1.0,0.0,0.0,0.0,1.0,0.0
2016-G32,2016,32,2016-03-09,P001,Desmond Farrier,False,6:41,0-3,0-1,0-0,0.0,2.0,1.0,1.0,0.0,0.0,1.0,0.0
2016-G32,2016,32,2016-03-09,P002,Trey Ibarra,True,22:37,1-3,0-1,1-1,2.0,3.0,1.0,2.0,0.0,0.0,3.0,3.0
2016-G32,2016,32,2016-03-09,P004,Silas Baptiste,False,6:09,1-2,0-1,1-1,0.0,0.0,0.0,1.0,0.0,0.0,1.0,3.0
2016-G32,2016,32,2016-03-09,P005,Nolan Abrams,False,14:13,2-5,2-3,1-2,0.0,1.0,2.0,0.0,0.0,0.0,1.0,7.0
2016-G32,2016,32,2016-03-09,P006,Tobias Delacroix,True,34:56,10-14,2-2,2-2,1.0,3.0,0.0,3.0,1.0,1.0,2.0,24.0
2016-G32,2016,32,2016-03-09,P007,Owen Quintero,True,24:05,3-7,0-2,1-1,0.0,1.0,1.0,0.0,0.0,1.0,2.0,7.0
2016-G32,2016,32,2016-03-09,P009,Cole Yamamoto,False,14:59,1-4,1-2,0-0,3.0,0.0,1.0,0.0,1.0,0.0,3.0,3.0
2016-G32,2016,32,2016-03-09,P014,Zavier Delacroix,False,13:58,1-3,0-1,1-1,0.0,1.0,1.0,1.0,2.0,0.0,1.0,3.0
2016-G32,2016,32,2016-03-09,P016,Cole Zielinski,True,27:25,4-8,0-2,3-4,2.0,3.0,2.0,0.0,0.0,0.0,3.0,11.0
2016-G32,2016,32,2016-03-09,P018,Kobe Kalinowski,False,DNP,,,,,,,,,,,
2016-G32,2016,32,2016-03-09,P019,Terrance Eskridge,True,24:22,5-8,0-0,2-5,1.0,5.0,0.0,2.0,1.0,0.0,2.0,12.0
2016-G32,2016,32,2016-03-09,P020,Kobe Zielinski,False,DNP,,,,,,,,,,,
2016-G32,2016,32,2016-03-09,P021,Lucas Lindqvist,False,10:35,1-3,1-2,0-1,0.0,0.0,3.0,3.0,0.0,0.0,3.0,3.0
2017-G01,2017,1,2016-11-06,P001,Desmond Farrier,False,DNP,,,,,,,,,,,
2017-G01,2017,1,2016-11-06,P002,Trey Ibarra,False,25:43,1-3,0-1,0-0,0.0,4.0,1.0,1.0,0.0,0.0,1.0,2.0
2017-G01,2017,1,2016-11-06,P004,Silas Baptiste,False,DNP,,,,,,,,,,,
2017-G01,2017,1,2016-11-06,P006,Tobias Delacroix,True,33:51,8-10,1-1,4-5,3.0,7.0,0.0,1.0,0.0,3.0,2.0,21.0
2017-G01,2017,1,2016-11-06,P007,Owen Quintero,True,25:45,6-9,1-4,3-3,0.0,2.0,3.0,0.0,0.0,0.0,1.0,16.0
2017-G01,2017,1,2016-11-06,P014,Zavier Delacroix,False,DNP,,,,,,,,,,,
2017-G01,2017,1,2016-11-06,P016,Cole Zielinski,True,29:24,2-10,2-5,3-3,2.0,5.0,0.0,2.0,2.0,1.0,2.0,9.0
2017-G01,2017,1,2016-11-06,P018,Kobe Kalinowski,False,9:02,4-5,2-2,2-2,0.0,1.0,2.0,0.0,2.0,0.0,1.0,12.0
2017-G01,2017,1,2016-11-06,P019,Terrance Eskridge,True,27:27,8-10,0-0,3-3,0.0,6.0,0.0,6.0,0.0,0.0,2.0,19.0
2017-G01,2017,1,2016-11-06,P021,Lucas Lindqvist,False,11:30,2-3,0-1,1-1,1.0,1.0,3.0,0.0,1.0,0.0,3.0,5.0
2017-G01,2017,1,2016-11-06,P024,Owen Grzelak,False,DNP,,,,,,,,,,,
2017-G01,2017,1,2016-11-06,P025,Jaden Vandermeer,True,29:34,3-11,0-3,3-4,0.0,3.0,1.0,2.0,0.0,0.0,1.0,9.0
2017-G01,2017,1,2016-11-06,P026,Bennett Stankovic,False,7:45,1-3,0-1,0-1,0.0,0.0,2.0,0.0,0.0,0.0,0.0,2.0
2017-G02,2017,2,2016-11-10,P001,Desmond Farrier,False,DNP,,,,,,,,,,,
2017-G02,2017,2,2016-11-10,P002,Trey Ibarra,False,25:20,2-4,0-1,1-2,0.0,2.0,3.0,0.0,1.0,0.0,1.0,5.0
2017-G02,2017,2,2016-11-10,P004,Silas Baptiste,False,9:04,0-2,0-1,1-1,0.0,1.0,0.0,0.0,1.0,0.0,0.0,1.0
2017-G02,2017,2,2016-11-10,P006,Tobias Delacroix,True,32:13,4-10,0-1,3-3,1.0,4.0,6.0,0.0,0.0,3.0,1.0,11.0
2017-G02,2017,2,2016-11-10,P007,Owen Quintero,True,20:52,1-3,1-2,0-0,3.0,2.0,3.0,3.0,1.0,1.0,2.0,3.0
2017-G02,2017,2,2016-11-10,P014,Zavier Delacroix,False,DNP,,,,,,,,,,,
2017-G02,2017,2,2016-11-10,P016,Cole Zielinski,True,28:50,5-9,1-4,1-2,2.0,3.0,1.0,2.0,6.0,0.0,2.0,12.0
2017-G02,2017,2,2016-11-10,P018,Kobe Kalinowski,False,8:45,0-3,0-2,1-2,0.0,1.0,3.0,0.0,2.0,1.0,0.0,1.0
2017-G02,2017,2,2016-11-10,P019,Terrance Eskridge,True,30:06,2-11,0-0,6-6,2.0,1.0,1.0,4.0,1.0,1.0,1.0,10.0
2017-G02,2017,2,2016-11-10,P021,Lucas Lindqvist,False,11:08,1-2,1-1,0-0,1.0,0.0,0.0,1.0,0.0,0.0,0.0,3.0
2017-G02,2017,2,2016-11-10,P024,Owen Grzelak,False,DNP,,,,,,,,,,,
2017-G02,2017,2,2016-11-10,P025,Jaden Vandermeer,True,25:09,10-10,2-2,2-2,1.0,2.0,2.0,1.0,1.0,1.0,3.0,24.0
2017-G02,2017,2,2016-11-10,P026,Bennett Stankovic,False,8:34,1-3,0-1,0-0,0.0,3.0,3.0,1.0,0.0,1.0,0.0,2.0
2017-G03,2017,3,2016-11-14,P001,Desmond Farrier,False,7:47,0-0,0-0,1-1,0.0,1.0,1.0,0.0,0.0,0.0,1.0,1.0
2017-G03,2017,3,2016-11-14,P002,Trey Ibarra,False,18:11,0-2,0-1,1-1,1.0,4.0,1.0,2.0,0.0,0.0,0.0,1.0
2017-G03,2017,3,2016-11-14,P004,Silas Baptiste,False,DNP,,,,,,,,,,,
2017-G03,2017,3,2016-11-14,P006,Tobias Delacroix,True,32:56,5-6,1-1,0-0,3.0,5.0,2.0,1.0,1.0,4.0,2.0,11.0
2017-G03,2017,3,2016-11-14,P007,Owen Quintero,True,24:38,2-4,2-2,4-4,1.0,3.0,5.0,0.0,0.0,0.0,1.0,10.0
2017-G03,2017,3,2016-11-14,P014,Zavier Delacroix,False,DNP,,,,,,,,,,,
2017-G03,2017,3,2016-11-14,P016,Cole Zielinski,True,26:53,2-8,0-3,1-1,1.0,1.0,0.0,0.0,2.0,1.0,1.0,5.0
2017-G03,2017,3,2016-11-14,P018,Kobe Kalinowski,False,7:36,1-2,0-1,0-0,1.0,1.0,1.0,0.0,0.0,0.0,1.0,2.0
2017-G03,2017,3,2016-11-14,P019,Terrance Eskridge,True,29:04,4-7,0-0,4-4,0.0,2.0,0.0,3.0,0.0,0.0,2.0,12.0
2017-G03,2017,3,2016-11-14,P021,Lucas Lindqvist,False,11:28,2-4,1-2,1-2,0.0,1.0,2.0,1.0,1.0,0.0,2.0,6.0
2017-G03,2017,3,2016-11-14,P024,Owen Grzelak,False,14:17,1-2,0-1,0-1,0.0,1.0,1.0,0.0,0.0,0.0,0.0,2.0
2017-G03,2017,3,2016-11-14,P025,Jaden Vandermeer,True,27:09,7-9,2-2,4-4,0.0,4.0,0.0,1.0,1.0,0.0,2.0,20.0
2017-G03,2017,3,2016-11-14,P026,Bennett Stankovic,False,DNP,,,,,,,,,,,
2017-G04,2017,4,2016-11-18,P001,Desmond Farrier,False,6:33,0-1,0-0,0-1,0.0,1.0,0.0,0.0,0.0,0.0,0.0,0.0
2017-G04,2017,4,2016-11-18,P002,Trey Ibarra,False,23:04,6-6,2-2,4-5,2.0,6.0,1.0,1.0,0.0,0.0,0.0,18.0
2017-G04,2017,4,2016-11-18,P004,Silas Baptiste,False,DNP,,,,,,,,,,,
2017-G04,2017,4,2016-11-18,P006,Tobias Delacroix,True,36:21,6-9,1-1,2-4,2.0,9.0,2.0,2.0,0.0,2.0,4.0,15.0
2017-G04,2017,4,2016-11-18,P007,Owen Quintero,True,20:58,4-6,1-3,1-1,0.0,0.0,0.0,2.0,0.0,0.0,2.0,10.0
2017-G04,2017,4,2016-11-18,P014,Zavier Delacroix,False,DNP,,,,,,,,,,,
2017-G04,2017,4,2016-11-18,P016,Cole Zielinski,True,23:16,4-7,0-3,2-2,2.0,1.0,2.0,1.0,1.0,2.0,5.0,10.0
2017-G04,2017,4,2016-11-18,P018,Kobe Kalinowski,False,7:53,2-3,1-2,0-0,2.0,0.0,1.0,0.0,0.0,0.0,0.0,5.0
2017-G04,2017,4,2016-11-18,P019,Terrance Eskridge,True,24:44,6-8,0-0,2-2,4.0,6.0,1.0,0.0,0.0,1.0,1.0,14.0
2017-G04,2017,4,2016-11-18,P021,Lucas Lindqvist,False,11:41,3-4,1-2,0-0,0.0,2.0,4.0,2.0,1.0,0.0,1.0,7.0
2017-G04,2017,4,2016-11-18,P024,Owen Grzelak,False,13:03,0-1,0-0,2-2,0.0,0.0,1.0,0.0,0.0,1.0,1.0,2.0
2017-G04,2017,4,2016-11-18,P025,Jaden Vandermeer,True,23:59,2-7,0-1,0-1,0.0,5.0,1.0,0.0,2.0,0.0,3.0,4.0
2017-G04,2017,4,2016-11-18,P026,Bennett Stankovic,False,8:28,0-1,0-1,0-0,0.0,0.0,1.0,0.0,1.0,0.0,1.0,0.0
2017-G05,2017,5,2016-11-22,P001,Desmond Farrier,False,DNP,,,,,,,,,,,
2017-G05,2017,5,2016-11-22,P002,Trey Ibarra,False,22:50,1-2,0-1,0-0,0.0,3.0,2.0,3.0,0.0,0.0,1.0,2.0
2017-G05,2017,5,2016-11-22,P004,Silas Baptiste,False,8:32,0-2,0-1,0-0,0.0,1.0,0.0,0.0,1.0,0.0,0.0,0.0
2017-G05,2017,5,2016-11-22,P006,Tobias Delacroix,True,38:13,9-14,2-2,0-3,7.0,8.0,0.0,3.0,3.0,1.0,0.0,20.0
2017-G05,2017,5,2016-11-22,P007,Owen Quintero,True,26:42,6-8,3-4,3-4,0.0,1.0,6.0,1.0,0.0,0.0,1.0,18.0
2017-G05,2017,5,2016-11-22,P014,Zavier Delacroix,False,15:38,1-4,0-2,0-0,0.0,1.0,3.0,2.0,0.0,0.0,0.0,2.0
2017-G05,2017,5,2016-11-22,P016,Cole Zielinski,True,28:06,5-10,1-4,1-2,2.0,3.0,1.0,3.0,0.0,0.0,4.0,12.0
2017-G05,2017,5,2016-11-22,P018,Kobe Kalinowski,False,7:46,0-2,0-1,0-0,0.0,1.0,2.0,0.0,1.0,0.0,0.0,0.0
2017-G05,2017,5,2016-11-22,P019,Terrance Eskridge,True,23:54,5-7,0-0,1-1,2.0,4.0,0.0,0.0,1.0,0.0,1.0,11.0
2017-G05,2017,5,2016-11-22,P021,Lucas Lindqvist,False,DNP,,,,,,,,,,,
2017-G05,2017,5,2016-11-22,P024,Owen Grzelak,False,DNP,,,,,,,,,,,
2017-G05,2017,5,2016-11-22,P025,Jaden Vandermeer,True,28:19,9-11,2-2,4-4,0.0,4.0,0.0,2.0,1.0,0.0,5.0,24.0
2017-G05,2017,5,2016-11-22,P026,Bennett Stankovic,False,DNP,,,,,,,,,,,
2017-G06,2017,6,2016-11-26,P001,Desmond Farrier,False,DNP,,,,,,,,,,,
2017-G06,2017,6,2016-11-26,P002,Trey Ibarra,False,24:28,0-1,0-0,1-1,0.0,2.0,1.0,1.0,3.0,1.0,2.0,1.0
2017-G06,2017,6,2016-11-26,P004,Silas Baptiste,False,DNP,,,,,,,,,,,
2017-G06,2017,6,2016-11-26,P006,Tobias Delacroix,True,32:06,7-11,1-2,4-4,1.0,4.0,1.0,3.0,0.0,5.0,1.0,19.0
2017-G06,2017,6,2016-11-26,P007,Owen Quintero,True,26:02,3-7,1-3,3-4,0.0,3.0,6.0,1.0,0.0,0.0,1.0,10.0
2017-G06,2017,6,2016-11-26,P014,Zavier Delacroix,False,13:20,2-3,1-2,1-1,0.0,2.0,4.0,1.0,0.0,0.0,0.0,6.0
2017-G06,2017,6,2016-11-26,P016,Cole Zielinski,True,26:19,3-7,0-3,3-4,1.0,4.0,2.0,3.0,0.0,0.0,2.0,9.0
2017-G06,2017,6,2016-11-26,P018,Kobe Kalinowski,False,DNP,,,,,,,,,,,
2017-G06,2017,6,2016-11-26,P019,Terrance Eskridge,True,30:54,4-8,0-0,0-0,4.0,6.0,2.0,1.0,0.0,3.0,1.0,8.0
2017-G06,2017,6,2016-11-26,P021,Lucas Lindqvist,False,DNP,,,,,,,,,,,
2017-G06,2017,6,2016-11-26,P024,Owen Grzelak,False,13:23,1-4,0-2,0-0,0.0,2.0,3.0,0.0,0.0,0.0,1.0,2.0
2017-G06,2017,6,2016-11-26,P025,Jaden Vandermeer,True,25:15,2-8,0-1,0-0,3.0,2.0,1.0,2.0,2.0,1.0,3.0,4.0
2017-G06,2017,6,2016-11-26,P026,Bennett Stankovic,False,8:14,2-2,1-1,3-4,0.0,0.0,0.0,0.0,0.0,0.0,0.0,8.0
2017-G07,2017,7,2016-11-30,P001,Desmond Farrier,False,7:15,1-1,0-0,1-3,0.0,0.0,0.0,0.0,0.0,0.0,0.0,3.0
2017-G07,2017,7,2016-11-30,P002,Trey Ibarra,False,24:58,0-4,0-1,3-4,1.0,2.0,0.0,1.0,0.0,0.0,5.0,3.0
2017-G07,2017,7,2016-11-30,P004,Silas Baptiste,False,DNP,,,,,,,,,,,
2017-G07,2017,7,2016-11-30,P006,Tobias Delacroix,True,34:42,11-13,1-2,1-2,5.0,5.0,3.0,1.0,3.0,1.0,1.0,24.0
2017-G07,2017,7,2016-11-30,P007,Owen Quintero,True,28:32,5-7,2-3,1-1,1.0,1.0,5.0,3.0,1.0,1.0,0.0,13.0
2017-G07,2017,7,2016-11-30,P014,Zavier Delacroix,False,DNP,,,,,,,,,,,
2017-G07,2017,7,2016-11-30,P016,Cole Zielinski,True,26:38,7-10,3-4,2-3,2.0,5.0,1.0,2.0,0.0,0.0,2.0,19.0
2017-G07,2017,7,2016-11-30,P018,Kobe Kalinowski,False,DNP,,,,,,,,,,,
2017-G07,2017,7,2016-11-30,P019,Terrance Eskridge,True,30:02,9-10,0-0,5-5,1.0,7.0,0.0,1.0,0.0,0.0,2.0,23.0
2017-G07,2017,7,2016-11-30,P021,Lucas Lindqvist,False,DNP,,,,,,,,,,,
2017-G07,2017,7,2016-11-30,P024,Owen Grzelak,False,14:28,0-3,0-1,1-1,0.0,1.0,3.0,1.0,1.0,0.0,2.0,1.0
2017-G07,2017,7,2016-11-30,P025,Jaden Vandermeer,True,33:24,11-13,2-3,2-3,0.0,5.0,2.0,0.0,1.0,0.0,1.0,26.0
2017-G07,2017,7,2016-11-30,P026,Bennett Stankovic,False,DNP,,,,,,,,,,,
2017-G08,2017,8,2016-12-04,P001,Desmond Farrier,False,6:26,0-0,0-0,1-1,0.0,2.0,1.0,1.0,0.0,0.0,0.0,1.0
2017-G08,2017,8,2016-12-04,P002,Trey Ibarra,False,22:36,0-2,0-1,0-0,2.0,2.0,0.0,1.0,1.0,0.0,2.0,0.0
2017-G08,2017,8,2016-12-04,P004,Silas Baptiste,False,DNP,,,,,,,,,,,
2017-G08,2017,8,2016-12-04,P006,Tobias Delacroix,True,32:36,9-12,1-2,2-2,3.0,4.0,1.0,2.0,0.0,0.0,4.0,21.0
2017-G08,2017,8,2016-12-04,P007,Owen Quintero,True,21:32,4-6,2-3,0-0,1.0,1.0,1.0,2.0,0.0,0.0,2.0,10.0
2017-G08,2017,8,2016-12-04,P014,Zavier Delacroix,False,15:37,1-2,1-1,0-0,0.0,2.0,1.0,2.0,0.0,0.0,1.0,3.0
2017-G08,2017,8,2016-12-04,P016,Cole Zielinski,True,26:07,6-9,3-4,1-2,3.0,4.0,1.0,3.0,1.0,0.0,0.0,16.0
2017-G08,2017,8,2016-12-04,P018,Kobe Kalinowski,False,6:57,1-5,0-3,1-1,0.0,0.0,1.0,1.0,0.0,0.0,1.0,3.0
2017-G08,2017,8,2016-12-04,P019,Terrance Eskridge,True,25:50,7-10,0-0,2-2,3.0,2.0,3.0,1.0,1.0,3.0,1.0,16.0
2017-G08,2017,8,2016-12-04,P021,Lucas Lindqvist,False,DNP,,,,,,,,,,,
2017-G08,2017,8,2016-12-04,P024,Owen Grzelak,False,13:22,2-4,1-2,0-1,1.0,1.0,2.0,2.0,0.0,1.0,0.0,5.0
2017-G08,2017,8,2016-12-04,P025,Jaden Vandermeer,True,22:07,6-8,1-2,1-2,0.0,3.0,1.0,4.0,1.0,0.0,0.0,14.0
2017-G08,2017,8,2016-12-04,P026,Bennett Stankovic,False,6:52,2-3,2-2,0-0,0.0,0.0,3.0,3.0,0.0,0.0,1.0,6.0
2017-G09,2017,9,2016-12-08,P001,Desmond Farrier,False,7:14,1-1,0-0,0-0,1.0,0.0,0.0,0.0,0.0,0.0,1.0,2.0
2017-G09,2017,9,2016-12-08,P002,Trey Ibarra,False,DNP,,,,,,,,,,,
2017-G09,2017,9,2016-12-08,P004,Silas Baptiste,False,7:17,1-3,0-1,0-0,0.0,1.0,0.0,0.0,1.0,1.0,2.0,2.0
2017-G09,2017,9,2016-12-08,P006,Tobias Delacroix,True,36:44,8-9,1-1,2-2,7.0,7.0,2.0,5.0,1.0,3.0,1.0,19.0
2017-G09,2017,9,2016-12-08,P007,Owen Quintero,True,24:24,3-6,1-2,1-1,0.0,2.0,1.0,0.0,1.0,0.0,2.0,8.0
2017-G09,2017,9,2016-12-08,P014,Zavier Delacroix,False,18:09,0-2,0-1,0-1,0.0,1.0,3.0,2.0,0.0,0.0,1.0,0.0
2017-G09,2017,9,2016-12-08,P016,Cole Zielinski,True,32:55,6-11,4-5,3-3,2.0,5.0,2.0,2.0,0.0,0.0,2.0,19.0
2017-G09,2017,9,2016-12-08,P018,Kobe Kalinowski,False,DNP,,,,,,,,,,,
2017-G09,2017,9,2016-12-08,P019,Terrance Eskridge,True,32:16,6-10,0-0,4-4,1.0,4.0,0.0,4.0,0.0,2.0,4.0,16.0
2017-G09,2017,9,2016-12-08,P021,Lucas Lindqvist,False,DNP,,,,,,,,,,,
2017-G09,2017,9,2016-12-08,P024,Owen Grzelak,False,14:16,2-2,1-1,2-3,0.0,0.0,1.0,1.0,1.0,0.0,0.0,7.0
2017-G09,2017,9,2016-12-08,P025,Jaden Vandermeer,True,26:44,3-8,0-2,0-1,4.0,4.0,0.0,3.0,1.0,1.0,4.0,6.0
2017-G09,2017,9,2016-12-08,P026,Bennett Stankovic,False,DNP,,,,,,,,,,,
2017-G10,2017,10,2016-12-12,P001,Desmond Farrier,False,6:58,2-3,0-1,2-2,0.0,0.0,1.0,0.0,0.0,0.0,0.0,6.0
2017-G10,2017,10,2016-12-12,P002,Trey Ibarra,False,DNP,,,,,,,,,,,
2017-G10,2017,10,2016-12-12,P004,Silas Baptiste,False,8:43,1-2,0-1,2-2,0.0,1.0,2.0,1.0,0.0,1.0,0.0,4.0
2017-G10,2017,10,2016-12-12,P006,Tobias Delacroix,True,31:15,2-7,1-1,2-2,3.0,5.0,0.0,2.0,1.0,2.0,2.0,7.0
2017-G10,2017,10,2016-12-12,P007,Owen Quintero,True,20:40,2-4,1-2,1-2,0.0,1.0,1.0,2.0,0.0,1.0,1.0,6.0
2017-G10,2017,10,2016-12-12,P014,Zavier Delacroix,False,DNP,,,,,,,,,,,
2017-G10,2017,10,2016-12-12,P016,Cole Zielinski,True,26:07,4-7,3-4,2-2,0.0,1.0,1.0,3.0,2.0,3.0,0.0,13.0
2017-G10,2017,10,2016-12-12,P018,Kobe Kalinowski,False,7:55,2-3,1-1,3-3,0.0,0.0,2.0,0.0,0.0,0.0,0.0,8.0
2017-G10,2017,10,2016-12-12,P019,Terrance Eskridge,True,27:21,6-8,0-0,0-2,2.0,6.0,0.0,1.0,1.0,2.0,3.0,12.0
2017-G10,2017,10,2016-12-12,P021,Lucas Lindqvist,False,14:09,2-3,1-2,0-0,0.0,0.0,2.0,0.0,0.0,1.0,1.0,5.0
2017-G10,2017,10,2016-12-12,P024,Owen Grzelak,False,14:49,1-3,0-1,0-1,0.0,1.0,2.0,0.0,0.0,0.0,2.0,2.0
2017-G10,2017,10,2016-12-12,P025,Jaden Vandermeer,True,33:17,4-9,2-2,2-2,1.0,4.0,2.0,3.0,1.0,0.0,1.0,12.0
2017-G10,2017,10,2016-12-12,P026,Bennett Stankovic,False,8:45,2-2,1-1,0-0,1.0,2.0,2.0,0.0,1.0,0.0,1.0,5.0
2017-G11,2017,11,2016-12-16,P001,Desmond Farrier,False,7:35,2-3,1-1,1-2,0.0,1.0,0.0,1.0,0.0,0.0,1.0,6.0
2017-G11,2017,11,2016-12-16,P002,Trey Ibarra,False,23:27,4-6,2-2,2-2,1.0,3.0,0.0,1.0,2.0,0.0,2.0,12.0
2017-G11,2017,11,2016-12-16,P004,Silas Baptiste,False,DNP,,,,,,,,,,,
2017-G11,2017,11,2016-12-16,P006,Tobias Delacroix,True,30:01,6-9,1-1,3-3,2.0,4.0,3.0,0.0,0.0,0.0,2.0,16.0
2017-G11,2017,11,2016-12-16,P007,Owen Quintero,True,20:51,0-6,0-2,3-3,1.0,2.0,2.0,3.0,0.0,0.0,0.0,3.0
2017-G11,2017,11,2016-12-16,P014,Zavier Delacroix,False,DNP,,,,,,,,,,,
2017-G11,2017,11,2016-12-16,P016,Cole Zielinski,True,29:47,4-10,2-5,4-4,3.0,10.0,1.0,1.0,0.0,0.0,3.0,14.0
2017-G11,2017,11,2016-12-16,P018,Kobe Kalinowski,False,8:07,2-4,1-2,3-3,0.0,0.0,1.0,1.0,0.0,0.0,1.0,8.0
2017-G11,2017,11,2016-12-16,P019,Terrance Eskridge,True,26:19,3-9,0-0,4-4,4.0,2.0,0.0,1.0,2.0,2.0,3.0,10.0
2017-G11,2017,11,2016-12-16,P021,Lucas Lindqvist,False,10:46,1-2,1-1,0-0,0.0,1.0,3.0,0.0,0.0,1.0,0.0,3.0
2017-G11,2017,11,2016-12-16,P024,Owen Grzelak,False,12:09,3-4,1-2,0-0,0.0,4.0,1.0,0.0,1.0,0.0,1.0,7.0
2017-G11,2017,11,2016-12-16,P025,Jaden Vandermeer,True,22:39,5-9,1-2,4-4,2.0,4.0,1.0,2.0,0.0,1.0,1.0,15.0
2017-G11,2017,11,2016-12-16,P026,Bennett Stankovic,False,8:19,1-3,0-1,0-2,0.0,0.0,1.0,0.0,0.0,0.0,0.0,2.0
2017-G12,2017,12,2016-12-20,P001,Desmond Farrier,False,6:32,2-3,1-1,2-2,1.0,0.0,1.0,0.0,0.0,0.0,0.0,7.0
2017-G12,2017,12,2016-12-20,P002,Trey Ibarra,False,21:49,2-4,0-1,5-5,1.0,6.0,1.0,0.0,1.0,0.0,2.0,9.0
2017-G12,2017,12,2016-12-20,P004,Silas Baptiste,False,8:09,0-3,0-2,1-1,1.0,1.0,0.0,0.0,0.0,0.0,1.0,1.0
2017-G12,2017,12,2016-12-20,P006,Tobias Delacroix,True,31:12,4-9,0-1,0-0,6.0,6.0,1.0,2.0,1.0,2.0,2.0,8.0
2017-G12,2017,12,2016-12-20,P007,Owen Quintero,True,23:12,4-6,3-3,0-1,0.0,1.0,2.0,2.0,1.0,1.0,0.0,11.0
2017-G12,2017,12,2016-12-20,P014,Zavier Delacroix,False,14:21,2-2,1-1,0-0,0.0,0.0,3.0,0.0,0.0,0.0,1.0,5.0
2017-G12,2017,12,2016-12-20,P016,Cole Zielinski,True,26:34,5-9,1-4,2-2,4.0,1.0,0.0,0.0,1.0,1.0,5.0,13.0
2017-G12,2017,12,2016-12-20,P018,Kobe Kalinowski,False,DNP,,,,,,,,,,,
2017-G12,2017,12,2016-12-20,P019,Terrance Eskridge,True,24:30,5-8,0-0,3-3,0.0,5.0,4.0,2.0,0.0,1.0,2.0,13.0
2017-G12,2017,12,2016-12-20,P021,Lucas Lindqvist,False,11:21,3-4,1-2,2-3,0.0,0.0,4.0,0.0,0.0,0.0,0.0,9.0
2017-G12,2017,12,2016-12-20,P024,Owen Grzelak,False,DNP,,,,,,,,,,,
2017-G12,2017,12,2016-12-20,P025,Jaden Vandermeer,True,24:04,2-7,0-1,3-3,2.0,2.0,1.0,1.0,3.0,0.0,3.0,7.0
2017-G12,2017,12,2016-12-20,P026,Bennett Stankovic,False,8:16,1-1,0-0,0-0,1.0,0.0,2.0,1.0,0.0,0.0,0.0,2.0
2017-G13,2017,13,2016-12-24,P001,Desmond Farrier,False,DNP,,,,,,,,,,,
2017-G13,2017,13,2016-12-24,P002,Trey Ibarra,False,19:15,1-2,0-1,2-2,1.0,1.0,0.0,1.0,1.0,0.0,0.0,4.0
2017-G13,2017,13,2016-12-24,P004,Silas Baptiste,False,DNP,,,,,,,,,,,
2017-G13,2017,13,2016-12-24,P006,Tobias Delacroix,True,36:31,3-10,0-1,3-4,2.0,7.0,1.0,3.0,0.0,1.0,1.0,9.0
2017-G13,2017,13,2016-12-24,P007,Owen Quintero,True,21:50,4-7,2-4,1-1,0.0,2.0,3.0,3.0,1.0,1.0,4.0,11.0
2017-G13,2017,13,2016-12-24,P014,Zavier Delacroix,False,15:54,4-5,1-2,0-0,0.0,2.0,0.0,1.0,0.0,0.0,1.0,9.0
2017-G13,2017,13,2016-12-24,P016,Cole Zielinski,True,27:35,5-8,1-3,2-2,2.0,2.0,3.0,2.0,2.0,0.0,5.0,13.0
2017-G13,2017,13,2016-12-24,P018,Kobe Kalinowski,False,7:05,2-4,1-3,3-4,0.0,0.0,0.0,0.0,0.0,0.0,0.0,8.0
2017-G13,2017,13,2016-12-24,P019,Terrance Eskridge,True,23:28,3-9,0-0,3-4,0.0,3.0,2.0,2.0,0.0,1.0,5.0,9.0
2017-G13,2017,13,2016-12-24,P021,Lucas Lindqvist,False,12:42,1-3,1-2,1-1,0.0,0.0,1.0,3.0,0.0,0.0,1.0,4.0
2017-G13,2017,13,2016-12-24,P024,Owen Grzelak,False,DNP,,,,,,,,,,,
2017-G13,2017,13,2016-12-24,P025,Jaden Vandermeer,True,26:57,6-8,0-1,2-3,1.0,3.0,2.0,2.0,0.0,0.0,1.0,14.0
2017-G13,2017,13,2016-12-24,P026,Bennett Stankovic,False,8:45,0-1,0-1,0-0,0.0,1.0,1.0,1.0,0.0,1.0,1.0,0.0
2017-G14,2017,14,2016-12-28,P001,Desmond Farrier,False,6:32,0-0,0-0,0-0,0.0,0.0,0.0,0.0,1.0,0.0,0.0,0.0
2017-G14,2017,14,2016-12-28,P002,Trey Ibarra,False,23:02,3-5,1-2,0-0,0.0,7.0,1.0,3.0,0.0,1.0,2.0,7.0
2017-G14,2017,14,2016-12-28,P004,Silas Baptiste,False,7:01,0-3,0-1,1-1,0.0,0.0,3.0,0.0,0.0,1.0,1.0,1.0
2017-G14,2017,14,2016-12-28,P006,Tobias Delacroix,True,37:31,7-12,0-2,4-5,3.0,9.0,0.0,4.0,2.0,0.0,2.0,18.0
2017-G14,2017,14,2016-12-28,P007,Owen Quintero,True,20:47,3-3,1-1,1-1,1.0,1.0,2.0,1.0,1.0,1.0,2.0,8.0
2017-G14,2017,14,2016-12-28,P014,Zavier Delacroix,False,DNP,,,,,,,,,,,
2017-G14,2017,14,2016-12-28,P016,Cole Zielinski,True,28:48,8-9,4-4,1-2,0.0,2.0,2.0,3.0,1.0,0.0,1.0,21.0
2017-G14,2017,14,2016-12-28,P018,Kobe Kalinowski,False,8:11,2-4,1-3,1-1,0.0,1.0,1.0,1.0,0.0,0.0,4.0,6.0
2017-G14,2017,14,2016-12-28,P019,Terrance Eskridge,True,25:59,5-8,0-0,2-3,4.0,5.0,0.0,2.0,0.0,0.0,2.0,12.0
2017-G14,2017,14,2016-12-28,P021,Lucas Lindqvist,False,12:22,3-5,1-2,0-1,0.0,2.0,1.0,1.0,0.0,0.0,0.0,7.0
2017-G14,2017,14,2016-12-28,P024,Owen Grzelak,False,DNP,,,,,,,,,,,
2017-G14,2017,14,2016-12-28,P025,Jaden Vandermeer,True,29:47,4-8,1-2,3-3,2.0,2.0,1.0,1.0,0.0,0.0,4.0,12.0
2017-G14,2017,14,2016-12-28,P026,Bennett Stankovic,False,DNP,,,,,,,,,,,
2017-G15,2017,15,2017-01-01,P001,Desmond Farrier,False,DNP,,,,,,,,,,,
2017-G15,2017,15,2017-01-01,P002,Trey Ibarra,False,25:51,3-5,1-2,4-4,3.0,2.0,0.0,1.0,0.0,0.0,2.0,11.0
2017-G15,2017,15,2017-01-01,P004,Silas Baptiste,False,DNP,,,,,,,,,,,
2017-G15,2017,15,2017-01-01,P006,Tobias Delacroix,True,30:29,5-10,0-1,3-3,9.0,6.0,0.0,0.0,1.0,1.0,1.0,13.0
2017-G15,2017,15,2017-01-01,P007,Owen Quintero,True,25:09,4-6,1-3,2-2,0.0,0.0,2.0,2.0,1.0,0.0,1.0,11.0
2017-G15,2017,15,2017-01-01,P014,Zavier Delacroix,False,13:57,0-0,0-0,0-0,2.0,1.0,0.0,1.0,0.0,0.0,1.0,0.0
2017-G15,2017,15,2017-01-01,P016,Cole Zielinski,True,28:49,5-9,1-3,0-0,1.0,4.0,1.0,3.0,0.0,0.0,1.0,11.0
2017-G15,2017,15,2017-01-01,P018,Kobe Kalinowski,False,8:51,0-2,0-1,0-0,1.0,1.0,3.0,0.0,0.0,0.0,1.0,0.0
2017-G15,2017,15,2017-01-01,P019,Terrance Eskridge,True,25:33,3-9,0-0,0-0,5.0,4.0,1.0,0.0,0.0,0.0,0.0,6.0
2017-G15,2017,15,2017-01-01,P021,Lucas Lindqvist,False,12:35,3-6,2-3,2-2,0.0,0.0,2.0,0.0,1.0,0.0,2.0,10.0
2017-G15,2017,15,2017-01-01,P024,Owen Grzelak,False,DNP,,,,,,,,,,,
2017-G15,2017,15,2017-01-01,P025,Jaden Vandermeer,True,28:47,8-10,2-3,0-0,3.0,2.0,1.0,2.0,1.0,0.0,3.0,18.0
2017-G15,2017,15,2017-01-01,P026,Bennett Stankovic,False,DNP,,,,,,,,,,,
2017-G16,2017,16,2017-01-05,P001,Desmond Farrier,False,6:16,0-0,0-0,0-0,0.0,1.0,0.0,0.0,0.0,0.0,0.0,0.0
2017-G16,2017,16,2017-01-05,P002,Trey Ibarra,False,21:29,2-4,1-1,1-2,2.0,2.0,2.0,1.0,0.0,0.0,2.0,6.0
2017-G16,2017,16,2017-01-05,P004,Silas Baptiste,False,DNP,,,,,,,,,,,
2017-G16,2017,16,2017-01-05,P006,Tobias Delacroix,True,36:01,7-12,1-1,3-4,3.0,5.0,4.0,3.0,2.0,1.0,1.0,18.0
2017-G16,2017,16,2017-01-05,P007,Owen Quintero,True,20:36,4-7,2-4,3-4,1.0,2.0,2.0,0.0,0.0,3.0,2.0,13.0
2017-G16,2017,16,2017-01-05,P014,Zavier Delacroix,False,14:17,0-2,0-1,1-1,1.0,3.0,2.0,2.0,1.0,0.0,2.0,1.0
2017-G16,2017,16,2017-01-05,P016,Cole Zielinski,True,21:53,4-9,1-3,1-1,0.0,4.0,2.0,1.0,1.0,1.0,1.0,10.0
2017-G16,2017,16,2017-01-05,P018,Kobe Kalinowski,False,DNP,,,,,,,,,,,
2017-G16,2017,16,2017-01-05,P019,Terrance Eskridge,True,24:09,6-8,0-0,3-4,4.0,3.0,2.0,0.0,1.0,0.0,1.0,15.0
2017-G16,2017,16,2017-01-05,P021,Lucas Lindqvist,False,9:35,0-2,0-1,0-1,1.0,0.0,1.0,1.0,0.0,0.0,1.0,0.0
2017-G16,2017,16,2017-01-05,P024,Owen Grzelak,False,13:24,2-3,1-1,2-4,1.0,1.0,2.0,1.0,1.0,0.0,1.0,7.0
2017-G16,2017,16,2017-01-05,P025,Jaden Vandermeer,True,25:05,3-9,1-2,0-0,2.0,6.0,3.0,1.0,2.0,0.0,1.0,7.0
2017-G16,2017,16,2017-01-05,P026,Bennett Stankovic,False,7:16,0-0,0-0,0-0,0.0,0.0,1.0,0.0,0.0,0.0,0.0,0.0
2017-G17,2017,17,2017-01-09,P001,Desmond Farrier,False,6:36,0-1,0-0,0-0,0.0,0.0,0.0,1.0,0.0,0.0,1.0,0.0
2017-G17,2017,17,2017-01-09,P002,Trey Ibarra,False,22:21,1-3,1-1,0-0,0.0,0.0,0.0,2.0,1.0,0.0,2.0,3.0
2017-G17,2017,17,2017-01-09,P004,Silas Baptiste,False,DNP,,,,,,,,,,,
2017-G17,2017,17,2017-01-09,P006,Tobias Delacroix,True,38:14,3-10,0-2,2-4,2.0,9.0,2.0,3.0,0.0,3.0,0.0,8.0
2017-G17,2017,17,2017-01-09,P007,Owen Quintero,True,26:20,2-6,1-3,4-4,1.0,2.0,4.0,0.0,0.0,1.0,1.0,9.0
2017-G17,2017,17,2017-01-09,P014,Zavier Delacroix,False,DNP,,,,,,,,,,,
2017-G17,2017,17,2017-01-09,P016,Cole Zielinski,True,32:57,2-9,2-4,4-4,1.0,6.0,1.0,1.0,0.0,1.0,2.0,10.0
2017-G17,2017,17,2017-01-09,P018,Kobe Kalinowski,False,DNP,,,,,,,,,,,
2017-G17,2017,17,2017-01-09,P019,Terrance Eskridge,True,27:52,6-9,0-0,0-0,4.0,5.0,1.0,1.0,2.0,0.0,3.0,12.0
2017-G17,2017,17,2017-01-09,P021,Lucas Lindqvist,False,DNP,,,,,,,,,,,
2017-G17,2017,17,2017-01-09,P024,Owen Grzelak,False,14:44,2-4,1-2,0-0,0.0,2.0,0.0,0.0,2.0,0.0,1.0,5.0
2017-G17,2017,17,2017-01-09,P025,Jaden Vandermeer,True,30:57,4-9,2-2,0-2,2.0,3.0,7.0,4.0,2.0,0.0,2.0,10.0
2017-G17,2017,17,2017-01-09,P026,Bennett Stankovic,False,DNP,,,,,,,,,,,
2017-G18,2017,18,2017-01-13,P001,Desmond Farrier,False,8:07,1-1,0-0,1-1,0.0,2.0,0.0,1.0,0.0,0.0,0.0,3.0
2017-G18,2017,18,2017-01-13,P002,Trey Ibarra,False,26:05,2-4,0-1,1-1,2.0,2.0,0.0,3.0,1.0,0.0,2.0,5.0
2017-G18,2017,18,2017-01-13,P004,Silas Baptiste,False,DNP,,,,,,,,,,,
2017-G18,2017,18,2017-01-13,P006,Tobias Delacroix,True,31:48,5-8,0-1,2-2,2.0,5.0,0.0,2.0,1.0,3.0,3.0,12.0
2017-G18,2017,18,2017-01-13,P007,Owen Quintero,True,28:39,3-3,1-1,0-0,0.0,0.0,2.0,4.0,1.0,0.0,2.0,7.0
2017-G18,2017,18,2017-01-13,P014,Zavier Delacroix,False,14:45,1-3,1-2,0-0,0.0,0.0,3.0,0.0,0.0,0.0,0.0,3.0
2017-G18,2017,18,2017-01-13,P016,Cole Zielinski,True,27:48,7-9,3-4,3-3,3.0,8.0,2.0,0.0,0.0,0.0,5.0,20.0
2017-G18,2017,18,2017-01-13,P018,Kobe Kalinowski,False,DNP,,,,,,,,,,,
2017-G18,2017,18,2017-01-13,P019,Terrance Eskridge,True,33:25,4-10,0-0,3-5,5.0,5.0,3.0,4.0,1.0,5.0,5.0,11.0
2017-G18,2017,18,2017-01-13,P021,Lucas Lindqvist,False,DNP,,,,,,,,,,,
2017-G18,2017,18,2017-01-13,P024,Owen Grzelak,False,DNP,,,,,,,,,,,
2017-G18,2017,18,2017-01-13,P025,Jaden Vandermeer,True,29:23,5-9,1-2,3-3,1.0,4.0,1.0,1.0,4.0,0.0,3.0,14.0
2017-G18,2017,18,2017-01-13,P026,Bennett Stankovic,False,DNP,,,,,,,,,,,
2017-G19,2017,19,2017-01-17,P001,Desmond Farrier,False,7:49,0-1,0-0,1-1,0.0,2.0,0.0,0.0,0.0,0.0,0.0,1.0
2017-G19,2017,19,2017-01-17,P002,Trey Ibarra,False,24:06,3-4,1-1,0-0,0.0,1.0,1.0,3.0,0.0,0.0,2.0,7.0
2017-G19,2017,19,2017-01-17,P004,Silas Baptiste,False,7:56,1-3,1-1,2-3,0.0,0.0,3.0,1.0,1.0,0.0,0.0,5.0
2017-G19,2017,19,2017-01-17,P006,Tobias Delacroix,True,29:28,9-10,1-1,3-3,2.0,5.0,1.0,2.0,1.0,1.0,3.0,22.0
2017-G19,2017,19,2017-01-17,P007,Owen Quintero,True,19:54,3-5,1-2,2-2,2.0,0.0,2.0,1.0,1.0,0.0,2.0,9.0
2017-G19,2017,19,2017-01-17,P014,Zavier Delacroix,False,DNP,,,,,,,,,,,
2017-G19,2017,19,2017-01-17,P016,Cole Zielinski,True,26:22,4-9,2-4,0-0,2.0,1.0,1.0,1.0,0.0,1.0,4.0,10.0
2017-G19,2017,19,2017-01-17,P018,Kobe Kalinowski,False,7:24,1-3,1-2,1-1,0.0,2.0,0.0,0.0,0.0,0.0,0.0,4.0
2017-G19,2017,19,2017-01-17,P019,Terrance Eskridge,True,25:27,3-6,0-0,0-1,2.0,4.0,1.0,3.0,0.0,2.0,4.0,6.0
2017-G19,2017,19,2017-01-17,P021,Lucas Lindqvist,False,12:15,1-2,0-1,0-0,1.0,0.0,5.0,0.0,0.0,0.0,0.0,2.0
2017-G19,2017,19,2017-01-17,P024,Owen Grzelak,False,13:25,1-3,1-1,0-1,0.0,1.0,1.0,1.0,1.0,0.0,1.0,3.0
2017-G19,2017,19,2017-01-17,P025,Jaden Vandermeer,True,25:52,4-10,1-1,4-4,0.0,3.0,2.0,5.0,0.0,0.0,0.0,13.0
2017-G19,2017,19,2017-01-17,P026,Bennett Stankovic,False,DNP,,,,,,,,,,,
2017-G20,2017,20,2017-01-21,P001,Desmond Farrier,False,6:56,1-2,0-0,0-0,1.0,1.0,0.0,0.0,0.0,0.0,0.0,2.0
2017-G20,2017,20,2017-01-21,P002,Trey Ibarra,False,21:29,1-3,0-1,0-0,1.0,3.0,2.0,3.0,1.0,1.0,1.0,2.0
2017-G20,2017,20,2017-01-21,P004,Silas Baptiste,False,9:46,0-2,0-1,1-1,0.0,0.0,2.0,0.0,0.0,0.0,1.0,1.0
2017-G20,2017,20,2017-01-21,P006,Tobias Delacroix,True,35:10,6-10,1-1,0-2,4.0,6.0,2.0,4.0,0.0,2.0,4.0,13.0
2017-G20,2017,20,2017-01-21,P007,Owen Quintero,True,22:27,2-4,1-2,1-2,1.0,4.0,5.0,0.0,2.0,0.0,4.0,6.0
2017-G20,2017,20,2017-01-21,P014,Zavier Delacroix,False,DNP,,,,,,,,,,,
2017-G20,2017,20,2017-01-21,P016,Cole Zielinski,True,31:22,6-13,2-5,4-4,4.0,3.0,3.0,2.0,2.0,0.0,1.0,18.0
2017-G20,2017,20,2017-01-21,P018,Kobe Kalinowski,False,DNP,,,,,,,,,,,
2017-G20,2017,20,2017-01-21,P019,Terrance Eskridge,True,33:57,12-13,0-0,4-4,3.0,5.0,3.0,1.0,2.0,2.0,4.0,28.0
2017-G20,2017,20,2017-01-21,P021,Lucas Lindqvist,False,DNP,,,,,,,,,,,
2017-G20,2017,20,2017-01-21,P024,Owen Grzelak,False,DNP,,,,,,,,,,,
2017-G20,2017,20,2017-01-21,P025,Jaden Vandermeer,True,30:31,9-11,2-2,2-3,4.0,7.0,0.0,1.0,0.0,2.0,2.0,22.0
2017-G20,2017,20,2017-01-21,P026,Bennett Stankovic,False,8:22,3-4,2-2,1-2,0.0,1.0,0.0,2.0,0.0,0.0,0.0,9.0
2017-G21,2017,21,2017-01-25,P001,Desmond Farrier,False,7:32,1-2,0-0,1-1,0.0,1.0,0.0,0.0,0.0,0.0,0.0,3.0
2017-G21,2017,21,2017-01-25,P002,Trey Ibarra,False,23:20,1-2,0-1,2-2,0.0,1.0,1.0,1.0,0.0,0.0,1.0,4.0
2017-G21,2017,21,2017-01-25,P004,Silas Baptiste,False,DNP,,,,,,,,,,,
2017-G21,2017,21,2017-01-25,P006,Tobias Delacroix,True,38:01,8-9,1-1,3-3,3.0,7.0,0.0,3.0,2.0,3.0,2.0,20.0
2017-G21,2017,21,2017-01-25,P007,Owen Quintero,True,25:01,3-6,1-3,1-2,1.0,2.0,4.0,3.0,0.0,0.0,2.0,8.0
2017-G21,2017,21,2017-01-25,P014,Zavier Delacroix,False,17:23,1-3,0-2,2-4,0.0,0.0,2.0,0.0,1.0,0.0,1.0,4.0
2017-G21,2017,21,2017-01-25,P016,Cole Zielinski,True,30:02,4-9,1-3,4-5,4.0,4.0,3.0,3.0,1.0,1.0,0.0,13.0
2017-G21,2017,21,2017-01-25,P018,Kobe Kalinowski,False,DNP,,,,,,,,,,,
2017-G21,2017,21,2017-01-25,P019,Terrance Eskridge,True,29:45,8-10,0-0,2-2,0.0,7.0,0.0,1.0,3.0,5.0,1.0,18.0
2017-G21,2017,21,2017-01-25,P021,Lucas Lindqvist,False,DNP,,,,,,,,,,,
2017-G21,2017,21,2017-01-25,P024,Owen Grzelak,False,DNP,,,,,,,,,,,
2017-G21,2017,21,2017-01-25,P025,Jaden Vandermeer,True,28:56,5-9,1-1,4-4,1.0,3.0,0.0,1.0,0.0,2.0,2.0,15.0
2017-G21,2017,21,2017-01-25,P026,Bennett Stankovic,False,DNP,,,,,,,,,,,
2017-G22,2017,22,2017-01-29,P001,Desmond Farrier,False,DNP,,,,,,,,,,,
2017-G22,2017,22,2017-01-29,P002,Trey Ibarra,False,21:57,1-3,0-1,1-1,2.0,1.0,1.0,2.0,1.0,0.0,0.0,3.0
2017-G22,2017,22,2017-01-29,P004,Silas Baptiste,False,8:37,1-3,0-1,1-2,0.0,0.0,0.0,1.0,0.0,0.0,1.0,3.0
2017-G22,2017,22,2017-01-29,P006,Tobias Delacroix,True,31:20,7-9,1-1,3-3,3.0,4.0,3.0,2.0,0.0,2.0,4.0,18.0
2017-G22,2017,22,2017-01-29,P007,Owen Quintero,True,23:51,3-6,1-3,2-2,2.0,1.0,5.0,2.0,1.0,0.0,1.0,9.0
2017-G22,2017,22,2017-01-29,P014,Zavier Delacroix,False,DNP,,,,,,,,,,,
2017-G22,2017,22,2017-01-29,P016,Cole Zielinski,True,31:19,5-8,2-4,3-5,0.0,3.0,3.0,0.0,0.0,0.0,5.0,15.0
2017-G22,2017,22,2017-01-29,P018,Kobe Kalinowski,False,6:43,0-2,0-1,0-0,0.0,2.0,1.0,0.0,1.0,0.0,2.0,0.0
2017-G22,2017,22,2017-01-29,P019,Terrance Eskridge,True,28:56,4-9,0-0,2-2,2.0,6.0,2.0,1.0,0.0,0.0,1.0,10.0
2017-G22,2017,22,2017-01-29,P021,Lucas Lindqvist,False,11:26,0-2,0-1,0-0,0.0,1.0,4.0,1.0,0.0,0.0,0.0,0.0
2017-G22,2017,22,2017-01-29,P024,Owen Grzelak,False,DNP,,,,,,,,,,,
2017-G22,2017,22,2017-01-29,P025,Jaden Vandermeer,True,28:21,4-9,0-2,3-4,1.0,6.0,2.0,2.0,0.0,0.0,0.0,11.0
2017-G22,2017,22,2017-01-29,P026,Bennett Stankovic,False,7:28,0-1,0-0,0-0,1.0,0.0,4.0,2.0,0.0,0.0,1.0,0.0
2017-G23,2017,23,2017-02-02,P001,Desmond Farrier,False,DNP,,,,,,,,,,,
2017-G23,2017,23,2017-02-02,P002,Trey Ibarra,False,22:18,1-4,0-1,0-0,1.0,1.0,0.0,2.0,0.0,1.0,2.0,2.0
2017-G23,2017,23,2017-02-02,P004,Silas Baptiste,False,6:32,0-1,0-0,1-1,0.0,0.0,1.0,1.0,0.0,0.0,0.0,1.0
2017-G23,2017,23,2017-02-02,P006,Tobias Delacroix,True,28:14,4-7,0-1,2-2,1.0,4.0,3.0,1.0,1.0,2.0,3.0,10.0
2017-G23,2017,23,2017-02-02,P007,Owen Quintero,True,23:29,4-7,1-3,1-1,1.0,1.0,2.0,1.0,3.0,2.0,1.0,10.0
2017-G23,2017,23,2017-02-02,P014,Zavier Delacroix,False,13:33,1-2,0-1,0-2,0.0,0.0,3.0,2.0,0.0,1.0,4.0,2.0
2017-G23,2017,23,2017-02-02,P016,Cole Zielinski,True,25:38,4-5,1-2,1-2,1.0,6.0,0.0,6.0,1.0,0.0,5.0,10.0
2017-G23,2017,23,2017-02-02,P018,Kobe Kalinowski,False,DNP,,,,,,,,,,,
2017-G23,2017,23,2017-02-02,P019,Terrance Eskridge,True,25:15,4-7,0-0,1-1,2.0,4.0,0.0,2.0,1.0,1.0,1.0,9.0
2017-G23,2017,23,2017-02-02,P021,Lucas Lindqvist,False,11:00,1-3,1-1,1-1,1.0,2.0,0.0,1.0,1.0,0.0,0.0,4.0
2017-G23,2017,23,2017-02-02,P024,Owen Grzelak,False,14:56,0-3,0-1,0-1,1.0,0.0,1.0,0.0,0.0,0.0,0.0,0.0
2017-G23,2017,23,2017-02-02,P025,Jaden Vandermeer,True,29:04,2-7,0-2,0-0,0.0,4.0,1.0,3.0,0.0,0.0,1.0,4.0
2017-G23,2017,23,2017-02-02,P026,Bennett Stankovic,False,DNP,,,,,,,,,,,
2017-G24,2017,24,2017-02-06,P001,Desmond Farrier,False,DNP,,,,,,,,,,,
2017-G24,2017,24,2017-02-06,P002,Trey Ibarra,False,18:52,2-3,0-1,1-3,0.0,3.0,1.0,1.0,1.0,0.0,1.0,5.0
2017-G24,2017,24,2017-02-06,P004,Silas Baptiste,False,DNP,,,,,,,,,,,
2017-G24,2017,24,2017-02-06,P006,Tobias Delacroix,True,37:44,6-11,1-1,2-2,1.0,5.0,3.0,2.0,4.0,4.0,4.0,15.0
2017-G24,2017,24,2017-02-06,P007,Owen Quintero,True,23:42,1-4,0-2,0-0,0.0,2.0,2.0,1.0,0.0,0.0,2.0,2.0
2017-G24,2017,24,2017-02-06,P014,Zavier Delacroix,False,16:44,2-3,1-2,0-1,0.0,0.0,1.0,4.0,1.0,0.0,2.0,5.0
2017-G24,2017,24,2017-02-06,P016,Cole Zielinski,True,30:09,4-7,1-3,2-2,2.0,6.0,2.0,3.0,0.0,0.0,4.0,11.0
2017-G24,2017,24,2017-02-06,P018,Kobe Kalinowski,False,8:13,2-3,2-2,1-1,0.0,0.0,1.0,0.0,0.0,0.0,2.0,7.0
2017-G24,2017,24,2017-02-06,P019,Terrance Eskridge,True,22:52,4-7,0-0,3-3,0.0,4.0,0.0,3.0,2.0,2.0,1.0,11.0
2017-G24,2017,24,2017-02-06,P021,Lucas Lindqvist,False,11:14,0-3,0-1,3-3,0.0,0.0,0.0,2.0,0.0,0.0,3.0,3.0
2017-G24,2017,24,2017-02-06,P024,Owen Grzelak,False,DNP,,,,,,,,,,,
2017-G24,2017,24,2017-02-06,P025,Jaden Vandermeer,True,23:32,5-8,0-1,4-4,1.0,5.0,0.0,1.0,1.0,0.0,3.0,14.0
2017-G24,2017,24,2017-02-06,P026,Bennett Stankovic,False,6:56,0-2,0-1,1-1,0.0,0.0,0.0,0.0,0.0,0.0,0.0,1.0
2017-G25,2017,25,2017-02-10,P001,Desmond Farrier,False,DNP,,,,,,,,,,,
2017-G25,2017,25,2017-02-10,P002,Trey Ibarra,False,21:46,3-5,0-1,2-2,1.0,2.0,1.0,2.0,0.0,0.0,1.0,8.0
2017-G25,2017,25,2017-02-10,P004,Silas Baptiste,False,5:59,0-2,0-1,0-0,0.0,0.0,1.0,2.0,0.0,0.0,0.0,0.0
2017-G25,2017,25,2017-02-10,P006,Tobias Delacroix,True,32:44,2-6,1-1,0-0,2.0,2.0,3.0,2.0,1.0,2.0,2.0,5.0
2017-G25,2017,25,2017-02-10,P007,Owen Quintero,True,22:21,1-4,0-2,0-0,1.0,1.0,5.0,1.0,2.0,1.0,3.0,2.0
2017-G25,2017,25,2017-02-10,P014,Zavier Delacroix,False,15:08,1-2,0-1,0-0,0.0,2.0,2.0,0.0,1.0,0.0,0.0,2.0
2017-G25,2017,25,2017-02-10,P016,Cole Zielinski,True,26:55,4-8,1-3,1-2,2.0,1.0,2.0,5.0,0.0,0.0,2.0,10.0
2017-G25,2017,25,2017-02-10,P018,Kobe Kalinowski,False,7:04,3-3,2-2,0-0,0.0,0.0,0.0,2.0,0.0,1.0,0.0,8.0
2017-G25,2017,25,2017-02-10,P019,Terrance Eskridge,True,22:26,6-8,0-0,2-2,4.0,5.0,0.0,2.0,0.0,0.0,1.0,14.0
2017-G25,2017,25,2017-02-10,P021,Lucas Lindqvist,False,10:39,1-3,0-2,2-2,1.0,0.0,1.0,1.0,0.0,0.0,0.0,4.0
2017-G25,2017,25,2017-02-10,P024,Owen Grzelak,False,DNP,,,,,,,,,,,
2017-G25,2017,25,2017-02-10,P025,Jaden Vandermeer,True,27:29,4-11,1-2,3-4,2.0,5.0,2.0,2.0,1.0,1.0,4.0,12.0
2017-G25,2017,25,2017-02-10,P026,Bennett Stankovic,False,7:29,1-2,1-1,0-0,0.0,1.0,3.0,1.0,0.0,0.0,1.0,3.0
2017-G26,2017,26,2017-02-14,P001,Desmond Farrier,False,DNP,,,,,,,,,,,
2017-G26,2017,26,2017-02-14,P002,Trey Ibarra,False,25:20,1-4,0-2,1-1,0.0,4.0,1.0,2.0,2.0,0.0,1.0,3.0
2017-G26,2017,26,2017-02-14,P004,Silas Baptiste,False,9:04,0-1,0-0,0-0,1.0,1.0,1.0,1.0,0.0,0.0,1.0,0.0
2017-G26,2017,26,2017-02-14,P006,Tobias Delacroix,True,38:08,4-10,1-2,4-4,2.0,5.0,4.0,3.0,1.0,0.0,1.0,13.0
2017-G26,2017,26,2017-02-14,P007,Owen Quintero,True,28:43,3-6,1-3,2-2,1.0,1.0,2.0,1.0,1.0,0.0,2.0,9.0
2017-G26,2017,26,2017-02-14,P014,Zavier Delacroix,False,19:12,0-3,0-2,0-0,0.0,2.0,4.0,1.0,1.0,0.0,2.0,0.0
2017-G26,2017,26,2017-02-14,P016,Cole Zielinski,True,28:35,7-11,2-4,3-3,2.0,2.0,3.0,1.0,0.0,0.0,1.0,19.0
2017-G26,2017,26,2017-02-14,P018,Kobe Kalinowski,False,DNP,,,,,,,,,,,
2017-G26,2017,26,2017-02-14,P019,Terrance Eskridge,True,30:50,5-9,0-0,5-5,2.0,9.0,5.0,2.0,0.0,1.0,2.0,15.0
2017-G26,2017,26,2017-02-14,P021,Lucas Lindqvist,False,DNP,,,,,,,,,,,
2017-G26,2017,26,2017-02-14,P024,Owen Grzelak,False,16:25,1-3,0-1,0-0,1.0,2.0,2.0,1.0,1.0,0.0,1.0,2.0
2017-G26,2017,26,2017-02-14,P025,Jaden Vandermeer,True,28:42,7-12,1-2,4-5,1.0,1.0,1.0,5.0,2.0,2.0,1.0,19.0
2017-G26,2017,26,2017-02-14,P026,Bennett Stankovic,False,DNP,,,,,,,,,,,
2017-G27,2017,27,2017-02-18,P001,Desmond Farrier,False,6:29,0-1,0-0,2-2,0.0,1.0,0.0,3.0,1.0,0.0,1.0,2.0
2017-G27,2017,27,2017-02-18,P002,Trey Ibarra,False,20:33,2-3,0-1,1-1,1.0,2.0,1.0,4.0,1.0,1.0,2.0,5.0
2017-G27,2017,27,2017-02-18,P004,Silas Baptiste,False,DNP,,,,,,,,,,,
2017-G27,2017,27,2017-02-18,P006,Tobias Delacroix,True,36:40,4-12,0-1,2-4,3.0,4.0,0.0,8.0,3.0,3.0,3.0,10.0
2017-G27,2017,27,2017-02-18,P007,Owen Quintero,True,18:33,5-9,1-3,3-3,0.0,2.0,1.0,0.0,1.0,0.0,0.0,14.0
2017-G27,2017,27,2017-02-18,P014,Zavier Delacroix,False,12:33,1-2,0-1,1-1,0.0,0.0,2.0,3.0,0.0,0.0,0.0,3.0
2017-G27,2017,27,2017-02-18,P016,Cole Zielinski,True,29:18,6-12,2-4,3-3,3.0,6.0,0.0,0.0,1.0,0.0,0.0,17.0
2017-G27,2017,27,2017-02-18,P018,Kobe Kalinowski,False,DNP,,,,,,,,,,,
2017-G27,2017,27,2017-02-18,P019,Terrance Eskridge,True,25:51,3-9,0-0,3-5,3.0,6.0,0.0,3.0,1.0,1.0,2.0,9.0
2017-G27,2017,27,2017-02-18,P021,Lucas Lindqvist,False,11:34,1-4,0-2,0-0,0.0,1.0,1.0,1.0,2.0,0.0,2.0,2.0
2017-G27,2017,27,2017-02-18,P024,Owen Grzelak,False,13:19,1-3,0-1,0-0,0.0,0.0,0.0,1.0,0.0,0.0,0.0,2.0
2017-G27,2017,27,2017-02-18,P025,Jaden Vandermeer,True,25:09,4-8,1-1,0-1,1.0,2.0,2.0,2.0,1.0,2.0,1.0,9.0
2017-G27,2017,27,2017-02-18,P026,Bennett Stankovic,False,DNP,,,,,,,,,,,
2017-G28,2017,28,2017-02-22,P001,Desmond Farrier,False,6:57,0-0,0-0,0-1,1.0,2.0,0.0,0.0,0.0,0.0,0.0,0.0
2017-G28,2017,28,2017-02-22,P002,Trey Ibarra,False,23:27,1-2,0-1,1-1,1.0,3.0,1.0,2.0,2.0,0.0,2.0,3.0
2017-G28,2017,28,2017-02-22,P004,Silas Baptiste,False,8:33,0-0,0-0,1-2,0.0,0.0,0.0,1.0,0.0,0.0,0.0,1.0
2017-G28,2017,28,2017-02-22,P006,Tobias Delacroix,True,37:36,8-11,1-1,1-3,2.0,4.0,2.0,4.0,3.0,1.0,3.0,18.0
2017-G28,2017,28,2017-02-22,P007,Owen Quintero,True,24:14,2-4,1-2,2-2,1.0,2.0,3.0,2.0,1.0,0.0,2.0,7.0
2017-G28,2017,28,2017-02-22,P014,Zavier Delacroix,False,DNP,,,,,,,,,,,
2017-G28,2017,28,2017-02-22,P016,Cole Zielinski,True,31:04,6-10,2-4,2-3,4.0,2.0,1.0,0.0,1.0,0.0,1.0,16.0
2017-G28,2017,28,2017-02-22,P018,Kobe Kalinowski,False,7:31,0-3,0-1,0-3,0.0,0.0,2.0,0.0,0.0,0.0,0.0,0.0
2017-G28,2017,28,2017-02-22,P019,Terrance Eskridge,True,23:21,2-5,0-0,2-2,4.0,4.0,0.0,1.0,0.0,1.0,1.0,6.0
2017-G28,2017,28,2017-02-22,P021,Lucas Lindqvist,False,DNP,,,,,,,,,,,
2017-G28,2017,28,2017-02-22,P024,Owen Grzelak,False,DNP,,,,,,,,,,,
2017-G28,2017,28,2017-02-22,P025,Jaden Vandermeer,True,29:52,8-10,1-2,3-3,1.0,3.0,0.0,3.0,0.0,0.0,2.0,20.0
2017-G28,2017,28,2017-02-22,P026,Bennett Stankovic,False,7:24,2-3,1-2,0-0,0.0,0.0,1.0,1.0,1.0,1.0,1.0,5.0
2017-G29,2017,29,2017-02-26,P001,Desmond Farrier,False,DNP,,,,,,,,,,,
2017-G29,2017,29,2017-02-26,P002,Trey Ibarra,False,20:55,4-5,1-2,1-1,1.0,6.0,0.0,3.0,2.0,0.0,3.0,10.0
2017-G29,2017,29,2017-02-26,P004,Silas Baptiste,False,DNP,,,,,,,,,,,
2017-G29,2017,29,2017-02-26,P006,Tobias Delacroix,True,33:48,9-12,0-2,4-5,3.0,5.0,2.0,5.0,1.0,1.0,0.0,22.0
2017-G29,2017,29,2017-02-26,P007,Owen Quintero,True,24:22,4-5,1-2,3-3,0.0,2.0,2.0,1.0,0.0,0.0,2.0,12.0
2017-G29,2017,29,2017-02-26,P014,Zavier Delacroix,False,16:29,2-3,0-1,1-2,1.0,0.0,1.0,3.0,2.0,1.0,1.0,5.0
2017-G29,2017,29,2017-02-26,P016,Cole Zielinski,True,31:26,4-12,0-4,4-4,2.0,4.0,3.0,2.0,1.0,0.0,3.0,12.0
2017-G29,2017,29,2017-02-26,P018,Kobe Kalinowski,False,DNP,,,,,,,,,,,
2017-G29,2017,29,2017-02-26,P019,Terrance Eskridge,True,28:10,8-13,0-1,2-3,5.0,3.0,1.0,2.0,0.0,1.0,1.0,18.0
2017-G29,2017,29,2017-02-26,P021,Lucas Lindqvist,False,14:29,2-5,0-2,0-0,0.0,0.0,1.0,0.0,0.0,0.0,0.0,4.0
2017-G29,2017,29,2017-02-26,P024,Owen Grzelak,False,DNP,,,,,,,,,,,
2017-G29,2017,29,2017-02-26,P025,Jaden Vandermeer,True,30:21,6-12,1-3,2-2,2.0,6.0,2.0,2.0,3.0,0.0,2.0,15.0
2017-G29,2017,29,2017-02-26,P026,Bennett Stankovic,False,DNP,,,,,,,,,,,
2017-G30,2017,30,2017-03-02,P001,Desmond Farrier,False,DNP,,,,,,,,,,,
2017-G30,2017,30,2017-03-02,P002,Trey Ibarra,False,23:46,2-3,0-1,1-1,1.0,3.0,0.0,2.0,1.0,0.0,2.0,5.0
2017-G30,2017,30,2017-03-02,P004,Silas Baptiste,False,8:55,2-3,1-2,1-1,0.0,0.0,2.0,0.0,0.0,0.0,0.0,6.0
2017-G30,2017,30,2017-03-02,P006,Tobias Delacroix,True,31:19,3-7,0-1,3-3,0.0,5.0,3.0,1.0,0.0,0.0,2.0,9.0
2017-G30,2017,30,2017-03-02,P007,Owen Quintero,True,26:45,5-6,3-3,2-2,0.0,1.0,10.0,0.0,0.0,0.0,1.0,15.0
2017-G30,2017,30,2017-03-02,P014,Zavier Delacroix,False,DNP,,,,,,,,,,,
2017-G30,2017,30,2017-03-02,P016,Cole Zielinski,True,25:44,5-8,1-3,1-1,2.0,2.0,3.0,1.0,0.0,1.0,5.0,12.0
2017-G30,2017,30,2017-03-02,P018,Kobe Kalinowski,False,DNP,,,,,,,,,,,
2017-G30,2017,30,2017-03-02,P019,Terrance Eskridge,True,27:56,6-10,0-0,3-4,1.0,7.0,1.0,4.0,1.0,4.0,2.0,15.0
2017-G30,2017,30,2017-03-02,P021,Lucas Lindqvist,False,13:27,1-6,1-3,1-2,0.0,0.0,0.0,0.0,0.0,0.0,1.0,4.0
2017-G30,2017,30,2017-03-02,P024,Owen Grzelak,False,14:55,3-3,1-1,0-0,1.0,1.0,2.0,2.0,0.0,0.0,3.0,7.0
2017-G30,2017,30,2017-03-02,P025,Jaden Vandermeer,True,27:13,4-9,2-2,1-1,1.0,2.0,2.0,3.0,0.0,0.0,1.0,11.0
2017-G30,2017,30,2017-03-02,P026,Bennett Stankovic,False,DNP,,,,,,,,,,,
2017-G31,2017,31,2017-03-06,P001,Desmond Farrier,False,DNP,,,,,,,,,,,
2017-G31,2017,31,2017-03-06,P002,Trey Ibarra,False,22:28,2-4,1-2,0-0,1.0,2.0,1.0,2.0,0.0,1.0,1.0,5.0
2017-G31,2017,31,2017-03-06,P004,Silas Baptiste,False,7:35,0-1,0-0,0-0,0.0,0.0,0.0,0.0,1.0,0.0,2.0,0.0
2017-G31,2017,31,2017-03-06,P006,Tobias Delacroix,True,33:02,11-11,1-1,2-2,1.0,4.0,0.0,1.0,2.0,0.0,1.0,25.0
2017-G31,2017,31,2017-03-06,P007,Owen Quintero,True,23:06,4-5,2-3,1-2,0.0,2.0,1.0,2.0,2.0,0.0,1.0,11.0
2017-G31,2017,31,2017-03-06,P014,Zavier Delacroix,False,14:35,1-3,0-2,0-1,1.0,0.0,0.0,1.0,1.0,0.0,4.0,2.0
2017-G31,2017,31,2017-03-06,P016,Cole Zielinski,True,24:02,7-8,3-3,1-2,1.0,2.0,3.0,0.0,1.0,0.0,1.0,18.0
2017-G31,2017,31,2017-03-06,P018,Kobe Kalinowski,False,DNP,,,,,,,,,,,
2017-G31,2017,31,2017-03-06,P019,Terrance Eskridge,True,28:21,3-9,0-0,3-5,3.0,6.0,2.0,2.0,4.0,1.0,1.0,9.0
2017-G31,2017,31,2017-03-06,P021,Lucas Lindqvist,False,9:26,2-3,1-2,1-2,1.0,1.0,0.0,2.0,0.0,0.0,0.0,6.0
2017-G31,2017,31,2017-03-06,P024,Owen Grzelak,False,11:36,1-2,0-1,1-1,0.0,1.0,2.0,0.0,0.0,0.0,1.0,3.0
2017-G31,2017,31,2017-03-06,P025,Jaden Vandermeer,True,25:48,4-7,1-1,4-4,0.0,5.0,1.0,2.0,1.0,1.0,4.0,13.0
2017-G31,2017,31,2017-03-06,P026,Bennett Stankovic,False,DNP,,,,,,,,,,,
2017-G32,2017,32,2017-03-10,P001,Desmond Farrier,False,DNP,,,,,,,,,,,
2017-G32,2017,32,2017-03-10,P002,Trey Ibarra,False,23:41,1-3,0-1,1-1,3.0,3.0,0.0,0.0,0.0,0.0,1.0,3.0
2017-G32,2017,32,2017-03-10,P004,Silas Baptiste,False,DNP,,,,,,,,,,,
2017-G32,2017,32,2017-03-10,P006,Tobias Delacroix,True,34:01,10-14,1-2,2-3,2.0,4.0,2.0,1.0,0.0,0.0,3.0,23.0
2017-G32,2017,32,2017-03-10,P007,Owen Quintero,True,23:26,3-7,1-3,1-2,0.0,2.0,4.0,0.0,1.0,1.0,1.0,8.0
2017-G32,2017,32,2017-03-10,P014,Zavier Delacroix,False,15:54,2-3,1-2,0-0,1.0,2.0,1.0,4.0,1.0,1.0,0.0,5.0
2017-G32,2017,32,2017-03-10,P016,Cole Zielinski,True,25:06,4-9,1-5,2-2,2.0,0.0,0.0,1.0,0.0,2.0,1.0,11.0
2017-G32,2017,32,2017-03-10,P018,Kobe Kalinowski,False,DNP,,,,,,,,,,,
2017-G32,2017,32,2017-03-10,P019,Terrance Eskridge,True,26:49,9-12,0-0,5-5,2.0,5.0,2.0,2.0,0.0,2.0,3.0,23.0
2017-G32,2017,32,2017-03-10,P021,Lucas Lindqvist,False,DNP,,,,,,,,,,,
2017-G32,2017,32,2017-03-10,P024,Owen Grzelak,False,14:20,0-4,0-1,1-1,0.0,2.0,0.0,1.0,1.0,0.0,0.0,1.0
2017-G32,2017,32,2017-03-10,P025,Jaden Vandermeer,True,28:08,6-11,1-2,3-5,5.0,5.0,0.0,3.0,0.0,0.0,1.0,16.0
2017-G32,2017,32,2017-03-10,P026,Bennett Stankovic,False,8:35,3-5,0-2,0-0,0.0,1.0,0.0,1.0,0.0,0.0,0.0,6.0
2018-G01,2018,1,2017-11-06,P001,Desmond Farrier,False,9:27,0-0,0-0,0-0,0.0,3.0,0.0,0.0,0.0,0.0,0.0,0.0
2018-G01,2018,1,2017-11-06,P002,Trey Ibarra,True,27:35,1-2,0-1,1-1,4.0,6.0,0.0,4.0,1.0,0.0,3.0,3.0
2018-G01,2018,1,2017-11-06,P004,Silas Baptiste,False,DNP,,,,,,,,,,,
2018-G01,2018,1,2017-11-06,P014,Zavier Delacroix,False,19:07,2-2,1-1,1-3,0.0,2.0,4.0,0.0,1.0,0.0,1.0,6.0
2018-G01,2018,1,2017-11-06,P016,Cole Zielinski,True,28:37,5-8,1-4,2-2,4.0,4.0,1.0,4.0,0.0,1.0,5.0,13.0
2018-G01,2018,1,2017-11-06,P018,Kobe Kalinowski,False,10:14,2-3,2-2,0-0,0.0,1.0,1.0,0.0,0.0,0.0,2.0,6.0
2018-G01,2018,1,2017-11-06,P019,Terrance Eskridge,True,30:05,8-11,0-1,6-6,3.0,3.0,0.0,2.0,0.0,0.0,4.0,22.0
2018-G01,2018,1,2017-11-06,P021,Lucas Lindqvist,False,DNP,,,,,,,,,,,
2018-G01,2018,1,2017-11-06,P024,Owen Grzelak,False,15:02,0-1,0-0,1-1,2.0,1.0,1.0,0.0,1.0,0.0,0.0,1.0
2018-G01,2018,1,2017-11-06,P025,Jaden Vandermeer,True,26:38,5-9,1-2,2-3,5.0,5.0,2.0,4.0,0.0,0.0,2.0,13.0
2018-G01,2018,1,2017-11-06,P026,Bennett Stankovic,False,DNP,,,,,,,,,,,
2018-G01,2018,1,2017-11-06,P027,Adrien Beaudry,False,DNP,,,,,,,,,,,
2018-G01,2018,1,2017-11-06,P028,Jaden Baptiste,True,33:15,8-12,2-2,5-6,3.0,4.0,2.0,3.0,0.0,3.0,4.0,23.0
2018-G02,2018,2,2017-11-10,P001,Desmond Farrier,False,DNP,,,,,,,,,,,
2018-G02,2018,2,2017-11-10,P002,Trey Ibarra,True,19:30,2-2,1-1,0-0,0.0,2.0,1.0,0.0,1.0,0.0,0.0,5.0
2018-G02,2018,2,2017-11-10,P004,Silas Baptiste,False,8:10,0-1,0-1,2-2,0.0,2.0,2.0,1.0,1.0,1.0,0.0,2.0
2018-G02,2018,2,2017-11-10,P014,Zavier Delacroix,False,14:58,0-2,0-1,0-1,2.0,2.0,0.0,1.0,2.0,0.0,4.0,0.0
2018-G02,2018,2,2017-11-10,P016,Cole Zielinski,True,29:31,7-9,2-3,2-4,0.0,8.0,4.0,0.0,1.0,0.0,2.0,18.0
2018-G02,2018,2,2017-11-10,P018,Kobe Kalinowski,False,9:18,0-2,0-1,2-2,0.0,1.0,4.0,1.0,0.0,0.0,0.0,2.0
2018-G02,2018,2,2017-11-10,P019,Terrance Eskridge,True,27:45,7-8,0-0,1-2,2.0,6.0,4.0,3.0,1.0,1.0,5.0,15.0
2018-G02,2018,2,2017-11-10,P021,Lucas Lindqvist,False,10:53,2-3,1-1,2-2,0.0,2.0,2.0,0.0,2.0,0.0,0.0,7.0
2018-G02,2018,2,2017-11-10,P024,Owen Grzelak,False,15:34,1-1,0-0,0-0,0.0,1.0,3.0,0.0,1.0,0.0,1.0,2.0
2018-G02,2018,2,2017-11-10,P025,Jaden Vandermeer,True,22:56,3-7,1-2,0-1,0.0,1.0,0.0,3.0,0.0,0.0,3.0,7.0
2018-G02,2018,2,2017-11-10,P026,Bennett Stankovic,False,DNP,,,,,,,,,,,
2018-G02,2018,2,2017-11-10,P027,Adrien Beaudry,False,16:35,1-3,0-1,0-0,0.0,0.0,2.0,1.0,0.0,0.0,3.0,2.0
2018-G02,2018,2,2017-11-10,P028,Jaden Baptiste,True,24:50,8-9,1-2,1-2,2.0,3.0,0.0,1.0,1.0,1.0,1.0,18.0
2018-G03,2018,3,2017-11-14,P001,Desmond Farrier,False,7:35,4-5,1-2,0-0,0.0,1.0,2.0,1.0,1.0,0.0,0.0,9.0
2018-G03,2018,3,2017-11-14,P002,Trey Ibarra,True,23:09,1-4,0-2,3-3,3.0,1.0,2.0,4.0,1.0,0.0,2.0,5.0
2018-G03,2018,3,2017-11-14,P004,Silas Baptiste,False,7:59,1-1,1-1,2-2,1.0,0.0,0.0,1.0,1.0,0.0,1.0,5.0
2018-G03,2018,3,2017-11-14,P014,Zavier Delacroix,False,17:02,1-4,0-2,0-0,0.0,1.0,2.0,0.0,0.0,0.0,1.0,2.0
2018-G03,2018,3,2017-11-14,P016,Cole Zielinski,True,30:11,6-8,1-3,3-3,0.0,1.0,3.0,2.0,3.0,3.0,4.0,16.0
2018-G03,2018,3,2017-11-14,P018,Kobe Kalinowski,False,8:32,1-2,0-1,1-2,0.0,2.0,4.0,1.0,1.0,0.0,1.0,3.0
2018-G03,2018,3,2017-11-14,P019,Terrance Eskridge,True,22:23,8-10,0-0,3-3,0.0,3.0,1.0,2.0,0.0,1.0,2.0,19.0
2018-G03,2018,3,2017-11-14,P021,Lucas Lindqvist,False,13:15,1-4,1-2,0-0,0.0,1.0,5.0,1.0,0.0,0.0,0.0,3.0
2018-G03,2018,3,2017-11-14,P024,Owen Grzelak,False,DNP,,,,,,,,,,,
2018-G03,2018,3,2017-11-14,P025,Jaden Vandermeer,True,29:20,5-8,0-2,2-2,1.0,6.0,2.0,1.0,1.0,1.0,2.0,12.0
2018-G03,2018,3,2017-11-14,P026,Bennett Stankovic,False,DNP,,,,,,,,,,,
2018-G03,2018,3,2017-11-14,P027,Adrien Beaudry,False,15:19,0-0,0-0,1-1,0.0,1.0,1.0,0.0,0.0,1.0,1.0,1.0
2018-G03,2018,3,2017-11-14,P028,Jaden Baptiste,True,25:16,3-8,0-1,1-1,1.0,4.0,1.0,3.0,0.0,1.0,1.0,7.0
2018-G04,2018,4,2017-11-18,P001,Desmond Farrier,False,DNP,,,,,,,,,,,
2018-G04,2018,4,2017-11-18,P002,Trey Ibarra,True,23:42,2-5,1-2,1-1,3.0,5.0,2.0,2.0,3.0,0.0,5.0,6.0
2018-G04,2018,4,2017-11-18,P004,Silas Baptiste,False,DNP,,,,,,,,,,,
2018-G04,2018,4,2017-11-18,P014,Zavier Delacroix,False,DNP,,,,,,,,,,,
2018-G04,2018,4,2017-11-18,P016,Cole Zielinski,True,29:08,6-10,3-5,3-3,1.0,3.0,0.0,4.0,0.0,1.0,2.0,18.0
2018-G04,2018,4,2017-11-18,P018,Kobe Kalinowski,False,8:13,0-2,0-1,1-1,0.0,0.0,1.0,1.0,1.0,0.0,0.0,1.0
2018-G04,2018,4,2017-11-18,P019,Terrance Eskridge,True,26:38,4-10,0-0,4-4,1.0,5.0,0.0,1.0,0.0,3.0,1.0,12.0
2018-G04,2018,4,2017-11-18,P021,Lucas Lindqvist,False,12:05,2-4,0-2,0-0,0.0,0.0,1.0,0.0,1.0,0.0,1.0,4.0
2018-G04,2018,4,2017-11-18,P024,Owen Grzelak,False,16:44,3-4,1-1,1-1,0.0,3.0,1.0,2.0,1.0,2.0,0.0,8.0
2018-G04,2018,4,2017-11-18,P025,Jaden Vandermeer,True,27:16,6-10,1-3,3-3,3.0,2.0,2.0,2.0,1.0,1.0,3.0,16.0
2018-G04,2018,4,2017-11-18,P026,Bennett Stankovic,False,8:15,0-1,0-0,2-2,0.0,0.0,1.0,1.0,1.0,0.0,1.0,2.0
2018-G04,2018,4,2017-11-18,P027,Adrien Beaudry,False,17:32,0-2,0-1,1-1,0.0,2.0,5.0,1.0,0.0,0.0,3.0,1.0
2018-G04,2018,4,2017-11-18,P028,Jaden Baptiste,True,30:28,7-12,0-2,2-2,3.0,6.0,1.0,1.0,2.0,2.0,2.0,16.0
2018-G05,2018,5,2017-11-22,P001,Desmond Farrier,False,9:16,0-2,0-1,0-1,1.0,0.0,0.0,0.0,0.0,0.0,0.0,0.0
2018-G05,2018,5,2017-11-22,P002,Trey Ibarra,True,21:16,1-6,0-2,2-2,2.0,4.0,2.0,2.0,0.0,0.0,5.0,4.0
2018-G05,2018,5,2017-11-22,P004,Silas Baptiste,False,DNP,,,,,,,,,,,
2018-G05,2018,5,2017-11-22,P014,Zavier Delacroix,False,17:56,1-4,1-3,1-3,0.0,4.0,2.0,0.0,0.0,0.0,1.0,4.0
2018-G05,2018,5,2017-11-22,P016,Cole Zielinski,True,32:36,6-14,0-6,4-5,0.0,5.0,2.0,3.0,0.0,0.0,1.0,16.0
2018-G05,2018,5,2017-11-22,P018,Kobe Kalinowski,False,10:16,1-4,0-2,0-0,0.0,0.0,3.0,2.0,0.0,0.0,0.0,2.0
2018-G05,2018,5,2017-11-22,P019,Terrance Eskridge,True,29:54,4-9,0-0,1-1,2.0,4.0,0.0,0.0,1.0,1.0,3.0,9.0
2018-G05,2018,5,2017-11-22,P021,Lucas Lindqvist,False,DNP,,,,,,,,,,,
2018-G05,2018,5,2017-11-22,P024,Owen Grzelak,False,15:02,3-5,1-1,3-3,1.0,1.0,3.0,0.0,0.0,0.0,0.0,10.0
2018-G05,2018,5,2017-11-22,P025,Jaden Vandermeer,True,30:24,5-10,1-2,1-2,4.0,8.0,3.0,1.0,0.0,1.0,2.0,12.0
2018-G05,2018,5,2017-11-22,P026,Bennett Stankovic,False,DNP,,,,,,,,,,,
2018-G05,2018,5,2017-11-22,P027,Adrien Beaudry,False,DNP,,,,,,,,,,,
2018-G05,2018,5,2017-11-22,P028,Jaden Baptiste,True,33:20,9-13,1-2,2-3,2.0,5.0,3.0,2.0,1.0,1.0,0.0,21.0
2018-G06,2018,6,2017-11-26,P001,Desmond Farrier,False,7:44,1-1,0-0,0-0,0.0,3.0,0.0,0.0,1.0,0.0,0.0,2.0
2018-G06,2018,6,2017-11-26,P002,Trey Ibarra,True,26:09,0-2,0-1,2-3,1.0,5.0,1.0,2.0,1.0,0.0,1.0,2.0
2018-G06,2018,6,2017-11-26,P004,Silas Baptiste,False,DNP,,,,,,,,,,,
2018-G06,2018,6,2017-11-26,P014,Zavier Delacroix,False,16:03,3-3,2-2,0-1,2.0,0.0,1.0,1.0,0.0,0.0,0.0,8.0
2018-G06,2018,6,2017-11-26,P016,Cole Zielinski,True,32:37,6-9,2-3,3-3,1.0,7.0,0.0,1.0,3.0,1.0,2.0,17.0
2018-G06,2018,6,2017-11-26,P018,Kobe Kalinowski,False,DNP,,,,,,,,,,,
2018-G06,2018,6,2017-11-26,P019,Terrance Eskridge,True,26:33,6-10,0-0,3-3,2.0,5.0,0.0,4.0,1.0,1.0,0.0,15.0
2018-G06,2018,6,2017-11-26,P021,Lucas Lindqvist,False,15:16,5-6,1-2,1-1,0.0,0.0,4.0,1.0,0.0,0.0,0.0,12.0
2018-G06,2018,6,2017-11-26,P024,Owen Grzelak,False,13:53,0-1,0-0,0-0,0.0,0.0,6.0,1.0,1.0,0.0,0.0,0.0
2018-G06,2018,6,2017-11-26,P025,Jaden Vandermeer,True,31:10,7-10,2-2,4-4,2.0,6.0,1.0,2.0,1.0,0.0,5.0,20.0
2018-G06,2018,6,2017-11-26,P026,Bennett Stankovic,False,DNP,,,,,,,,,,,
2018-G06,2018,6,2017-11-26,P027,Adrien Beaudry,False,DNP,,,,,,,,,,,
2018-G06,2018,6,2017-11-26,P028,Jaden Baptiste,True,30:35,11-11,2-2,2-2,2.0,4.0,1.0,3.0,0.0,2.0,4.0,26.0
2018-G07,2018,7,2017-11-30,P001,Desmond Farrier,False,10:20,0-1,0-0,3-3,2.0,2.0,0.0,0.0,0.0,0.0,1.0,3.0
2018-G07,2018,7,2017-11-30,P002,Trey Ibarra,True,29:20,5-7,2-3,4-4,1.0,1.0,0.0,0.0,0.0,2.0,2.0,16.0
2018-G07,2018,7,2017-11-30,P004,Silas Baptiste,False,9:05,1-2,0-1,1-1,1.0,1.0,1.0,1.0,1.0,0.0,1.0,3.0
2018-G07,2018,7,2017-11-30,P014,Zavier Delacroix,False,DNP,,,,,,,,,,,
2018-G07,2018,7,2017-11-30,P016,Cole Zielinski,True,31:23,8-12,4-5,3-3,3.0,2.0,3.0,0.0,3.0,1.0,5.0,23.0
2018-G07,2018,7,2017-11-30,P018,Kobe Kalinowski,False,10:39,0-4,0-3,1-2,1.0,0.0,0.0,0.0,0.0,0.0,3.0,1.0
2018-G07,2018,7,2017-11-30,P019,Terrance Eskridge,True,27:39,4-8,0-0,5-5,0.0,7.0,2.0,3.0,1.0,1.0,1.0,13.0
2018-G07,2018,7,2017-11-30,P021,Lucas Lindqvist,False,DNP,,,,,,,,,,,
2018-G07,2018,7,2017-11-30,P024,Owen Grzelak,False,17:54,1-3,1-1,1-1,0.0,0.0,1.0,0.0,0.0,0.0,1.0,4.0
2018-G07,2018,7,2017-11-30,P025,Jaden Vandermeer,True,33:03,10-11,2-3,3-3,3.0,5.0,1.0,2.0,0.0,0.0,3.0,25.0
2018-G07,2018,7,2017-11-30,P026,Bennett Stankovic,False,DNP,,,,,,,,,,,
2018-G07,2018,7,2017-11-30,P027,Adrien Beaudry,False,DNP,,,,,,,,,,,
2018-G07,2018,7,2017-11-30,P028,Jaden Baptiste,True,30:36,4-11,0-2,2-3,1.0,4.0,1.0,2.0,0.0,0.0,5.0,10.0
2018-G08,2018,8,2017-12-04,P001,Desmond Farrier,False,7:32,1-3,0-1,3-3,0.0,0.0,0.0,0.0,0.0,0.0,0.0,5.0
2018-G08,2018,8,2017-12-04,P002,Trey Ibarra,True,25:28,4-5,2-2,2-3,0.0,3.0,1.0,1.0,1.0,0.0,1.0,12.0
2018-G08,2018,8,2017-12-04,P004,Silas Baptiste,False,DNP,,,,,,,,,,,
2018-G08,2018,8,2017-12-04,P014,Zavier Delacroix,False,DNP,,,,,,,,,,,
2018-G08,2018,8,2017-12-04,P016,Cole Zielinski,True,30:10,2-7,1-3,0-1,2.0,2.0,0.0,0.0,0.0,1.0,0.0,5.0
2018-G08,2018,8,2017-12-04,P018,Kobe Kalinowski,False,8:31,1-3,0-2,0-0,0.0,1.0,1.0,1.0,1.0,1.0,0.0,2.0
2018-G08,2018,8,2017-12-04,P019,Terrance Eskridge,True,27:18,3-10,0-0,4-4,2.0,2.0,2.0,3.0,0.0,0.0,2.0,10.0
2018-G08,2018,8,2017-12-04,P021,Lucas Lindqvist,False,12:35,1-2,1-1,2-2,0.0,0.0,0.0,0.0,1.0,1.0,2.0,5.0
2018-G08,2018,8,2017-12-04,P024,Owen Grzelak,False,DNP,,,,,,,,,,,
2018-G08,2018,8,2017-12-04,P025,Jaden Vandermeer,True,29:46,6-10,0-2,3-4,1.0,2.0,1.0,0.0,0.0,1.0,4.0,15.0
2018-G08,2018,8,2017-12-04,P026,Bennett Stankovic,False,9:25,0-4,0-3,1-1,0.0,0.0,4.0,0.0,0.0,0.0,0.0,1.0
2018-G08,2018,8,2017-12-04,P027,Adrien Beaudry,False,18:50,1-3,0-1,0-0,0.0,0.0,5.0,1.0,0.0,0.0,1.0,2.0
2018-G08,2018,8,2017-12-04,P028,Jaden Baptiste,True,30:24,7-11,2-2,3-3,2.0,5.0,1.0,0.0,0.0,2.0,1.0,19.0
2018-G09,2018,9,2017-12-08,P001,Desmond Farrier,False,DNP,,,,,,,,,,,
2018-G09,2018,9,2017-12-08,P002,Trey Ibarra,True,21:20,1-6,0-2,2-2,0.0,5.0,0.0,2.0,1.0,0.0,1.0,4.0
2018-G09,2018,9,2017-12-08,P004,Silas Baptiste,False,DNP,,,,,,,,,,,
2018-G09,2018,9,2017-12-08,P014,Zavier Delacroix,False,14:38,0-1,0-1,0-0,0.0,0.0,1.0,1.0,0.0,0.0,0.0,0.0
2018-G09,2018,9,2017-12-08,P016,Cole Zielinski,True,29:31,2-8,2-4,4-4,2.0,3.0,2.0,1.0,0.0,1.0,2.0,10.0
2018-G09,2018,9,2017-12-08,P018,Kobe Kalinowski,False,8:53,3-4,2-3,0-0,0.0,1.0,0.0,0.0,1.0,0.0,0.0,8.0
2018-G09,2018,9,2017-12-08,P019,Terrance Eskridge,True,29:25,2-7,0-0,2-2,1.0,4.0,2.0,1.0,1.0,2.0,1.0,6.0
2018-G09,2018,9,2017-12-08,P021,Lucas Lindqvist,False,12:24,1-3,0-1,0-0,0.0,1.0,1.0,0.0,1.0,0.0,1.0,2.0
2018-G09,2018,9,2017-12-08,P024,Owen Grzelak,False,DNP,,,,,,,,,,,
2018-G09,2018,9,2017-12-08,P025,Jaden Vandermeer,True,31:38,5-11,2-3,2-3,1.0,4.0,2.0,0.0,1.0,0.0,4.0,14.0
2018-G09,2018,9,2017-12-08,P026,Bennett Stankovic,False,DNP,,,,,,,,,,,
2018-G09,2018,9,2017-12-08,P027,Adrien Beaudry,False,19:32,1-2,0-1,0-1,1.0,1.0,1.0,0.0,3.0,0.0,0.0,2.0
2018-G09,2018,9,2017-12-08,P028,Jaden Baptiste,True,32:40,7-12,0-2,2-3,2.0,6.0,4.0,3.0,1.0,0.0,1.0,16.0
2018-G10,2018,10,2017-12-12,P001,Desmond Farrier,False,DNP,,,,,,,,,,,
2018-G10,2018,10,2017-12-12,P002,Trey Ibarra,True,24:16,1-4,0-1,0-0,1.0,3.0,1.0,2.0,0.0,2.0,2.0,2.0
2018-G10,2018,10,2017-12-12,P004,Silas Baptiste,False,8:42,0-0,0-0,0-0,0.0,1.0,1.0,1.0,0.0,0.0,2.0,0.0
2018-G10,2018,10,2017-12-12,P014,Zavier Delacroix,False,17:07,2-4,2-2,0-1,2.0,0.0,5.0,0.0,2.0,2.0,0.0,6.0
2018-G10,2018,10,2017-12-12,P016,Cole Zielinski,True,31:55,4-8,1-3,2-3,1.0,8.0,1.0,3.0,0.0,0.0,1.0,11.0
2018-G10,2018,10,2017-12-12,P018,Kobe Kalinowski,False,DNP,,,,,,,,,,,
2018-G10,2018,10,2017-12-12,P019,Terrance Eskridge,True,34:52,3-7,0-0,1-1,4.0,6.0,0.0,2.0,1.0,5.0,5.0,7.0
2018-G10,2018,10,2017-12-12,P021,Lucas Lindqvist,False,DNP,,,,,,,,,,,
2018-G10,2018,10,2017-12-12,P024,Owen Grzelak,False,14:36,3-3,1-1,3-3,0.0,0.0,1.0,1.0,0.0,1.0,3.0,10.0
2018-G10,2018,10,2017-12-12,P025,Jaden Vandermeer,True,33:29,6-11,0-2,1-3,1.0,3.0,1.0,3.0,3.0,0.0,2.0,13.0
2018-G10,2018,10,2017-12-12,P026,Bennett Stankovic,False,DNP,,,,,,,,,,,
2018-G10,2018,10,2017-12-12,P027,Adrien Beaudry,False,DNP,,,,,,,,,,,
2018-G10,2018,10,2017-12-12,P028,Jaden Baptiste,True,35:03,6-11,0-2,1-1,2.0,4.0,0.0,1.0,0.0,0.0,3.0,13.0
2018-G11,2018,11,2017-12-16,P001,Desmond Farrier,False,10:01,2-3,1-1,1-1,1.0,1.0,0.0,1.0,0.0,1.0,0.0,6.0
2018-G11,2018,11,2017-12-16,P002,Trey Ibarra,True,21:27,4-5,2-2,1-1,0.0,0.0,1.0,0.0,0.0,0.0,0.0,11.0
2018-G11,2018,11,2017-12-16,P004,Silas Baptiste,False,8:05,0-3,0-2,2-2,0.0,0.0,0.0,1.0,1.0,0.0,1.0,2.0
2018-G11,2018,11,2017-12-16,P014,Zavier Delacroix,False,15:37,1-3,0-2,2-2,1.0,2.0,3.0,0.0,1.0,0.0,2.0,4.0
2018-G11,2018,11,2017-12-16,P016,Cole Zielinski,True,30:18,5-8,1-3,2-4,1.0,4.0,0.0,4.0,0.0,0.0,1.0,13.0
2018-G11,2018,11,2017-12-16,P018,Kobe Kalinowski,False,DNP,,,,,,,,,,,
2018-G11,2018,11,2017-12-16,P019,Terrance Eskridge,True,32:13,5-8,0-0,0-2,0.0,7.0,2.0,2.0,3.0,2.0,3.0,10.0
2018-G11,2018,11,2017-12-16,P021,Lucas Lindqvist,False,DNP,,,,,,,,,,,
2018-G11,2018,11,2017-12-16,P024,Owen Grzelak,False,DNP,,,,,,,,,,,
2018-G11,2018,11,2017-12-16,P025,Jaden Vandermeer,True,32:07,5-8,2-2,1-1,2.0,5.0,2.0,5.0,5.0,0.0,5.0,13.0
2018-G11,2018,11,2017-12-16,P026,Bennett Stankovic,False,DNP,,,,,,,,,,,
2018-G11,2018,11,2017-12-16,P027,Adrien Beaudry,False,18:01,1-3,0-1,0-2,0.0,0.0,1.0,1.0,0.0,0.0,0.0,2.0
2018-G11,2018,11,2017-12-16,P028,Jaden Baptiste,True,32:11,7-13,1-2,4-5,1.0,4.0,1.0,2.0,1.0,1.0,4.0,19.0
2018-G12,2018,12,2017-12-20,P001,Desmond Farrier,False,6:33,0-1,0-0,0-1,0.0,0.0,0.0,0.0,0.0,0.0,0.0,0.0
2018-G12,2018,12,2017-12-20,P002,Trey Ibarra,True,23:45,1-2,0-1,0-0,0.0,3.0,1.0,3.0,2.0,0.0,2.0,2.0
2018-G12,2018,12,2017-12-20,P004,Silas Baptiste,False,7:27,0-2,0-1,0-2,0.0,0.0,1.0,0.0,0.0,0.0,0.0,0.0
2018-G12,2018,12,2017-12-20,P014,Zavier Delacroix,False,15:39,4-4,3-3,1-1,0.0,0.0,3.0,1.0,0.0,1.0,0.0,12.0
2018-G12,2018,12,2017-12-20,P016,Cole Zielinski,True,27:33,7-12,3-4,6-6,4.0,1.0,4.0,0.0,0.0,1.0,2.0,23.0
2018-G12,2018,12,2017-12-20,P018,Kobe Kalinowski,False,DNP,,,,,,,,,,,
2018-G12,2018,12,2017-12-20,P019,Terrance Eskridge,True,23:11,2-7,0-0,2-2,3.0,3.0,3.0,3.0,0.0,1.0,1.0,6.0
2018-G12,2018,12,2017-12-20,P021,Lucas Lindqvist,False,11:51,1-4,0-2,1-1,0.0,2.0,1.0,0.0,0.0,0.0,2.0,3.0
2018-G12,2018,12,2017-12-20,P024,Owen Grzelak,False,14:48,1-2,0-1,1-1,0.0,1.0,4.0,2.0,0.0,0.0,0.0,3.0
2018-G12,2018,12,2017-12-20,P025,Jaden Vandermeer,True,25:37,8-10,1-1,3-4,2.0,2.0,0.0,3.0,0.0,0.0,3.0,20.0
2018-G12,2018,12,2017-12-20,P026,Bennett Stankovic,False,DNP,,,,,,,,,,,
2018-G12,2018,12,2017-12-20,P027,Adrien Beaudry,False,17:49,2-3,1-2,1-1,0.0,1.0,2.0,2.0,0.0,0.0,0.0,6.0
2018-G12,2018,12,2017-12-20,P028,Jaden Baptiste,True,25:47,6-10,1-2,2-2,3.0,5.0,0.0,3.0,1.0,0.0,2.0,15.0
2018-G13,2018,13,2017-12-24,P001,Desmond Farrier,False,DNP,,,,,,,,,,,
2018-G13,2018,13,2017-12-24,P002,Trey Ibarra,True,21:56,4-5,1-2,1-2,0.0,3.0,3.0,0.0,1.0,0.0,3.0,10.0
2018-G13,2018,13,2017-12-24,P004,Silas Baptiste,False,DNP,,,,,,,,,,,
2018-G13,2018,13,2017-12-24,P014,Zavier Delacroix,False,13:45,1-2,0-1,2-3,0.0,2.0,1.0,1.0,0.0,0.0,0.0,4.0
2018-G13,2018,13,2017-12-24,P016,Cole Zielinski,True,29:50,5-11,1-6,5-5,0.0,1.0,1.0,0.0,1.0,0.0,5.0,16.0
2018-G13,2018,13,2017-12-24,P018,Kobe Kalinowski,False,9:09,0-2,0-1,0-0,0.0,0.0,2.0,0.0,0.0,0.0,0.0,0.0
2018-G13,2018,13,2017-12-24,P019,Terrance Eskridge,True,24:44,4-8,0-0,5-5,1.0,2.0,1.0,1.0,2.0,2.0,1.0,13.0
2018-G13,2018,13,2017-12-24,P021,Lucas Lindqvist,False,13:32,0-3,0-2,1-1,1.0,0.0,2.0,1.0,0.0,0.0,0.0,1.0
2018-G13,2018,13,2017-12-24,P024,Owen Grzelak,False,15:43,1-4,1-1,0-0,0.0,0.0,2.0,2.0,0.0,0.0,2.0,3.0
2018-G13,2018,13,2017-12-24,P025,Jaden Vandermeer,True,23:43,4-10,0-2,3-3,1.0,2.0,2.0,2.0,1.0,0.0,3.0,11.0
2018-G13,2018,13,2017-12-24,P026,Bennett Stankovic,False,8:13,0-1,0-0,1-1,0.0,0.0,1.0,0.0,0.0,0.0,0.0,1.0
2018-G13,2018,13,2017-12-24,P027,Adrien Beaudry,False,13:26,2-2,1-1,2-2,1.0,0.0,3.0,0.0,0.0,0.0,1.0,7.0
2018-G13,2018,13,2017-12-24,P028,Jaden Baptiste,True,25:59,5-8,1-2,3-3,7.0,5.0,0.0,1.0,0.0,2.0,0.0,14.0
2018-G14,2018,14,2017-12-28,P001,Desmond Farrier,False,DNP,,,,,,,,,,,
2018-G14,2018,14,2017-12-28,P002,Trey Ibarra,True,21:36,3-3,1-1,1-2,1.0,4.0,1.0,0.0,0.0,0.0,1.0,8.0
2018-G14,2018,14,2017-12-28,P004,Silas Baptiste,False,DNP,,,,,,,,,,,
2018-G14,2018,14,2017-12-28,P014,Zavier Delacroix,False,19:58,2-6,0-3,2-3,0.0,3.0,1.0,1.0,1.0,1.0,2.0,6.0
2018-G14,2018,14,2017-12-28,P016,Cole Zielinski,True,29:12,5-8,2-4,2-3,1.0,5.0,3.0,3.0,1.0,0.0,4.0,14.0
2018-G14,2018,14,2017-12-28,P018,Kobe Kalinowski,False,8:57,1-3,0-1,0-0,0.0,1.0,1.0,0.0,0.0,1.0,2.0,2.0
2018-G14,2018,14,2017-12-28,P019,Terrance Eskridge,True,29:07,5-10,0-0,4-4,3.0,5.0,0.0,2.0,0.0,1.0,1.0,14.0
2018-G14,2018,14,2017-12-28,P021,Lucas Lindqvist,False,DNP,,,,,,,,,,,
2018-G14,2018,14,2017-12-28,P024,Owen Grzelak,False,DNP,,,,,,,,,,,
2018-G14,2018,14,2017-12-28,P025,Jaden Vandermeer,True,27:07,5-9,1-2,1-1,1.0,6.0,0.0,0.0,0.0,0.0,1.0,12.0
2018-G14,2018,14,2017-12-28,P026,Bennett Stankovic,False,8:52,1-1,0-0,0-0,1.0,0.0,1.0,0.0,0.0,0.0,2.0,2.0
2018-G14,2018,14,2017-12-28,P027,Adrien Beaudry,False,17:14,0-2,0-1,0-0,1.0,1.0,4.0,2.0,1.0,1.0,2.0,0.0
2018-G14,2018,14,2017-12-28,P028,Jaden Baptiste,True,37:56,6-15,0-3,1-1,6.0,6.0,0.0,2.0,1.0,4.0,4.0,13.0
2018-G15,2018,15,2018-01-01,P001,Desmond Farrier,False,7:47,2-2,1-1,0-0,0.0,0.0,0.0,0.0,0.0,0.0,1.0,5.0
2018-G15,2018,15,2018-01-01,P002,Trey Ibarra,True,28:12,3-4,1-1,0-0,1.0,3.0,2.0,1.0,2.0,0.0,3.0,7.0
2018-G15,2018,15,2018-01-01,P004,Silas Baptiste,False,DNP,,,,,,,,,,,
2018-G15,2018,15,2018-01-01,P014,Zavier Delacroix,False,19:37,1-4,0-2,2-2,1.0,1.0,5.0,3.0,0.0,0.0,0.0,4.0
2018-G15,2018,15,2018-01-01,P016,Cole Zielinski,True,32:23,4-10,0-4,3-3,0.0,2.0,3.0,2.0,6.0,0.0,3.0,11.0
2018-G15,2018,15,2018-01-01,P018,Kobe Kalinowski,False,DNP,,,,,,,,,,,
2018-G15,2018,15,2018-01-01,P019,Terrance Eskridge,True,30:30,6-10,0-0,3-3,3.0,5.0,1.0,3.0,1.0,2.0,4.0,15.0
2018-G15,2018,15,2018-01-01,P021,Lucas Lindqvist,False,15:32,2-6,0-2,2-3,2.0,0.0,3.0,2.0,0.0,1.0,2.0,6.0
2018-G15,2018,15,2018-01-01,P024,Owen Grzelak,False,DNP,,,,,,,,,,,
2018-G15,2018,15,2018-01-01,P025,Jaden Vandermeer,True,34:09,6-13,1-2,3-3,1.0,4.0,4.0,2.0,0.0,1.0,5.0,16.0
2018-G15,2018,15,2018-01-01,P026,Bennett Stankovic,False,DNP,,,,,,,,,,,
2018-G15,2018,15,2018-01-01,P027,Adrien Beaudry,False,DNP,,,,,,,,,,,
2018-G15,2018,15,2018-01-01,P028,Jaden Baptiste,True,31:51,6-13,0-2,3-4,1.0,7.0,1.0,1.0,1.0,2.0,2.0,15.0
2018-G16,2018,16,2018-01-05,P001,Desmond Farrier,False,DNP,,,,,,,,,,,
2018-G16,2018,16,2018-01-05,P002,Trey Ibarra,True,24:58,0-2,0-1,2-3,1.0,3.0,5.0,5.0,0.0,0.0,1.0,2.0
2018-G16,2018,16,2018-01-05,P004,Silas Baptiste,False,DNP,,,,,,,,,,,
2018-G16,2018,16,2018-01-05,P014,Zavier Delacroix,False,17:30,1-2,1-1,0-0,1.0,3.0,5.0,0.0,1.0,0.0,5.0,3.0
2018-G16,2018,16,2018-01-05,P016,Cole Zielinski,True,26:22,2-7,0-3,2-3,2.0,2.0,0.0,0.0,0.0,1.0,2.0,6.0
2018-G16,2018,16,2018-01-05,P018,Kobe Kalinowski,False,DNP,,,,,,,,,,,
2018-G16,2018,16,2018-01-05,P019,Terrance Eskridge,True,25:16,2-4,0-0,0-1,2.0,1.0,3.0,2.0,2.0,0.0,1.0,4.0
2018-G16,2018,16,2018-01-05,P021,Lucas Lindqvist,False,15:23,0-3,0-1,2-2,0.0,1.0,3.0,1.0,1.0,0.0,0.0,2.0
2018-G16,2018,16,2018-01-05,P024,Owen Grzelak,False,14:15,2-3,0-1,1-1,1.0,0.0,2.0,0.0,2.0,0.0,0.0,5.0
2018-G16,2018,16,2018-01-05,P025,Jaden Vandermeer,True,31:50,5-8,2-2,0-0,2.0,5.0,2.0,3.0,3.0,0.0,2.0,12.0
2018-G16,2018,16,2018-01-05,P026,Bennett Stankovic,False,8:00,2-3,0-1,2-2,0.0,0.0,1.0,1.0,0.0,1.0,2.0,6.0
2018-G16,2018,16,2018-01-05,P027,Adrien Beaudry,False,DNP,,,,,,,,,,,
2018-G16,2018,16,2018-01-05,P028,Jaden Baptiste,True,36:26,7-9,0-1,3-3,1.0,7.0,1.0,1.0,0.0,4.0,4.0,17.0
2018-G17,2018,17,2018-01-09,P001,Desmond Farrier,False,DNP,,,,,,,,,,,
2018-G17,2018,17,2018-01-09,P002,Trey Ibarra,True,23:37,2-3,0-1,0-0,0.0,3.0,1.0,3.0,0.0,0.0,1.0,4.0
2018-G17,2018,17,2018-01-09,P004,Silas Baptiste,False,9:09,1-2,0-1,1-1,0.0,1.0,0.0,0.0,0.0,0.0,0.0,3.0
2018-G17,2018,17,2018-01-09,P014,Zavier Delacroix,False,18:24,0-0,0-0,0-0,0.0,3.0,1.0,0.0,1.0,0.0,2.0,0.0
2018-G17,2018,17,2018-01-09,P016,Cole Zielinski,True,32:51,8-11,3-4,1-2,2.0,3.0,2.0,2.0,0.0,0.0,2.0,20.0
2018-G17,2018,17,2018-01-09,P018,Kobe Kalinowski,False,DNP,,,,,,,,,,,
2018-G17,2018,17,2018-01-09,P019,Terrance Eskridge,True,28:11,2-11,0-0,1-3,3.0,1.0,0.0,1.0,0.0,1.0,0.0,5.0
2018-G17,2018,17,2018-01-09,P021,Lucas Lindqvist,False,DNP,,,,,,,,,,,
2018-G17,2018,17,2018-01-09,P024,Owen Grzelak,False,DNP,,,,,,,,,,,
2018-G17,2018,17,2018-01-09,P025,Jaden Vandermeer,True,30:10,7-11,0-2,3-3,4.0,5.0,1.0,3.0,1.0,0.0,1.0,17.0
2018-G17,2018,17,2018-01-09,P026,Bennett Stankovic,False,DNP,,,,,,,,,,,
2018-G17,2018,17,2018-01-09,P027,Adrien Beaudry,False,21:01,4-4,2-2,1-1,0.0,0.0,1.0,0.0,0.0,0.0,1.0,11.0
2018-G17,2018,17,2018-01-09,P028,Jaden Baptiste,True,36:36,7-15,2-3,3-3,3.0,7.0,4.0,3.0,2.0,2.0,1.0,19.0
2018-G18,2018,18,2018-01-13,P001,Desmond Farrier,False,8:11,1-1,0-0,0-0,1.0,1.0,1.0,1.0,0.0,0.0,0.0,2.0
2018-G18,2018,18,2018-01-13,P002,Trey Ibarra,True,20:44,0-2,0-1,0-0,2.0,2.0,1.0,3.0,0.0,0.0,1.0,0.0
2018-G18,2018,18,2018-01-13,P004,Silas Baptiste,False,DNP,,,,,,,,,,,
2018-G18,2018,18,2018-01-13,P014,Zavier Delacroix,False,14:55,0-1,0-1,1-1,2.0,0.0,3.0,3.0,0.0,1.0,0.0,1.0
2018-G18,2018,18,2018-01-13,P016,Cole Zielinski,True,29:23,4-9,2-5,2-3,1.0,5.0,6.0,2.0,0.0,0.0,1.0,12.0
2018-G18,2018,18,2018-01-13,P018,Kobe Kalinowski,False,7:02,1-3,0-2,0-0,0.0,0.0,2.0,1.0,0.0,0.0,1.0,2.0
2018-G18,2018,18,2018-01-13,P019,Terrance Eskridge,True,23:37,2-8,0-0,0-1,5.0,6.0,0.0,4.0,2.0,1.0,3.0,4.0
2018-G18,2018,18,2018-01-13,P021,Lucas Lindqvist,False,13:14,0-3,0-2,0-0,0.0,1.0,1.0,0.0,1.0,0.0,0.0,0.0
2018-G18,2018,18,2018-01-13,P024,Owen Grzelak,False,DNP,,,,,,,,,,,
2018-G18,2018,18,2018-01-13,P025,Jaden Vandermeer,True,28:43,4-10,1-1,3-5,2.0,2.0,3.0,4.0,0.0,2.0,5.0,12.0
2018-G18,2018,18,2018-01-13,P026,Bennett Stankovic,False,7:07,1-1,0-0,0-0,0.0,0.0,0.0,1.0,0.0,0.0,0.0,2.0
2018-G18,2018,18,2018-01-13,P027,Adrien Beaudry,False,17:27,4-5,1-2,1-1,0.0,0.0,1.0,0.0,0.0,0.0,1.0,10.0
2018-G18,2018,18,2018-01-13,P028,Jaden Baptiste,True,29:38,7-9,1-1,4-4,7.0,7.0,1.0,1.0,1.0,0.0,3.0,19.0
2018-G19,2018,19,2018-01-17,P001,Desmond Farrier,False,DNP,,,,,,,,,,,
2018-G19,2018,19,2018-01-17,P002,Trey Ibarra,True,22:00,3-4,0-1,1-2,3.0,4.0,1.0,1.0,1.0,0.0,0.0,7.0
2018-G19,2018,19,2018-01-17,P004,Silas Baptiste,False,DNP,,,,,,,,,,,
2018-G19,2018,19,2018-01-17,P014,Zavier Delacroix,False,DNP,,,,,,,,,,,
2018-G19,2018,19,2018-01-17,P016,Cole Zielinski,True,32:52,4-9,1-4,2-2,1.0,8.0,3.0,3.0,1.0,1.0,3.0,11.0
2018-G19,2018,19,2018-01-17,P018,Kobe Kalinowski,False,DNP,,,,,,,,,,,
2018-G19,2018,19,2018-01-17,P019,Terrance Eskridge,True,33:52,6-11,0-0,1-2,3.0,3.0,2.0,2.0,1.0,1.0,1.0,13.0
2018-G19,2018,19,2018-01-17,P021,Lucas Lindqvist,False,13:36,2-3,2-2,0-0,0.0,0.0,4.0,0.0,3.0,0.0,2.0,6.0
2018-G19,2018,19,2018-01-17,P024,Owen Grzelak,False,16:05,0-2,0-1,0-0,0.0,0.0,3.0,2.0,0.0,0.0,1.0,0.0
2018-G19,2018,19,2018-01-17,P025,Jaden Vandermeer,True,31:51,6-10,1-2,0-2,1.0,2.0,0.0,1.0,3.0,0.0,3.0,13.0
2018-G19,2018,19,2018-01-17,P026,Bennett Stankovic,False,DNP,,,,,,,,,,,
2018-G19,2018,19,2018-01-17,P027,Adrien Beaudry,False,18:53,2-3,0-1,1-1,0.0,1.0,2.0,1.0,0.0,0.0,1.0,5.0
2018-G19,2018,19,2018-01-17,P028,Jaden Baptiste,True,30:50,6-11,2-2,4-4,3.0,7.0,3.0,1.0,1.0,1.0,5.0,18.0
2018-G20,2018,20,2018-01-21,P001,Desmond Farrier,False,DNP,,,,,,,,,,,
2018-G20,2018,20,2018-01-21,P002,Trey Ibarra,True,26:25,3-4,1-2,2-3,1.0,3.0,0.0,2.0,3.0,0.0,0.0,9.0
2018-G20,2018,20,2018-01-21,P004,Silas Baptiste,False,DNP,,,,,,,,,,,
2018-G20,2018,20,2018-01-21,P014,Zavier Delacroix,False,18:06,1-3,1-2,0-0,1.0,3.0,2.0,0.0,1.0,0.0,2.0,3.0
2018-G20,2018,20,2018-01-21,P016,Cole Zielinski,True,24:00,6-8,2-2,3-3,0.0,2.0,2.0,2.0,1.0,1.0,1.0,17.0
2018-G20,2018,20,2018-01-21,P018,Kobe Kalinowski,False,9:54,3-5,2-2,0-1,2.0,1.0,2.0,1.0,1.0,0.0,0.0,8.0
2018-G20,2018,20,2018-01-21,P019,Terrance Eskridge,True,28:12,3-8,0-0,3-3,2.0,4.0,1.0,0.0,1.0,1.0,0.0,9.0
2018-G20,2018,20,2018-01-21,P021,Lucas Lindqvist,False,DNP,,,,,,,,,,,
2018-G20,2018,20,2018-01-21,P024,Owen Grzelak,False,13:29,3-5,1-1,0-1,0.0,0.0,0.0,1.0,0.0,0.0,1.0,7.0
2018-G20,2018,20,2018-01-21,P025,Jaden Vandermeer,True,30:57,8-12,0-2,1-3,0.0,2.0,3.0,1.0,2.0,0.0,3.0,17.0
2018-G20,2018,20,2018-01-21,P026,Bennett Stankovic,False,DNP,,,,,,,,,,,
2018-G20,2018,20,2018-01-21,P027,Adrien Beaudry,False,17:20,3-4,1-1,0-0,0.0,1.0,3.0,1.0,0.0,0.0,0.0,7.0
2018-G20,2018,20,2018-01-21,P028,Jaden Baptiste,True,31:37,9-13,0-2,4-4,0.0,3.0,3.0,1.0,0.0,2.0,1.0,22.0
2018-G21,2018,21,2018-01-25,P001,Desmond Farrier,False,DNP,,,,,,,,,,,
2018-G21,2018,21,2018-01-25,P002,Trey Ibarra,True,24:37,3-3,1-1,0-0,1.0,1.0,1.0,2.0,0.0,0.0,1.0,7.0
2018-G21,2018,21,2018-01-25,P004,Silas Baptiste,False,DNP,,,,,,,,,,,
2018-G21,2018,21,2018-01-25,P014,Zavier Delacroix,False,15:31,2-3,1-2,0-0,1.0,3.0,2.0,0.0,2.0,0.0,0.0,5.0
2018-G21,2018,21,2018-01-25,P016,Cole Zielinski,True,23:41,6-7,2-3,2-2,1.0,2.0,2.0,1.0,1.0,0.0,1.0,16.0
2018-G21,2018,21,2018-01-25,P018,Kobe Kalinowski,False,7:07,0-2,0-1,0-1,0.0,0.0,0.0,1.0,0.0,0.0,2.0,0.0
2018-G21,2018,21,2018-01-25,P019,Terrance Eskridge,True,28:25,6-9,0-0,3-3,4.0,6.0,3.0,0.0,1.0,2.0,1.0,15.0
2018-G21,2018,21,2018-01-25,P021,Lucas Lindqvist,False,11:30,2-4,0-2,3-3,1.0,1.0,1.0,1.0,1.0,0.0,3.0,7.0
2018-G21,2018,21,2018-01-25,P024,Owen Grzelak,False,13:08,2-3,0-1,0-0,0.0,1.0,1.0,0.0,0.0,0.0,1.0,4.0
2018-G21,2018,21,2018-01-25,P025,Jaden Vandermeer,True,24:03,7-11,1-2,3-4,2.0,3.0,1.0,0.0,0.0,1.0,2.0,18.0
2018-G21,2018,21,2018-01-25,P026,Bennett Stankovic,False,9:00,1-5,1-3,1-2,0.0,0.0,1.0,0.0,1.0,0.0,1.0,4.0
2018-G21,2018,21,2018-01-25,P027,Adrien Beaudry,False,14:15,2-3,0-1,1-2,0.0,0.0,4.0,1.0,0.0,0.0,2.0,5.0
2018-G21,2018,21,2018-01-25,P028,Jaden Baptiste,True,28:44,2-12,0-2,4-4,2.0,3.0,3.0,1.0,2.0,3.0,5.0,8.0
2018-G22,2018,22,2018-01-29,P001,Desmond Farrier,False,9:04,1-2,0-0,0-0,0.0,1.0,1.0,0.0,0.0,1.0,1.0,2.0
2018-G22,2018,22,2018-01-29,P002,Trey Ibarra,True,20:12,3-4,1-1,2-2,1.0,5.0,1.0,1.0,1.0,0.0,2.0,9.0
2018-G22,2018,22,2018-01-29,P004,Silas Baptiste,False,DNP,,,,,,,,,,,
2018-G22,2018,22,2018-01-29,P014,Zavier Delacroix,False,16:34,0-4,0-3,0-0,0.0,0.0,1.0,2.0,1.0,0.0,0.0,0.0
2018-G22,2018,22,2018-01-29,P016,Cole Zielinski,True,31:00,7-10,1-3,2-2,3.0,5.0,0.0,2.0,1.0,1.0,2.0,17.0
2018-G22,2018,22,2018-01-29,P018,Kobe Kalinowski,False,DNP,,,,,,,,,,,
2018-G22,2018,22,2018-01-29,P019,Terrance Eskridge,True,24:07,2-8,0-0,1-1,5.0,6.0,2.0,1.0,0.0,3.0,2.0,5.0
2018-G22,2018,22,2018-01-29,P021,Lucas Lindqvist,False,12:46,1-4,0-2,0-1,0.0,2.0,2.0,0.0,1.0,0.0,0.0,2.0
2018-G22,2018,22,2018-01-29,P024,Owen Grzelak,False,12:49,3-4,2-2,1-1,0.0,0.0,1.0,1.0,1.0,0.0,1.0,9.0
2018-G22,2018,22,2018-01-29,P025,Jaden Vandermeer,True,24:55,4-8,1-1,5-5,1.0,2.0,0.0,2.0,0.0,1.0,0.0,14.0
2018-G22,2018,22,2018-01-29,P026,Bennett Stankovic,False,DNP,,,,,,,,,,,
2018-G22,2018,22,2018-01-29,P027,Adrien Beaudry,False,14:49,3-4,1-2,1-1,0.0,3.0,3.0,1.0,2.0,0.0,0.0,8.0
2018-G22,2018,22,2018-01-29,P028,Jaden Baptiste,True,33:44,6-11,0-1,5-5,4.0,7.0,3.0,3.0,2.0,2.0,5.0,17.0
2018-G23,2018,23,2018-02-02,P001,Desmond Farrier,False,DNP,,,,,,,,,,,
2018-G23,2018,23,2018-02-02,P002,Trey Ibarra,True,25:09,3-5,0-2,0-0,1.0,4.0,0.0,2.0,1.0,0.0,5.0,6.0
2018-G23,2018,23,2018-02-02,P004,Silas Baptiste,False,DNP,,,,,,,,,,,
2018-G23,2018,23,2018-02-02,P014,Zavier Delacroix,False,16:04,4-5,3-4,2-2,0.0,0.0,1.0,1.0,1.0,0.0,1.0,13.0
2018-G23,2018,23,2018-02-02,P016,Cole Zielinski,True,32:06,10-12,3-4,5-6,2.0,5.0,4.0,3.0,1.0,0.0,1.0,28.0
2018-G23,2018,23,2018-02-02,P018,Kobe Kalinowski,False,DNP,,,,,,,,,,,
2018-G23,2018,23,2018-02-02,P019,Terrance Eskridge,True,33:23,7-10,0-0,4-5,3.0,2.0,1.0,2.0,2.0,0.0,5.0,18.0
2018-G23,2018,23,2018-02-02,P021,Lucas Lindqvist,False,13:44,2-3,1-1,0-0,0.0,2.0,4.0,4.0,0.0,0.0,3.0,5.0
2018-G23,2018,23,2018-02-02,P024,Owen Grzelak,False,DNP,,,,,,,,,,,
2018-G23,2018,23,2018-02-02,P025,Jaden Vandermeer,True,29:15,5-11,0-2,3-5,3.0,1.0,0.0,1.0,0.0,1.0,2.0,13.0
2018-G23,2018,23,2018-02-02,P026,Bennett Stankovic,False,DNP,,,,,,,,,,,
2018-G23,2018,23,2018-02-02,P027,Adrien Beaudry,False,18:15,1-3,1-2,3-3,0.0,1.0,4.0,3.0,0.0,0.0,2.0,6.0
2018-G23,2018,23,2018-02-02,P028,Jaden Baptiste,True,32:04,7-11,0-2,3-3,8.0,7.0,2.0,0.0,3.0,1.0,3.0,17.0
2018-G24,2018,24,2018-02-06,P001,Desmond Farrier,False,8:55,3-4,1-1,0-0,2.0,5.0,0.0,0.0,0.0,0.0,0.0,7.0
2018-G24,2018,24,2018-02-06,P002,Trey Ibarra,True,26:21,3-5,0-2,1-1,3.0,4.0,0.0,1.0,1.0,0.0,2.0,7.0
2018-G24,2018,24,2018-02-06,P004,Silas Baptiste,False,DNP,,,,,,,,,,,
2018-G24,2018,24,2018-02-06,P014,Zavier Delacroix,False,18:57,2-2,1-1,1-1,0.0,3.0,1.0,0.0,1.0,0.0,5.0,6.0
2018-G24,2018,24,2018-02-06,P016,Cole Zielinski,True,26:05,3-6,0-2,2-2,0.0,1.0,1.0,1.0,1.0,1.0,2.0,8.0
2018-G24,2018,24,2018-02-06,P018,Kobe Kalinowski,False,DNP,,,,,,,,,,,
2018-G24,2018,24,2018-02-06,P019,Terrance Eskridge,True,28:51,7-11,0-0,3-3,5.0,2.0,3.0,2.0,0.0,0.0,1.0,17.0
2018-G24,2018,24,2018-02-06,P021,Lucas Lindqvist,False,DNP,,,,,,,,,,,
2018-G24,2018,24,2018-02-06,P024,Owen Grzelak,False,17:34,2-4,1-2,1-2,1.0,2.0,4.0,1.0,0.0,1.0,0.0,6.0
2018-G24,2018,24,2018-02-06,P025,Jaden Vandermeer,True,26:25,6-10,0-2,3-3,0.0,4.0,3.0,1.0,1.0,0.0,3.0,15.0
2018-G24,2018,24,2018-02-06,P026,Bennett Stankovic,False,DNP,,,,,,,,,,,
2018-G24,2018,24,2018-02-06,P027,Adrien Beaudry,False,17:20,1-2,0-1,2-2,0.0,0.0,3.0,0.0,0.0,1.0,2.0,4.0
2018-G24,2018,24,2018-02-06,P028,Jaden Baptiste,True,29:32,6-13,0-2,6-6,0.0,3.0,0.0,4.0,1.0,2.0,5.0,18.0
2018-G25,2018,25,2018-02-10,P001,Desmond Farrier,False,DNP,,,,,,,,,,,
2018-G25,2018,25,2018-02-10,P002,Trey Ibarra,True,22:31,2-5,0-2,0-0,0.0,3.0,1.0,1.0,0.0,0.0,0.0,4.0
2018-G25,2018,25,2018-02-10,P004,Silas Baptiste,False,8:53,2-2,1-1,0-0,0.0,0.0,1.0,0.0,0.0,0.0,1.0,5.0
2018-G25,2018,25,2018-02-10,P014,Zavier Delacroix,False,DNP,,,,,,,,,,,
2018-G25,2018,25,2018-02-10,P016,Cole Zielinski,True,27:42,7-8,2-3,4-4,1.0,4.0,4.0,3.0,1.0,0.0,1.0,20.0
2018-G25,2018,25,2018-02-10,P018,Kobe Kalinowski,False,9:09,1-3,0-2,1-1,0.0,1.0,3.0,1.0,1.0,0.0,1.0,3.0
2018-G25,2018,25,2018-02-10,P019,Terrance Eskridge,True,29:06,4-7,0-0,1-1,6.0,9.0,0.0,3.0,0.0,1.0,3.0,9.0
2018-G25,2018,25,2018-02-10,P021,Lucas Lindqvist,False,DNP,,,,,,,,,,,
2018-G25,2018,25,2018-02-10,P024,Owen Grzelak,False,17:57,0-4,0-2,2-3,1.0,0.0,0.0,2.0,0.0,0.0,0.0,2.0
2018-G25,2018,25,2018-02-10,P025,Jaden Vandermeer,True,34:31,6-10,0-2,1-2,2.0,4.0,1.0,1.0,0.0,0.0,0.0,13.0
2018-G25,2018,25,2018-02-10,P026,Bennett Stankovic,False,DNP,,,,,,,,,,,
2018-G25,2018,25,2018-02-10,P027,Adrien Beaudry,False,19:12,2-6,1-3,0-0,0.0,0.0,3.0,0.0,0.0,0.0,2.0,5.0
2018-G25,2018,25,2018-02-10,P028,Jaden Baptiste,True,30:58,9-12,2-2,5-6,2.0,5.0,0.0,2.0,0.0,2.0,4.0,25.0
2018-G26,2018,26,2018-02-14,P001,Desmond Farrier,False,8:48,1-2,1-1,2-3,0.0,1.0,0.0,1.0,1.0,0.0,1.0,5.0
2018-G26,2018,26,2018-02-14,P002,Trey Ibarra,True,27:52,2-5,1-2,2-2,3.0,3.0,1.0,2.0,1.0,0.0,3.0,7.0
2018-G26,2018,26,2018-02-14,P004,Silas Baptiste,False,DNP,,,,,,,,,,,
2018-G26,2018,26,2018-02-14,P014,Zavier Delacroix,False,20:25,1-3,0-2,2-2,0.0,1.0,4.0,1.0,0.0,0.0,2.0,4.0
2018-G26,2018,26,2018-02-14,P016,Cole Zielinski,True,35:33,5-12,1-5,2-5,1.0,3.0,0.0,3.0,2.0,0.0,2.0,13.0
2018-G26,2018,26,2018-02-14,P018,Kobe Kalinowski,False,10:10,0-2,0-1,0-2,0.0,2.0,1.0,1.0,0.0,0.0,1.0,0.0
2018-G26,2018,26,2018-02-14,P019,Terrance Eskridge,True,32:33,6-8,0-0,4-5,5.0,6.0,0.0,2.0,0.0,0.0,1.0,16.0
2018-G26,2018,26,2018-02-14,P021,Lucas Lindqvist,False,DNP,,,,,,,,,,,
2018-G26,2018,26,2018-02-14,P024,Owen Grzelak,False,DNP,,,,,,,,,,,
2018-G26,2018,26,2018-02-14,P025,Jaden Vandermeer,True,31:13,4-11,0-2,2-3,2.0,4.0,2.0,3.0,1.0,0.0,3.0,10.0
2018-G26,2018,26,2018-02-14,P026,Bennett Stankovic,False,DNP,,,,,,,,,,,
2018-G26,2018,26,2018-02-14,P027,Adrien Beaudry,False,DNP,,,,,,,,,,,
2018-G26,2018,26,2018-02-14,P028,Jaden Baptiste,True,33:26,7-11,2-2,1-1,3.0,4.0,1.0,1.0,2.0,2.0,3.0,17.0
2018-G27,2018,27,2018-02-18,P001,Desmond Farrier,False,8:24,1-2,0-1,0-1,0.0,0.0,0.0,2.0,0.0,0.0,2.0,2.0
2018-G27,2018,27,2018-02-18,P002,Trey Ibarra,True,25:32,2-5,0-2,1-2,3.0,0.0,1.0,2.0,0.0,1.0,5.0,5.0
2018-G27,2018,27,2018-02-18,P004,Silas Baptiste,False,DNP,,,,,,,,,,,
2018-G27,2018,27,2018-02-18,P014,Zavier Delacroix,False,DNP,,,,,,,,,,,
2018-G27,2018,27,2018-02-18,P016,Cole Zielinski,True,34:06,3-14,0-4,5-6,1.0,10.0,1.0,2.0,0.0,0.0,2.0,11.0
2018-G27,2018,27,2018-02-18,P018,Kobe Kalinowski,False,DNP,,,,,,,,,,,
2018-G27,2018,27,2018-02-18,P019,Terrance Eskridge,True,34:26,4-12,0-0,4-4,4.0,10.0,1.0,2.0,2.0,2.0,5.0,12.0
2018-G27,2018,27,2018-02-18,P021,Lucas Lindqvist,False,DNP,,,,,,,,,,,
2018-G27,2018,27,2018-02-18,P024,Owen Grzelak,False,14:56,1-3,0-1,1-2,0.0,1.0,3.0,2.0,0.0,0.0,1.0,3.0
2018-G27,2018,27,2018-02-18,P025,Jaden Vandermeer,True,30:05,9-14,1-2,2-4,1.0,5.0,1.0,1.0,2.0,1.0,3.0,21.0
2018-G27,2018,27,2018-02-18,P026,Bennett Stankovic,False,DNP,,,,,,,,,,,
2018-G27,2018,27,2018-02-18,P027,Adrien Beaudry,False,20:48,3-6,2-2,1-2,0.0,1.0,2.0,1.0,1.0,0.0,1.0,9.0
2018-G27,2018,27,2018-02-18,P028,Jaden Baptiste,True,31:41,12-12,2-2,5-6,3.0,5.0,3.0,1.0,1.0,0.0,2.0,31.0
2018-G28,2018,28,2018-02-22,P001,Desmond Farrier,False,DNP,,,,,,,,,,,
2018-G28,2018,28,2018-02-22,P002,Trey Ibarra,True,26:01,5-5,1-1,0-0,1.0,2.0,1.0,1.0,0.0,0.0,1.0,11.0
2018-G28,2018,28,2018-02-22,P004,Silas Baptiste,False,8:12,0-3,0-2,1-1,1.0,0.0,3.0,0.0,1.0,0.0,0.0,1.0
2018-G28,2018,28,2018-02-22,P014,Zavier Delacroix,False,15:07,3-5,1-3,0-0,1.0,2.0,2.0,0.0,1.0,1.0,2.0,7.0
2018-G28,2018,28,2018-02-22,P016,Cole Zielinski,True,32:47,7-13,2-5,4-4,3.0,2.0,0.0,1.0,0.0,0.0,2.0,20.0
2018-G28,2018,28,2018-02-22,P018,Kobe Kalinowski,False,DNP,,,,,,,,,,,
2018-G28,2018,28,2018-02-22,P019,Terrance Eskridge,True,33:26,8-12,1-1,2-4,1.0,8.0,1.0,4.0,1.0,3.0,1.0,19.0
2018-G28,2018,28,2018-02-22,P021,Lucas Lindqvist,False,12:00,3-4,1-2,1-3,0.0,3.0,3.0,2.0,0.0,0.0,2.0,8.0
2018-G28,2018,28,2018-02-22,P024,Owen Grzelak,False,DNP,,,,,,,,,,,
2018-G28,2018,28,2018-02-22,P025,Jaden Vandermeer,True,31:56,9-13,1-2,5-5,0.0,3.0,2.0,1.0,2.0,1.0,2.0,24.0
2018-G28,2018,28,2018-02-22,P026,Bennett Stankovic,False,10:18,0-5,0-3,1-1,0.0,1.0,2.0,0.0,0.0,0.0,1.0,1.0
2018-G28,2018,28,2018-02-22,P027,Adrien Beaudry,False,DNP,,,,,,,,,,,
2018-G28,2018,28,2018-02-22,P028,Jaden Baptiste,True,30:13,7-11,1-2,1-1,3.0,7.0,1.0,2.0,1.0,2.0,4.0,16.0
2018-G29,2018,29,2018-02-26,P001,Desmond Farrier,False,DNP,,,,,,,,,,,
2018-G29,2018,29,2018-02-26,P002,Trey Ibarra,True,22:29,1-3,0-1,0-0,1.0,5.0,2.0,0.0,1.0,0.0,2.0,2.0
2018-G29,2018,29,2018-02-26,P004,Silas Baptiste,False,DNP,,,,,,,,,,,
2018-G29,2018,29,2018-02-26,P014,Zavier Delacroix,False,15:43,2-3,1-2,1-2,0.0,0.0,3.0,2.0,0.0,0.0,0.0,6.0
2018-G29,2018,29,2018-02-26,P016,Cole Zielinski,True,25:30,1-9,0-3,2-2,1.0,0.0,0.0,2.0,0.0,0.0,2.0,4.0
2018-G29,2018,29,2018-02-26,P018,Kobe Kalinowski,False,DNP,,,,,,,,,,,
2018-G29,2018,29,2018-02-26,P019,Terrance Eskridge,True,26:17,4-8,0-0,1-1,2.0,5.0,1.0,0.0,0.0,1.0,1.0,9.0
2018-G29,2018,29,2018-02-26,P021,Lucas Lindqvist,False,12:50,1-3,0-2,0-1,0.0,2.0,1.0,1.0,0.0,0.0,1.0,2.0
2018-G29,2018,29,2018-02-26,P024,Owen Grzelak,False,15:58,2-3,1-1,0-0,0.0,1.0,0.0,0.0,1.0,0.0,0.0,5.0
2018-G29,2018,29,2018-02-26,P025,Jaden Vandermeer,True,31:44,8-11,0-2,3-4,4.0,1.0,2.0,1.0,1.0,1.0,5.0,19.0
2018-G29,2018,29,2018-02-26,P026,Bennett Stankovic,False,DNP,,,,,,,,,,,
2018-G29,2018,29,2018-02-26,P027,Adrien Beaudry,False,15:27,0-1,0-0,1-2,1.0,0.0,3.0,4.0,1.0,1.0,0.0,1.0
2018-G29,2018,29,2018-02-26,P028,Jaden Baptiste,True,34:01,5-12,0-1,1-1,2.0,1.0,5.0,2.0,0.0,3.0,4.0,11.0
2018-G30,2018,30,2018-03-02,P001,Desmond Farrier,False,DNP,,,,,,,,,,,
2018-G30,2018,30,2018-03-02,P002,Trey Ibarra,True,26:42,3-6,0-2,0-2,0.0,5.0,1.0,0.0,2.0,1.0,3.0,6.0
2018-G30,2018,30,2018-03-02,P004,Silas Baptiste,False,DNP,,,,,,,,,,,
2018-G30,2018,30,2018-03-02,P014,Zavier Delacroix,False,17:06,1-3,0-2,1-2,0.0,1.0,2.0,1.0,1.0,0.0,2.0,3.0
2018-G30,2018,30,2018-03-02,P016,Cole Zielinski,True,34:14,6-11,1-4,4-4,2.0,5.0,0.0,1.0,0.0,0.0,0.0,17.0
2018-G30,2018,30,2018-03-02,P018,Kobe Kalinowski,False,DNP,,,,,,,,,,,
2018-G30,2018,30,2018-03-02,P019,Terrance Eskridge,True,29:18,7-10,0-0,4-6,3.0,3.0,0.0,2.0,1.0,1.0,3.0,18.0
2018-G30,2018,30,2018-03-02,P021,Lucas Lindqvist,False,11:58,1-3,1-2,2-3,0.0,0.0,1.0,0.0,1.0,0.0,0.0,5.0
2018-G30,2018,30,2018-03-02,P024,Owen Grzelak,False,17:09,2-4,0-2,1-1,0.0,0.0,1.0,1.0,0.0,0.0,1.0,5.0
2018-G30,2018,30,2018-03-02,P025,Jaden Vandermeer,True,34:56,3-13,0-2,4-5,3.0,2.0,1.0,4.0,0.0,1.0,4.0,10.0
2018-G30,2018,30,2018-03-02,P026,Bennett Stankovic,False,DNP,,,,,,,,,,,
2018-G30,2018,30,2018-03-02,P027,Adrien Beaudry,False,DNP,,,,,,,,,,,
2018-G30,2018,30,2018-03-02,P028,Jaden Baptiste,True,28:37,3-10,0-2,1-2,1.0,3.0,0.0,2.0,0.0,1.0,3.0,7.0
2018-G31,2018,31,2018-03-06,P001,Desmond Farrier,False,DNP,,,,,,,,,,,
2018-G31,2018,31,2018-03-06,P002,Trey Ibarra,True,23:20,3-4,2-2,1-2,1.0,3.0,1.0,1.0,1.0,0.0,1.0,9.0
2018-G31,2018,31,2018-03-06,P004,Silas Baptiste,False,9:20,0-0,0-0,0-0,0.0,1.0,0.0,0.0,0.0,0.0,0.0,0.0
2018-G31,2018,31,2018-03-06,P014,Zavier Delacroix,False,14:05,1-2,1-1,1-2,0.0,2.0,2.0,0.0,0.0,0.0,2.0,4.0
2018-G31,2018,31,2018-03-06,P016,Cole Zielinski,True,22:38,2-7,0-2,3-3,2.0,4.0,2.0,2.0,2.0,0.0,1.0,7.0
2018-G31,2018,31,2018-03-06,P018,Kobe Kalinowski,False,8:28,1-2,0-1,1-1,0.0,2.0,0.0,0.0,0.0,1.0,0.0,3.0
2018-G31,2018,31,2018-03-06,P019,Terrance Eskridge,True,28:44,5-8,0-0,3-6,3.0,5.0,1.0,1.0,1.0,2.0,2.0,13.0
2018-G31,2018,31,2018-03-06,P021,Lucas Lindqvist,False,10:24,0-3,0-1,1-2,1.0,1.0,1.0,0.0,0.0,1.0,0.0,1.0
2018-G31,2018,31,2018-03-06,P024,Owen Grzelak,False,14:57,0-0,0-0,0-0,0.0,2.0,0.0,0.0,1.0,0.0,0.0,0.0
2018-G31,2018,31,2018-03-06,P025,Jaden Vandermeer,True,27:47,4-8,0-2,1-1,1.0,0.0,1.0,3.0,2.0,0.0,4.0,9.0
2018-G31,2018,31,2018-03-06,P026,Bennett Stankovic,False,8:07,1-3,1-2,0-0,0.0,0.0,1.0,2.0,0.0,1.0,1.0,3.0
2018-G31,2018,31,2018-03-06,P027,Adrien Beaudry,False,DNP,,,,,,,,,,,
2018-G31,2018,31,2018-03-06,P028,Jaden Baptiste,True,32:10,4-10,1-1,4-4,6.0,5.0,4.0,1.0,1.0,1.0,2.0,13.0
2018-G32,2018,32,2018-03-10,P001,Desmond Farrier,False,7:46,1-2,0-1,0-0,1.0,0.0,0.0,0.0,1.0,0.0,1.0,2.0
2018-G32,2018,32,2018-03-10,P002,Trey Ibarra,True,26:49,1-2,1-1,0-0,0.0,5.0,0.0,1.0,1.0,1.0,0.0,3.0
2018-G32,2018,32,2018-03-10,P004,Silas Baptiste,False,11:06,1-2,0-1,1-3,1.0,1.0,1.0,0.0,0.0,0.0,0.0,3.0
2018-G32,2018,32,2018-03-10,P014,Zavier Delacroix,False,DNP,,,,,,,,,,,
2018-G32,2018,32,2018-03-10,P016,Cole Zielinski,True,33:37,7-11,0-3,4-4,1.0,4.0,1.0,1.0,2.0,2.0,3.0,18.0
2018-G32,2018,32,2018-03-10,P018,Kobe Kalinowski,False,DNP,,,,,,,,,,,
2018-G32,2018,32,2018-03-10,P019,Terrance Eskridge,True,28:50,4-6,0-0,4-4,1.0,3.0,3.0,0.0,0.0,1.0,0.0,12.0
2018-G32,2018,32,2018-03-10,P021,Lucas Lindqvist,False,13:52,1-3,1-2,1-2,0.0,0.0,2.0,1.0,0.0,0.0,0.0,4.0
2018-G32,2018,32,2018-03-10,P024,Owen Grzelak,False,DNP,,,,,,,,,,,
2018-G32,2018,32,2018-03-10,P025,Jaden Vandermeer,True,32:56,4-8,0-1,0-0,1.0,3.0,1.0,5.0,1.0,0.0,4.0,8.0
2018-G32,2018,32,2018-03-10,P026,Bennett Stankovic,False,10:00,0-2,0-1,2-2,0.0,1.0,2.0,0.0,0.0,0.0,1.0,2.0
2018-G32,2018,32,2018-03-10,P027,Adrien Beaudry,False,DNP,,,,,,,,,,,
2018-G32,2018,32,2018-03-10,P028,Jaden Baptiste,True,35:04,4-10,0-1,2-2,2.0,3.0,2.0,0.0,3.0,1.0,4.0,10.0
2019-G01,2019,1,2018-11-06,P018,Kobe Kalinowski,False,12:08,3-4,1-2,0-0,0.0,1.0,2.0,1.0,0.0,0.0,0.0,7.0
2019-G01,2019,1,2018-11-06,P019,Terrance Eskridge,True,29:19,11-11,0-0,4-4,3.0,6.0,2.0,1.0,3.0,0.0,0.0,26.0
2019-G01,2019,1,2018-11-06,P021,Lucas Lindqvist,False,18:04,3-4,1-2,0-0,0.0,2.0,2.0,0.0,1.0,0.0,3.0,7.0
2019-G01,2019,1,2018-11-06,P024,Owen Grzelak,False,DNP,,,,,,,,,,,
2019-G01,2019,1,2018-11-06,P025,Jaden Vandermeer,True,30:13,5-11,1-2,4-4,1.0,4.0,1.0,3.0,3.0,2.0,3.0,15.0
2019-G01,2019,1,2018-11-06,P026,Bennett Stankovic,False,DNP,,,,,,,,,,,
2019-G01,2019,1,2018-11-06,P028,Jaden Baptiste,True,33:24,5-13,1-2,2-2,5.0,9.0,3.0,2.0,1.0,1.0,3.0,13.0
2019-G01,2019,1,2018-11-06,P029,Devin Gundersen,True,29:37,3-5,2-2,1-1,0.0,2.0,5.0,3.0,0.0,0.0,0.0,9.0
2019-G01,2019,1,2018-11-06,P030,Brandon Gundersen,False,24:04,1-3,0-1,4-4,2.0,3.0,2.0,0.0,0.0,0.0,0.0,6.0
2019-G01,2019,1,2018-11-06,P031,Julian Danforth,True,23:11,3-6,2-4,1-1,2.0,1.0,8.0,1.0,0.0,0.0,1.0,9.0
2019-G01,2019,1,2018-11-06,P032,Ronan Rasmussen,False,DNP,,,,,,,,,,,
2019-G01,2019,1,2018-11-06,P033,Rowan Baptiste,False,DNP,,,,,,,,,,,
2019-G01,2019,1,2018-11-06,P034,Jaden Rasmussen,False,DNP,,,,,,,,,,,
2019-G02,2019,2,2018-11-10,P018,Kobe Kalinowski,False,10:46,0-2,0-1,2-2,0.0,0.0,1.0,0.0,1.0,1.0,1.0,2.0
2019-G02,2019,2,2018-11-10,P019,Terrance Eskridge,True,26:19,6-9,0-0,1-3,5.0,5.0,1.0,2.0,0.0,1.0,1.0,13.0
2019-G02,2019,2,2018-11-10,P021,Lucas Lindqvist,False,16:48,4-5,1-2,0-2,0.0,2.0,1.0,2.0,2.0,0.0,2.0,9.0
2019-G02,2019,2,2018-11-10,P024,Owen Grzelak,False,15:39,1-3,0-1,4-4,0.0,2.0,6.0,1.0,0.0,1.0,0.0,6.0
2019-G02,2019,2,2018-11-10,P025,Jaden Vandermeer,True,27:35,6-9,1-2,3-3,3.0,5.0,0.0,0.0,2.0,1.0,2.0,16.0
2019-G02,2019,2,2018-11-10,P026,Bennett Stankovic,False,DNP,,,,,,,,,,,
2019-G02,2019,2,2018-11-10,P028,Jaden Baptiste,True,34:27,8-13,1-2,3-4,7.0,8.0,2.0,3.0,2.0,1.0,0.0,20.0
2019-G02,2019,2,2018-11-10,P029,Devin Gundersen,True,28:08,1-4,1-1,1-1,0.0,0.0,3.0,3.0,0.0,1.0,0.0,4.0
2019-G02,2019,2,2018-11-10,P030,Brandon Gundersen,False,DNP,,,,,,,,,,,
2019-G02,2019,2,2018-11-10,P031,Julian Danforth,True,20:06,0-3,0-2,2-3,0.0,2.0,1.0,2.0,1.0,0.0,0.0,2.0
2019-G02,2019,2,2018-11-10,P032,Ronan Rasmussen,False,3:11,1-1,0-0,0-0,0.0,1.0,0.0,0.0,0.0,0.0,0.0,2.0
2019-G02,2019,2,2018-11-10,P033,Rowan Baptiste,False,3:57,1-2,0-1,2-3,0.0,0.0,0.0,0.0,0.0,0.0,1.0,4.0
2019-G02,2019,2,2018-11-10,P034,Jaden Rasmussen,False,13:02,0-1,0-0,0-2,1.0,1.0,2.0,0.0,0.0,1.0,1.0,0.0
2019-G03,2019,3,2018-11-14,P018,Kobe Kalinowski,False,10:17,2-5,1-3,2-2,1.0,0.0,3.0,1.0,0.0,1.0,0.0,7.0
2019-G03,2019,3,2018-11-14,P019,Terrance Eskridge,True,34:43,6-11,0-0,5-7,1.0,5.0,2.0,2.0,2.0,1.0,5.0,17.0
2019-G03,2019,3,2018-11-14,P021,Lucas Lindqvist,False,DNP,,,,,,,,,,,
2019-G03,2019,3,2018-11-14,P024,Owen Grzelak,False,DNP,,,,,,,,,,,
2019-G03,2019,3,2018-11-14,P025,Jaden Vandermeer,True,33:12,5-12,1-2,4-4,1.0,3.0,4.0,5.0,0.0,1.0,4.0,15.0
2019-G03,2019,3,2018-11-14,P026,Bennett Stankovic,False,12:27,1-3,0-1,0-0,0.0,1.0,1.0,1.0,0.0,0.0,2.0,2.0
2019-G03,2019,3,2018-11-14,P028,Jaden Baptiste,True,31:05,9-12,2-2,4-4,1.0,8.0,1.0,0.0,0.0,3.0,3.0,24.0
2019-G03,2019,3,2018-11-14,P029,Devin Gundersen,True,33:10,5-6,2-2,2-3,0.0,1.0,3.0,5.0,0.0,1.0,3.0,14.0
2019-G03,2019,3,2018-11-14,P030,Brandon Gundersen,False,21:07,2-5,1-2,1-1,0.0,2.0,0.0,1.0,0.0,0.0,0.0,6.0
2019-G03,2019,3,2018-11-14,P031,Julian Danforth,True,20:18,1-3,0-2,1-1,1.0,2.0,1.0,2.0,2.0,0.0,1.0,3.0
2019-G03,2019,3,2018-11-14,P032,Ronan Rasmussen,False,3:41,0-2,0-1,0-1,0.0,0.0,1.0,0.0,0.0,0.0,2.0,0.0
2019-G03,2019,3,2018-11-14,P033,Rowan Baptiste,False,DNP,,,,,,,,,,,
2019-G03,2019,3,2018-11-14,P034,Jaden Rasmussen,False,DNP,,,,,,,,,,,
2019-G04,2019,4,2018-11-18,P018,Kobe Kalinowski,False,11:03,4-4,2-2,3-4,0.0,3.0,2.0,0.0,0.0,0.0,0.0,13.0
2019-G04,2019,4,2018-11-18,P019,Terrance Eskridge,True,29:49,7-10,0-0,1-3,1.0,5.0,1.0,3.0,1.0,2.0,3.0,15.0
2019-G04,2019,4,2018-11-18,P021,Lucas Lindqvist,False,DNP,,,,,,,,,,,
2019-G04,2019,4,2018-11-18,P024,Owen Grzelak,False,15:05,2-4,0-2,3-4,3.0,1.0,2.0,2.0,2.0,0.0,2.0,7.0
2019-G04,2019,4,2018-11-18,P025,Jaden Vandermeer,True,29:08,6-11,1-3,3-4,3.0,6.0,2.0,2.0,1.0,1.0,2.0,16.0
2019-G04,2019,4,2018-11-18,P026,Bennett Stankovic,False,10:18,0-3,0-2,0-0,0.0,2.0,1.0,0.0,1.0,0.0,1.0,0.0
2019-G04,2019,4,2018-11-18,P028,Jaden Baptiste,True,28:53,8-11,1-2,3-4,2.0,12.0,0.0,0.0,0.0,0.0,2.0,20.0
2019-G04,2019,4,2018-11-18,P029,Devin Gundersen,True,25:13,1-2,0-1,3-3,3.0,0.0,3.0,3.0,0.0,0.0,2.0,5.0
2019-G04,2019,4,2018-11-18,P030,Brandon Gundersen,False,16:43,1-2,0-1,1-2,1.0,1.0,0.0,1.0,0.0,0.0,0.0,3.0
2019-G04,2019,4,2018-11-18,P031,Julian Danforth,True,20:27,2-4,1-3,3-3,0.0,0.0,2.0,0.0,0.0,1.0,1.0,8.0
2019-G04,2019,4,2018-11-18,P032,Ronan Rasmussen,False,DNP,,,,,,,,,,,
2019-G04,2019,4,2018-11-18,P033,Rowan Baptiste,False,DNP,,,,,,,,,,,
2019-G04,2019,4,2018-11-18,P034,Jaden Rasmussen,False,13:20,1-2,0-1,1-1,0.0,4.0,0.0,0.0,0.0,0.0,1.0,3.0
2019-G05,2019,5,2018-11-22,P018,Kobe Kalinowski,False,DNP,,,,,,,,,,,
2019-G05,2019,5,2018-11-22,P019,Terrance Eskridge,True,28:20,5-10,0-0,1-3,5.0,1.0,1.0,3.0,1.0,0.0,4.0,11.0
2019-G05,2019,5,2018-11-22,P021,Lucas Lindqvist,False,15:39,2-5,0-3,2-2,0.0,1.0,3.0,1.0,0.0,1.0,1.0,6.0
2019-G05,2019,5,2018-11-22,P024,Owen Grzelak,False,14:04,1-3,0-1,1-1,0.0,0.0,2.0,0.0,1.0,0.0,0.0,3.0
2019-G05,2019,5,2018-11-22,P025,Jaden Vandermeer,True,29:25,5-11,2-3,5-5,2.0,1.0,1.0,1.0,0.0,0.0,3.0,17.0
2019-G05,2019,5,2018-11-22,P026,Bennett Stankovic,False,8:38,0-2,0-1,2-4,0.0,1.0,3.0,1.0,0.0,0.0,1.0,2.0
2019-G05,2019,5,2018-11-22,P028,Jaden Baptiste,True,27:51,6-10,2-2,4-4,1.0,5.0,1.0,0.0,4.0,0.0,4.0,18.0
2019-G05,2019,5,2018-11-22,P029,Devin Gundersen,True,27:49,3-8,0-3,3-3,0.0,0.0,5.0,0.0,2.0,0.0,2.0,9.0
2019-G05,2019,5,2018-11-22,P030,Brandon Gundersen,False,20:34,2-4,1-2,1-1,2.0,2.0,2.0,0.0,1.0,0.0,0.0,6.0
2019-G05,2019,5,2018-11-22,P031,Julian Danforth,True,17:16,3-4,1-2,1-1,0.0,1.0,2.0,1.0,0.0,2.0,1.0,8.0
2019-G05,2019,5,2018-11-22,P032,Ronan Rasmussen,False,DNP,,,,,,,,,,,
2019-G05,2019,5,2018-11-22,P033,Rowan Baptiste,False,DNP,,,,,,,,,,,
2019-G05,2019,5,2018-11-22,P034,Jaden Rasmussen,False,10:24,1-2,1-1,0-1,0.0,1.0,3.0,1.0,0.0,1.0,0.0,3.0
2019-G06,2019,6,2018-11-26,P018,Kobe Kalinowski,False,10:19,3-3,1-1,0-0,0.0,0.0,2.0,0.0,0.0,1.0,0.0,7.0
2019-G06,2019,6,2018-11-26,P019,Terrance Eskridge,True,29:48,5-9,0-0,2-2,1.0,3.0,1.0,1.0,1.0,3.0,1.0,12.0
2019-G06,2019,6,2018-11-26,P021,Lucas Lindqvist,False,15:00,3-5,1-3,0-1,0.0,2.0,2.0,1.0,0.0,0.0,0.0,7.0
2019-G06,2019,6,2018-11-26,P024,Owen Grzelak,False,DNP,,,,,,,,,,,
2019-G06,2019,6,2018-11-26,P025,Jaden Vandermeer,True,32:05,7-11,2-3,3-4,1.0,3.0,1.0,2.0,2.0,0.0,2.0,19.0
2019-G06,2019,6,2018-11-26,P026,Bennett Stankovic,False,9:29,1-4,0-2,2-2,0.0,1.0,1.0,1.0,1.0,0.0,1.0,4.0
2019-G06,2019,6,2018-11-26,P028,Jaden Baptiste,True,29:46,4-10,1-2,4-4,0.0,3.0,1.0,3.0,0.0,2.0,3.0,13.0
2019-G06,2019,6,2018-11-26,P029,Devin Gundersen,True,30:19,1-5,0-2,3-3,1.0,2.0,4.0,3.0,4.0,0.0,0.0,5.0
2019-G06,2019,6,2018-11-26,P030,Brandon Gundersen,False,20:51,1-1,0-0,0-1,2.0,1.0,3.0,5.0,0.0,0.0,0.0,2.0
2019-G06,2019,6,2018-11-26,P031,Julian Danforth,True,18:46,1-4,1-2,1-1,0.0,0.0,4.0,0.0,1.0,1.0,1.0,4.0
2019-G06,2019,6,2018-11-26,P032,Ronan Rasmussen,False,3:37,0-0,0-0,0-0,0.0,0.0,1.0,1.0,0.0,0.0,1.0,0.0
2019-G06,2019,6,2018-11-26,P033,Rowan Baptiste,False,DNP,,,,,,,,,,,
2019-G06,2019,6,2018-11-26,P034,Jaden Rasmussen,False,DNP,,,,,,,,,,,
2019-G07,2019,7,2018-11-30,P018,Kobe Kalinowski,False,10:44,1-3,0-2,0-2,0.0,0.0,1.0,1.0,1.0,0.0,0.0,2.0
2019-G07,2019,7,2018-11-30,P019,Terrance Eskridge,True,27:47,8-11,0-0,3-3,1.0,3.0,1.0,3.0,1.0,0.0,1.0,19.0
2019-G07,2019,7,2018-11-30,P021,Lucas Lindqvist,False,13:46,1-5,0-2,1-1,0.0,1.0,0.0,1.0,0.0,0.0,0.0,3.0
2019-G07,2019,7,2018-11-30,P024,Owen Grzelak,False,DNP,,,,,,,,,,,
2019-G07,2019,7,2018-11-30,P025,Jaden Vandermeer,True,33:26,7-10,2-2,4-4,2.0,5.0,0.0,2.0,0.0,1.0,5.0,20.0
2019-G07,2019,7,2018-11-30,P026,Bennett Stankovic,False,10:07,2-4,1-2,0-0,0.0,2.0,0.0,1.0,0.0,1.0,3.0,5.0
2019-G07,2019,7,2018-11-30,P028,Jaden Baptiste,True,26:26,4-12,1-2,3-3,0.0,6.0,4.0,1.0,0.0,3.0,1.0,12.0
2019-G07,2019,7,2018-11-30,P029,Devin Gundersen,True,31:48,3-5,1-2,0-1,0.0,3.0,3.0,2.0,0.0,0.0,1.0,7.0
2019-G07,2019,7,2018-11-30,P030,Brandon Gundersen,False,19:12,3-5,2-2,2-3,1.0,4.0,1.0,0.0,1.0,0.0,2.0,10.0
2019-G07,2019,7,2018-11-30,P031,Julian Danforth,True,23:10,2-6,1-4,2-3,0.0,1.0,1.0,2.0,1.0,2.0,4.0,7.0
2019-G07,2019,7,2018-11-30,P032,Ronan Rasmussen,False,DNP,,,,,,,,,,,
2019-G07,2019,7,2018-11-30,P033,Rowan Baptiste,False,3:34,1-2,0-1,0-0,0.0,0.0,0.0,0.0,0.0,0.0,0.0,2.0
2019-G07,2019,7,2018-11-30,P034,Jaden Rasmussen,False,DNP,,,,,,,,,,,
2019-G08,2019,8,2018-12-04,P018,Kobe Kalinowski,False,DNP,,,,,,,,,,,
2019-G08,2019,8,2018-12-04,P019,Terrance Eskridge,True,29:15,5-11,0-0,3-3,1.0,5.0,3.0,0.0,0.0,1.0,3.0,13.0
2019-G08,2019,8,2018-12-04,P021,Lucas Lindqvist,False,12:50,0-2,0-1,1-1,1.0,2.0,0.0,1.0,0.0,0.0,0.0,1.0
2019-G08,2019,8,2018-12-04,P024,Owen Grzelak,False,17:06,2-4,1-2,0-1,1.0,1.0,1.0,2.0,0.0,0.0,3.0,5.0
2019-G08,2019,8,2018-12-04,P025,Jaden Vandermeer,True,31:41,11-13,3-3,1-2,4.0,4.0,2.0,3.0,1.0,0.0,2.0,26.0
2019-G08,2019,8,2018-12-04,P026,Bennett Stankovic,False,DNP,,,,,,,,,,,
2019-G08,2019,8,2018-12-04,P028,Jaden Baptiste,True,27:20,6-11,2-2,2-5,1.0,5.0,2.0,2.0,0.0,1.0,2.0,16.0
2019-G08,2019,8,2018-12-04,P029,Devin Gundersen,True,26:26,3-5,1-2,0-0,0.0,2.0,6.0,4.0,0.0,0.0,1.0,7.0
2019-G08,2019,8,2018-12-04,P030,Brandon Gundersen,False,20:32,2-3,1-2,0-1,0.0,3.0,1.0,3.0,0.0,0.0,1.0,5.0
2019-G08,2019,8,2018-12-04,P031,Julian Danforth,True,21:44,1-3,0-2,1-1,0.0,3.0,4.0,1.0,2.0,0.0,4.0,3.0
2019-G08,2019,8,2018-12-04,P032,Ronan Rasmussen,False,DNP,,,,,,,,,,,
2019-G08,2019,8,2018-12-04,P033,Rowan Baptiste,False,DNP,,,,,,,,,,,
2019-G08,2019,8,2018-12-04,P034,Jaden Rasmussen,False,13:07,4-5,1-2,4-4,1.0,0.0,3.0,0.0,0.0,0.0,1.0,13.0
2019-G09,2019,9,2018-12-08,P018,Kobe Kalinowski,False,10:34,0-2,0-1,0-0,0.0,0.0,2.0,1.0,0.0,0.0,1.0,0.0
2019-G09,2019,9,2018-12-08,P019,Terrance Eskridge,True,27:43,5-7,0-0,3-3,1.0,4.0,1.0,4.0,0.0,4.0,1.0,13.0
2019-G09,2019,9,2018-12-08,P021,Lucas Lindqvist,False,15:52,1-5,1-2,1-1,0.0,1.0,0.0,0.0,0.0,0.0,0.0,4.0
2019-G09,2019,9,2018-12-08,P024,Owen Grzelak,False,16:43,0-4,0-2,0-0,1.0,1.0,3.0,0.0,0.0,0.0,1.0,0.0
2019-G09,2019,9,2018-12-08,P025,Jaden Vandermeer,True,25:11,4-8,1-1,1-2,0.0,5.0,3.0,0.0,1.0,0.0,0.0,10.0
2019-G09,2019,9,2018-12-08,P026,Bennett Stankovic,False,10:45,3-5,2-3,1-1,1.0,0.0,0.0,1.0,0.0,0.0,3.0,9.0
2019-G09,2019,9,2018-12-08,P028,Jaden Baptiste,True,25:30,5-12,1-3,1-2,0.0,4.0,2.0,1.0,1.0,2.0,1.0,12.0
2019-G09,2019,9,2018-12-08,P029,Devin Gundersen,True,28:55,3-5,0-2,3-4,1.0,3.0,6.0,2.0,2.0,0.0,4.0,9.0
2019-G09,2019,9,2018-12-08,P030,Brandon Gundersen,False,16:23,1-2,0-1,0-0,1.0,3.0,1.0,1.0,0.0,1.0,1.0,2.0
2019-G09,2019,9,2018-12-08,P031,Julian Danforth,True,19:18,1-3,0-2,0-0,2.0,1.0,4.0,0.0,2.0,1.0,2.0,2.0
2019-G09,2019,9,2018-12-08,P032,Ronan Rasmussen,False,3:06,0-2,0-1,0-3,0.0,0.0,0.0,0.0,0.0,0.0,0.0,0.0
2019-G09,2019,9,2018-12-08,P033,Rowan Baptiste,False,DNP,,,,,,,,,,,
2019-G09,2019,9,2018-12-08,P034,Jaden Rasmussen,False,DNP,,,,,,,,,,,
2019-G10,2019,10,2018-12-12,P018,Kobe Kalinowski,False,11:41,2-4,0-2,1-1,0.0,1.0,3.0,0.0,2.0,1.0,0.0,5.0
2019-G10,2019,10,2018-12-12,P019,Terrance Eskridge,True,30:44,4-11,0-0,0-1,0.0,6.0,6.0,2.0,1.0,0.0,1.0,8.0
2019-G10,2019,10,2018-12-12,P021,Lucas Lindqvist,False,14:31,0-4,0-2,0-0,0.0,0.0,1.0,1.0,0.0,0.0,1.0,0.0
2019-G10,2019,10,2018-12-12,P024,Owen Grzelak,False,DNP,,,,,,,,,,,
2019-G10,2019,10,2018-12-12,P025,Jaden Vandermeer,True,27:29,7-10,1-3,4-4,2.0,2.0,1.0,1.0,2.0,0.0,3.0,19.0
2019-G10,2019,10,2018-12-12,P026,Bennett Stankovic,False,DNP,,,,,,,,,,,
2019-G10,2019,10,2018-12-12,P028,Jaden Baptiste,True,31:20,5-12,0-2,4-4,0.0,7.0,1.0,2.0,0.0,1.0,1.0,14.0
2019-G10,2019,10,2018-12-12,P029,Devin Gundersen,True,30:49,1-7,0-3,1-2,2.0,2.0,3.0,1.0,0.0,0.0,5.0,3.0
2019-G10,2019,10,2018-12-12,P030,Brandon Gundersen,False,17:43,2-3,2-2,2-2,0.0,2.0,2.0,3.0,1.0,0.0,2.0,8.0
2019-G10,2019,10,2018-12-12,P031,Julian Danforth,True,22:45,4-6,2-4,0-0,0.0,1.0,4.0,2.0,2.0,0.0,2.0,10.0
2019-G10,2019,10,2018-12-12,P032,Ronan Rasmussen,False,DNP,,,,,,,,,,,
2019-G10,2019,10,2018-12-12,P033,Rowan Baptiste,False,DNP,,,,,,,,,,,
2019-G10,2019,10,2018-12-12,P034,Jaden Rasmussen,False,12:58,1-1,1-1,1-2,0.0,2.0,1.0,1.0,0.0,0.0,1.0,4.0
2019-G11,2019,11,2018-12-16,P018,Kobe Kalinowski,False,10:45,3-4,1-2,1-2,1.0,0.0,2.0,1.0,0.0,0.0,1.0,8.0
2019-G11,2019,11,2018-12-16,P019,Terrance Eskridge,True,28:29,6-7,0-0,2-2,3.0,5.0,1.0,6.0,0.0,0.0,0.0,14.0
2019-G11,2019,11,2018-12-16,P021,Lucas Lindqvist,False,14:14,2-6,0-3,2-3,0.0,0.0,4.0,2.0,0.0,1.0,1.0,6.0
2019-G11,2019,11,2018-12-16,P024,Owen Grzelak,False,18:58,1-4,0-1,1-1,0.0,4.0,3.0,1.0,0.0,0.0,1.0,3.0
2019-G11,2019,11,2018-12-16,P025,Jaden Vandermeer,True,30:40,3-6,0-1,0-1,3.0,3.0,1.0,4.0,1.0,0.0,1.0,6.0
2019-G11,2019,11,2018-12-16,P026,Bennett Stankovic,False,DNP,,,,,,,,,,,
2019-G11,2019,11,2018-12-16,P028,Jaden Baptiste,True,30:16,3-9,0-2,2-4,4.0,2.0,4.0,0.0,2.0,1.0,0.0,8.0
2019-G11,2019,11,2018-12-16,P029,Devin Gundersen,True,31:40,3-5,1-2,1-2,3.0,1.0,4.0,3.0,2.0,2.0,2.0,8.0
2019-G11,2019,11,2018-12-16,P030,Brandon Gundersen,False,DNP,,,,,,,,,,,
2019-G11,2019,11,2018-12-16,P031,Julian Danforth,True,22:08,4-4,3-3,0-0,0.0,1.0,1.0,1.0,0.0,0.0,2.0,11.0
2019-G11,2019,11,2018-12-16,P032,Ronan Rasmussen,False,DNP,,,,,,,,,,,
2019-G11,2019,11,2018-12-16,P033,Rowan Baptiste,False,DNP,,,,,,,,,,,
2019-G11,2019,11,2018-12-16,P034,Jaden Rasmussen,False,12:49,0-2,0-1,0-0,0.0,0.0,1.0,2.0,0.0,0.0,1.0,0.0
2019-G12,2019,12,2018-12-20,P018,Kobe Kalinowski,False,DNP,,,,,,,,,,,
2019-G12,2019,12,2018-12-20,P019,Terrance Eskridge,True,30:05,3-10,0-0,3-6,6.0,7.0,1.0,3.0,2.0,2.0,2.0,9.0
2019-G12,2019,12,2018-12-20,P021,Lucas Lindqvist,False,DNP,,,,,,,,,,,
2019-G12,2019,12,2018-12-20,P024,Owen Grzelak,False,18:54,1-2,1-1,0-0,0.0,0.0,3.0,1.0,0.0,0.0,1.0,3.0
2019-G12,2019,12,2018-12-20,P025,Jaden Vandermeer,True,29:56,6-11,1-2,1-2,2.0,2.0,1.0,1.0,1.0,1.0,3.0,14.0
2019-G12,2019,12,2018-12-20,P026,Bennett Stankovic,False,12:19,1-2,1-1,0-0,0.0,2.0,2.0,2.0,0.0,0.0,0.0,3.0
2019-G12,2019,12,2018-12-20,P028,Jaden Baptiste,True,35:53,12-15,1-3,4-4,1.0,5.0,1.0,0.0,0.0,2.0,3.0,29.0
2019-G12,2019,12,2018-12-20,P029,Devin Gundersen,True,36:49,2-7,0-3,3-5,0.0,1.0,4.0,2.0,0.0,0.0,4.0,7.0
2019-G12,2019,12,2018-12-20,P030,Brandon Gundersen,False,DNP,,,,,,,,,,,
2019-G12,2019,12,2018-12-20,P031,Julian Danforth,True,22:40,3-5,1-2,0-1,1.0,0.0,3.0,1.0,0.0,1.0,1.0,7.0
2019-G12,2019,12,2018-12-20,P032,Ronan Rasmussen,False,DNP,,,,,,,,,,,
2019-G12,2019,12,2018-12-20,P033,Rowan Baptiste,False,DNP,,,,,,,,,,,
2019-G12,2019,12,2018-12-20,P034,Jaden Rasmussen,False,13:22,1-3,1-2,0-0,0.0,1.0,2.0,0.0,0.0,0.0,3.0,3.0
2019-G13,2019,13,2018-12-24,P018,Kobe Kalinowski,False,10:35,3-5,1-3,3-3,1.0,2.0,1.0,1.0,1.0,1.0,0.0,10.0
2019-G13,2019,13,2018-12-24,P019,Terrance Eskridge,True,26:09,5-7,0-0,3-3,1.0,9.0,2.0,2.0,0.0,0.0,1.0,13.0
2019-G13,2019,13,2018-12-24,P021,Lucas Lindqvist,False,15:41,2-6,0-3,3-3,1.0,0.0,3.0,1.0,0.0,0.0,0.0,7.0
2019-G13,2019,13,2018-12-24,P024,Owen Grzelak,False,13:58,2-3,0-1,0-1,0.0,0.0,0.0,1.0,0.0,0.0,2.0,4.0
2019-G13,2019,13,2018-12-24,P025,Jaden Vandermeer,True,30:24,8-10,2-2,3-3,1.0,0.0,2.0,1.0,2.0,1.0,1.0,21.0
2019-G13,2019,13,2018-12-24,P026,Bennett Stankovic,False,10:34,1-3,0-1,1-1,0.0,1.0,0.0,1.0,1.0,0.0,0.0,3.0
2019-G13,2019,13,2018-12-24,P028,Jaden Baptiste,True,24:09,4-9,0-2,3-3,0.0,7.0,2.0,0.0,0.0,0.0,4.0,11.0
2019-G13,2019,13,2018-12-24,P029,Devin Gundersen,True,30:29,3-6,1-2,1-1,1.0,5.0,3.0,3.0,1.0,1.0,3.0,8.0
2019-G13,2019,13,2018-12-24,P030,Brandon Gundersen,False,17:13,2-3,1-1,2-2,1.0,2.0,0.0,0.0,0.0,0.0,1.0,7.0
2019-G13,2019,13,2018-12-24,P031,Julian Danforth,True,17:11,0-2,0-1,1-2,1.0,1.0,2.0,1.0,2.0,2.0,0.0,1.0
2019-G13,2019,13,2018-12-24,P032,Ronan Rasmussen,False,DNP,,,,,,,,,,,
2019-G13,2019,13,2018-12-24,P033,Rowan Baptiste,False,3:37,0-0,0-0,0-0,1.0,0.0,2.0,0.0,0.0,0.0,1.0,0.0
2019-G13,2019,13,2018-12-24,P034,Jaden Rasmussen,False,DNP,,,,,,,,,,,
2019-G14,2019,14,2018-12-28,P018,Kobe Kalinowski,False,10:25,2-5,0-3,0-0,1.0,2.0,3.0,1.0,0.0,1.0,0.0,4.0
2019-G14,2019,14,2018-12-28,P019,Terrance Eskridge,True,29:32,4-8,0-0,3-3,1.0,2.0,1.0,4.0,0.0,0.0,3.0,11.0
2019-G14,2019,14,2018-12-28,P021,Lucas Lindqvist,False,13:29,0-2,0-1,3-3,1.0,1.0,3.0,0.0,0.0,0.0,0.0,3.0
2019-G14,2019,14,2018-12-28,P024,Owen Grzelak,False,16:00,0-4,0-2,0-0,1.0,0.0,2.0,0.0,1.0,0.0,1.0,0.0
2019-G14,2019,14,2018-12-28,P025,Jaden Vandermeer,True,28:14,7-10,2-2,3-4,2.0,5.0,2.0,0.0,0.0,1.0,0.0,19.0
2019-G14,2019,14,2018-12-28,P026,Bennett Stankovic,False,10:54,1-4,0-2,0-0,0.0,0.0,0.0,0.0,0.0,0.0,1.0,2.0
2019-G14,2019,14,2018-12-28,P028,Jaden Baptiste,True,24:05,8-11,1-2,5-5,0.0,7.0,2.0,2.0,0.0,1.0,2.0,22.0
2019-G14,2019,14,2018-12-28,P029,Devin Gundersen,True,27:04,3-5,0-2,1-1,0.0,0.0,2.0,1.0,1.0,0.0,2.0,7.0
2019-G14,2019,14,2018-12-28,P030,Brandon Gundersen,False,16:58,1-1,0-0,0-0,3.0,1.0,0.0,0.0,1.0,0.0,0.0,2.0
2019-G14,2019,14,2018-12-28,P031,Julian Danforth,True,19:58,2-3,1-1,0-0,3.0,3.0,3.0,1.0,0.0,1.0,2.0,5.0
2019-G14,2019,14,2018-12-28,P032,Ronan Rasmussen,False,3:23,0-2,0-1,1-1,0.0,2.0,0.0,1.0,0.0,0.0,0.0,1.0
2019-G14,2019,14,2018-12-28,P033,Rowan Baptiste,False,DNP,,,,,,,,,,,
2019-G14,2019,14,2018-12-28,P034,Jaden Rasmussen,False,DNP,,,,,,,,,,,
2019-G15,2019,15,2019-01-01,P018,Kobe Kalinowski,False,11:28,3-4,1-2,0-0,0.0,0.0,2.0,2.0,0.0,0.0,0.0,7.0
2019-G15,2019,15,2019-01-01,P019,Terrance Eskridge,True,34:32,8-12,0-0,5-5,2.0,6.0,1.0,1.0,1.0,4.0,2.0,21.0
2019-G15,2019,15,2019-01-01,P021,Lucas Lindqvist,False,DNP,,,,,,,,,,,
2019-G15,2019,15,2019-01-01,P024,Owen Grzelak,False,DNP,,,,,,,,,,,
2019-G15,2019,15,2019-01-01,P025,Jaden Vandermeer,True,28:39,8-11,2-2,2-2,0.0,5.0,1.0,1.0,0.0,0.0,0.0,20.0
2019-G15,2019,15,2019-01-01,P026,Bennett Stankovic,False,DNP,,,,,,,,,,,
2019-G15,2019,15,2019-01-01,P028,Jaden Baptiste,True,31:25,7-14,0-3,1-2,3.0,9.0,2.0,4.0,0.0,1.0,0.0,15.0
2019-G15,2019,15,2019-01-01,P029,Devin Gundersen,True,34:55,8-10,1-3,0-1,2.0,2.0,6.0,0.0,1.0,0.0,2.0,17.0
2019-G15,2019,15,2019-01-01,P030,Brandon Gundersen,False,23:26,3-5,1-2,1-1,2.0,2.0,1.0,2.0,0.0,1.0,5.0,8.0
2019-G15,2019,15,2019-01-01,P031,Julian Danforth,True,21:15,2-3,1-1,1-1,0.0,0.0,2.0,1.0,2.0,0.0,3.0,6.0
2019-G15,2019,15,2019-01-01,P032,Ronan Rasmussen,False,DNP,,,,,,,,,,,
2019-G15,2019,15,2019-01-01,P033,Rowan Baptiste,False,DNP,,,,,,,,,,,
2019-G15,2019,15,2019-01-01,P034,Jaden Rasmussen,False,14:19,3-3,1-1,1-1,0.0,3.0,1.0,1.0,0.0,1.0,0.0,8.0
2019-G16,2019,16,2019-01-05,P018,Kobe Kalinowski,False,DNP,,,,,,,,,,,
2019-G16,2019,16,2019-01-05,P019,Terrance Eskridge,True,32:14,6-9,0-0,3-3,4.0,5.0,2.0,4.0,0.0,1.0,4.0,15.0
2019-G16,2019,16,2019-01-05,P021,Lucas Lindqvist,False,DNP,,,,,,,,,,,
2019-G16,2019,16,2019-01-05,P024,Owen Grzelak,False,18:21,2-3,0-1,0-0,0.0,0.0,4.0,1.0,1.0,0.0,1.0,4.0
2019-G16,2019,16,2019-01-05,P025,Jaden Vandermeer,True,26:55,6-8,0-1,4-5,1.0,2.0,5.0,1.0,1.0,0.0,2.0,16.0
2019-G16,2019,16,2019-01-05,P026,Bennett Stankovic,False,11:02,2-3,0-1,0-0,0.0,0.0,3.0,1.0,0.0,0.0,1.0,4.0
2019-G16,2019,16,2019-01-05,P028,Jaden Baptiste,True,27:36,6-11,2-2,1-1,3.0,2.0,0.0,3.0,0.0,3.0,1.0,15.0
2019-G16,2019,16,2019-01-05,P029,Devin Gundersen,True,33:00,2-4,0-1,1-1,1.0,3.0,5.0,2.0,2.0,0.0,3.0,5.0
2019-G16,2019,16,2019-01-05,P030,Brandon Gundersen,False,19:18,1-1,0-0,0-0,1.0,2.0,0.0,2.0,0.0,0.0,1.0,2.0
2019-G16,2019,16,2019-01-05,P031,Julian Danforth,True,18:57,1-4,1-2,1-1,0.0,0.0,3.0,0.0,2.0,0.0,2.0,4.0
2019-G16,2019,16,2019-01-05,P032,Ronan Rasmussen,False,DNP,,,,,,,,,,,
2019-G16,2019,16,2019-01-05,P033,Rowan Baptiste,False,DNP,,,,,,,,,,,
2019-G16,2019,16,2019-01-05,P034,Jaden Rasmussen,False,12:35,2-3,2-2,0-1,0.0,2.0,3.0,1.0,1.0,0.0,1.0,6.0
2019-G17,2019,17,2019-01-09,P018,Kobe Kalinowski,False,DNP,,,,,,,,,,,
2019-G17,2019,17,2019-01-09,P019,Terrance Eskridge,True,27:40,7-7,0-0,0-0,1.0,6.0,0.0,2.0,1.0,3.0,0.0,14.0
2019-G17,2019,17,2019-01-09,P021,Lucas Lindqvist,False,DNP,,,,,,,,,,,
2019-G17,2019,17,2019-01-09,P024,Owen Grzelak,False,DNP,,,,,,,,,,,
2019-G17,2019,17,2019-01-09,P025,Jaden Vandermeer,True,33:32,6-11,2-2,1-2,0.0,4.0,0.0,4.0,1.0,1.0,4.0,15.0
2019-G17,2019,17,2019-01-09,P026,Bennett Stankovic,False,11:26,2-5,1-2,3-3,1.0,1.0,1.0,1.0,1.0,0.0,0.0,8.0
2019-G17,2019,17,2019-01-09,P028,Jaden Baptiste,True,30:03,5-10,0-2,1-2,3.0,3.0,2.0,3.0,2.0,2.0,2.0,11.0
2019-G17,2019,17,2019-01-09,P029,Devin Gundersen,True,35:28,4-9,0-3,1-1,1.0,0.0,4.0,1.0,1.0,0.0,5.0,9.0
2019-G17,2019,17,2019-01-09,P030,Brandon Gundersen,False,23:33,1-5,0-3,2-2,1.0,2.0,0.0,3.0,2.0,0.0,3.0,4.0
2019-G17,2019,17,2019-01-09,P031,Julian Danforth,True,22:47,3-5,2-4,0-0,0.0,0.0,6.0,1.0,0.0,1.0,1.0,8.0
2019-G17,2019,17,2019-01-09,P032,Ronan Rasmussen,False,DNP,,,,,,,,,,,
2019-G17,2019,17,2019-01-09,P033,Rowan Baptiste,False,4:06,1-1,0-0,0-0,0.0,0.0,0.0,1.0,0.0,0.0,0.0,2.0
2019-G17,2019,17,2019-01-09,P034,Jaden Rasmussen,False,11:26,1-2,0-1,0-0,0.0,1.0,2.0,0.0,0.0,0.0,0.0,2.0
2019-G18,2019,18,2019-01-13,P018,Kobe Kalinowski,False,DNP,,,,,,,,,,,
2019-G18,2019,18,2019-01-13,P019,Terrance Eskridge,True,31:41,2-9,0-0,0-0,4.0,4.0,3.0,1.0,0.0,0.0,0.0,4.0
2019-G18,2019,18,2019-01-13,P021,Lucas Lindqvist,False,16:11,1-3,1-1,1-1,1.0,2.0,2.0,2.0,0.0,0.0,1.0,4.0
2019-G18,2019,18,2019-01-13,P024,Owen Grzelak,False,15:35,0-4,0-2,1-1,0.0,0.0,2.0,1.0,0.0,0.0,1.0,1.0
2019-G18,2019,18,2019-01-13,P025,Jaden Vandermeer,True,25:16,7-9,0-2,1-2,0.0,2.0,1.0,3.0,0.0,1.0,2.0,15.0
2019-G18,2019,18,2019-01-13,P026,Bennett Stankovic,False,10:27,2-5,1-3,1-1,0.0,2.0,1.0,1.0,0.0,0.0,0.0,6.0
2019-G18,2019,18,2019-01-13,P028,Jaden Baptiste,True,26:43,5-9,1-2,2-2,2.0,2.0,2.0,3.0,2.0,0.0,2.0,13.0
2019-G18,2019,18,2019-01-13,P029,Devin Gundersen,True,25:24,2-5,1-2,2-2,1.0,2.0,2.0,2.0,1.0,0.0,1.0,7.0
2019-G18,2019,18,2019-01-13,P030,Brandon Gundersen,False,17:49,2-2,1-1,1-1,0.0,0.0,1.0,3.0,1.0,0.0,2.0,6.0
2019-G18,2019,18,2019-01-13,P031,Julian Danforth,True,16:37,1-1,0-0,0-0,0.0,2.0,3.0,0.0,0.0,0.0,1.0,2.0
2019-G18,2019,18,2019-01-13,P032,Ronan Rasmussen,False,DNP,,,,,,,,,,,
2019-G18,2019,18,2019-01-13,P033,Rowan Baptiste,False,3:46,1-2,0-1,2-2,0.0,1.0,2.0,0.0,0.0,0.0,0.0,4.0
2019-G18,2019,18,2019-01-13,P034,Jaden Rasmussen,False,10:32,0-4,0-2,2-2,1.0,0.0,5.0,0.0,1.0,0.0,1.0,2.0
2019-G19,2019,19,2019-01-17,P018,Kobe Kalinowski,False,11:22,2-3,0-1,0-1,1.0,0.0,0.0,0.0,0.0,0.0,3.0,4.0
2019-G19,2019,19,2019-01-17,P019,Terrance Eskridge,True,28:03,5-7,0-0,5-5,2.0,7.0,1.0,3.0,1.0,2.0,4.0,15.0
2019-G19,2019,19,2019-01-17,P021,Lucas Lindqvist,False,17:46,0-4,0-2,2-2,1.0,3.0,0.0,0.0,2.0,1.0,3.0,2.0
2019-G19,2019,19,2019-01-17,P024,Owen Grzelak,False,18:33,1-3,0-1,0-0,0.0,2.0,6.0,1.0,3.0,1.0,0.0,2.0
2019-G19,2019,19,2019-01-17,P025,Jaden Vandermeer,True,32:08,7-9,1-2,2-2,4.0,2.0,2.0,1.0,1.0,0.0,3.0,17.0
2019-G19,2019,19,2019-01-17,P026,Bennett Stankovic,False,DNP,,,,,,,,,,,
2019-G19,2019,19,2019-01-17,P028,Jaden Baptiste,True,34:46,9-12,2-2,5-5,5.0,6.0,1.0,1.0,3.0,4.0,3.0,25.0
2019-G19,2019,19,2019-01-17,P029,Devin Gundersen,True,26:15,2-4,2-2,2-2,1.0,1.0,4.0,0.0,1.0,0.0,4.0,8.0
2019-G19,2019,19,2019-01-17,P030,Brandon Gundersen,False,DNP,,,,,,,,,,,
2019-G19,2019,19,2019-01-17,P031,Julian Danforth,True,19:46,1-4,0-2,0-1,0.0,1.0,2.0,0.0,0.0,0.0,2.0,2.0
2019-G19,2019,19,2019-01-17,P032,Ronan Rasmussen,False,DNP,,,,,,,,,,,
2019-G19,2019,19,2019-01-17,P033,Rowan Baptiste,False,DNP,,,,,,,,,,,
2019-G19,2019,19,2019-01-17,P034,Jaden Rasmussen,False,11:21,0-2,0-1,2-2,0.0,0.0,0.0,1.0,1.0,0.0,2.0,2.0
2019-G20,2019,20,2019-01-21,P018,Kobe Kalinowski,False,10:46,4-6,2-4,1-2,1.0,0.0,0.0,1.0,0.0,0.0,0.0,11.0
2019-G20,2019,20,2019-01-21,P019,Terrance Eskridge,True,28:50,4-7,0-0,3-3,3.0,5.0,4.0,1.0,3.0,4.0,1.0,11.0
2019-G20,2019,20,2019-01-21,P021,Lucas Lindqvist,False,16:28,2-4,1-2,0-0,0.0,1.0,3.0,1.0,0.0,0.0,0.0,5.0
2019-G20,2019,20,2019-01-21,P024,Owen Grzelak,False,DNP,,,,,,,,,,,
2019-G20,2019,20,2019-01-21,P025,Jaden Vandermeer,True,33:40,2-9,1-2,0-0,2.0,6.0,2.0,2.0,2.0,1.0,1.0,5.0
2019-G20,2019,20,2019-01-21,P026,Bennett Stankovic,False,11:13,0-2,0-1,0-0,0.0,1.0,3.0,1.0,1.0,0.0,0.0,0.0
2019-G20,2019,20,2019-01-21,P028,Jaden Baptiste,True,32:01,7-10,2-2,2-2,2.0,5.0,3.0,2.0,2.0,1.0,2.0,18.0
2019-G20,2019,20,2019-01-21,P029,Devin Gundersen,True,36:01,2-7,1-2,1-2,0.0,3.0,6.0,7.0,1.0,2.0,3.0,6.0
2019-G20,2019,20,2019-01-21,P030,Brandon Gundersen,False,DNP,,,,,,,,,,,
2019-G20,2019,20,2019-01-21,P031,Julian Danforth,True,19:38,1-2,1-1,1-1,0.0,0.0,1.0,2.0,0.0,0.0,0.0,4.0
2019-G20,2019,20,2019-01-21,P032,Ronan Rasmussen,False,DNP,,,,,,,,,,,
2019-G20,2019,20,2019-01-21,P033,Rowan Baptiste,False,DNP,,,,,,,,,,,
2019-G20,2019,20,2019-01-21,P034,Jaden Rasmussen,False,11:23,1-2,0-1,1-1,2.0,0.0,3.0,0.0,0.0,0.0,0.0,3.0
2019-G21,2019,21,2019-01-25,P018,Kobe Kalinowski,False,11:24,3-6,2-4,0-0,0.0,0.0,0.0,0.0,0.0,0.0,1.0,8.0
2019-G21,2019,21,2019-01-25,P019,Terrance Eskridge,True,27:52,6-11,0-0,5-6,3.0,6.0,2.0,3.0,0.0,0.0,4.0,17.0
2019-G21,2019,21,2019-01-25,P021,Lucas Lindqvist,False,DNP,,,,,,,,,,,
2019-G21,2019,21,2019-01-25,P024,Owen Grzelak,False,17:27,2-4,0-1,2-3,0.0,0.0,5.0,2.0,0.0,0.0,0.0,6.0
2019-G21,2019,21,2019-01-25,P025,Jaden Vandermeer,True,31:53,6-14,1-3,3-4,1.0,7.0,0.0,3.0,2.0,1.0,2.0,16.0
2019-G21,2019,21,2019-01-25,P026,Bennett Stankovic,False,DNP,,,,,,,,,,,
2019-G21,2019,21,2019-01-25,P028,Jaden Baptiste,True,32:13,11-16,1-3,3-4,2.0,7.0,1.0,1.0,1.0,2.0,0.0,26.0
2019-G21,2019,21,2019-01-25,P029,Devin Gundersen,True,28:29,3-5,0-2,1-2,0.0,4.0,2.0,2.0,1.0,0.0,4.0,7.0
2019-G21,2019,21,2019-01-25,P030,Brandon Gundersen,False,20:30,1-1,0-0,0-0,0.0,3.0,1.0,2.0,0.0,0.0,0.0,2.0
2019-G21,2019,21,2019-01-25,P031,Julian Danforth,True,20:08,3-5,1-2,0-0,0.0,0.0,2.0,3.0,2.0,0.0,1.0,7.0
2019-G21,2019,21,2019-01-25,P032,Ronan Rasmussen,False,DNP,,,,,,,,,,,
2019-G21,2019,21,2019-01-25,P033,Rowan Baptiste,False,DNP,,,,,,,,,,,
2019-G21,2019,21,2019-01-25,P034,Jaden Rasmussen,False,10:04,1-2,1-1,0-0,0.0,0.0,2.0,3.0,1.0,1.0,0.0,3.0
2019-G22,2019,22,2019-01-29,P018,Kobe Kalinowski,False,DNP,,,,,,,,,,,
2019-G22,2019,22,2019-01-29,P019,Terrance Eskridge,True,26:17,7-9,0-0,4-4,2.0,4.0,1.0,0.0,0.0,1.0,3.0,18.0
2019-G22,2019,22,2019-01-29,P021,Lucas Lindqvist,False,15:06,3-6,1-3,0-0,0.0,2.0,1.0,1.0,0.0,0.0,2.0,7.0
2019-G22,2019,22,2019-01-29,P024,Owen Grzelak,False,17:00,2-4,0-1,2-2,0.0,3.0,1.0,0.0,0.0,0.0,0.0,6.0
2019-G22,2019,22,2019-01-29,P025,Jaden Vandermeer,True,24:07,9-10,1-2,2-3,2.0,2.0,0.0,4.0,0.0,0.0,1.0,21.0
2019-G22,2019,22,2019-01-29,P026,Bennett Stankovic,False,9:46,2-4,0-2,2-3,0.0,1.0,0.0,0.0,1.0,0.0,1.0,6.0
2019-G22,2019,22,2019-01-29,P028,Jaden Baptiste,True,27:32,4-11,1-2,2-3,3.0,9.0,0.0,3.0,1.0,0.0,2.0,11.0
2019-G22,2019,22,2019-01-29,P029,Devin Gundersen,True,30:15,2-7,1-2,4-4,0.0,0.0,5.0,2.0,1.0,0.0,0.0,9.0
2019-G22,2019,22,2019-01-29,P030,Brandon Gundersen,False,18:11,1-2,1-1,3-3,0.0,5.0,0.0,1.0,0.0,1.0,1.0,6.0
2019-G22,2019,22,2019-01-29,P031,Julian Danforth,True,17:48,3-4,1-2,2-2,1.0,0.0,1.0,0.0,2.0,0.0,2.0,9.0
2019-G22,2019,22,2019-01-29,P032,Ronan Rasmussen,False,DNP,,,,,,,,,,,
2019-G22,2019,22,2019-01-29,P033,Rowan Baptiste,False,4:10,1-4,0-2,2-3,0.0,0.0,1.0,2.0,0.0,0.0,0.0,4.0
2019-G22,2019,22,2019-01-29,P034,Jaden Rasmussen,False,9:49,1-1,1-1,0-1,1.0,0.0,3.0,1.0,0.0,0.0,2.0,3.0
2019-G23,2019,23,2019-02-02,P018,Kobe Kalinowski,False,11:56,3-5,2-3,1-1,1.0,1.0,0.0,0.0,2.0,0.0,0.0,9.0
2019-G23,2019,23,2019-02-02,P019,Terrance Eskridge,True,32:54,2-10,0-0,3-3,2.0,8.0,2.0,2.0,0.0,2.0,1.0,7.0
2019-G23,2019,23,2019-02-02,P021,Lucas Lindqvist,False,DNP,,,,,,,,,,,
2019-G23,2019,23,2019-02-02,P024,Owen Grzelak,False,19:31,1-3,0-1,0-0,0.0,0.0,0.0,2.0,0.0,0.0,1.0,2.0
2019-G23,2019,23,2019-02-02,P025,Jaden Vandermeer,True,35:36,6-12,1-2,0-4,2.0,4.0,0.0,5.0,0.0,0.0,1.0,13.0
2019-G23,2019,23,2019-02-02,P026,Bennett Stankovic,False,12:35,1-2,0-1,2-3,0.0,1.0,2.0,1.0,1.0,1.0,2.0,4.0
2019-G23,2019,23,2019-02-02,P028,Jaden Baptiste,True,33:28,8-11,1-2,3-3,3.0,8.0,1.0,3.0,2.0,0.0,4.0,20.0
2019-G23,2019,23,2019-02-02,P029,Devin Gundersen,True,29:01,3-5,0-1,2-3,0.0,0.0,4.0,1.0,0.0,1.0,1.0,8.0
2019-G23,2019,23,2019-02-02,P030,Brandon Gundersen,False,DNP,,,,,,,,,,,
2019-G23,2019,23,2019-02-02,P031,Julian Danforth,True,25:00,1-4,1-2,1-1,0.0,0.0,0.0,1.0,1.0,0.0,2.0,4.0
2019-G23,2019,23,2019-02-02,P032,Ronan Rasmussen,False,DNP,,,,,,,,,,,
2019-G23,2019,23,2019-02-02,P033,Rowan Baptiste,False,DNP,,,,,,,,,,,
2019-G23,2019,23,2019-02-02,P034,Jaden Rasmussen,False,DNP,,,,,,,,,,,
2019-G24,2019,24,2019-02-06,P018,Kobe Kalinowski,False,DNP,,,,,,,,,,,
2019-G24,2019,24,2019-02-06,P019,Terrance Eskridge,True,33:55,10-12,0-0,1-1,4.0,5.0,0.0,4.0,1.0,1.0,2.0,21.0
2019-G24,2019,24,2019-02-06,P021,Lucas Lindqvist,False,17:43,3-5,1-2,0-1,0.0,0.0,3.0,2.0,0.0,0.0,1.0,7.0
2019-G24,2019,24,2019-02-06,P024,Owen Grzelak,False,DNP,,,,,,,,,,,
2019-G24,2019,24,2019-02-06,P025,Jaden Vandermeer,True,33:43,9-10,1-2,0-0,1.0,1.0,1.0,1.0,0.0,1.0,3.0,19.0
2019-G24,2019,24,2019-02-06,P026,Bennett Stankovic,False,11:11,2-3,1-2,1-1,0.0,0.0,2.0,1.0,0.0,1.0,0.0,6.0
2019-G24,2019,24,2019-02-06,P028,Jaden Baptiste,True,32:48,8-13,1-2,3-3,2.0,4.0,2.0,2.0,0.0,2.0,2.0,20.0
2019-G24,2019,24,2019-02-06,P029,Devin Gundersen,True,28:12,2-5,1-2,1-1,0.0,1.0,5.0,1.0,0.0,1.0,2.0,6.0
2019-G24,2019,24,2019-02-06,P030,Brandon Gundersen,False,19:14,1-3,0-1,0-0,1.0,1.0,0.0,0.0,0.0,0.0,1.0,2.0
2019-G24,2019,24,2019-02-06,P031,Julian Danforth,True,23:14,5-7,4-5,0-0,0.0,1.0,3.0,1.0,1.0,0.0,1.0,14.0
2019-G24,2019,24,2019-02-06,P032,Ronan Rasmussen,False,DNP,,,,,,,,,,,
2019-G24,2019,24,2019-02-06,P033,Rowan Baptiste,False,DNP,,,,,,,,,,,
2019-G24,2019,24,2019-02-06,P034,Jaden Rasmussen,False,DNP,,,,,,,,,,,
2019-G25,2019,25,2019-02-10,P018,Kobe Kalinowski,False,DNP,,,,,,,,,,,
2019-G25,2019,25,2019-02-10,P019,Terrance Eskridge,True,34:56,9-14,0-1,5-5,4.0,9.0,1.0,4.0,2.0,2.0,1.0,23.0
2019-G25,2019,25,2019-02-10,P021,Lucas Lindqvist,False,17:36,5-7,3-3,1-1,0.0,1.0,1.0,0.0,0.0,1.0,1.0,14.0
2019-G25,2019,25,2019-02-10,P024,Owen Grzelak,False,18:16,4-6,1-3,1-1,0.0,1.0,4.0,1.0,0.0,0.0,2.0,10.0
2019-G25,2019,25,2019-02-10,P025,Jaden Vandermeer,True,27:09,10-13,1-2,4-4,3.0,1.0,1.0,2.0,1.0,0.0,0.0,25.0
2019-G25,2019,25,2019-02-10,P026,Bennett Stankovic,False,DNP,,,,,,,,,,,
2019-G25,2019,25,2019-02-10,P028,Jaden Baptiste,True,27:46,9-12,1-1,5-5,2.0,6.0,4.0,1.0,0.0,1.0,5.0,24.0
2019-G25,2019,25,2019-02-10,P029,Devin Gundersen,True,30:38,6-8,3-3,2-2,3.0,1.0,6.0,4.0,1.0,0.0,4.0,17.0
2019-G25,2019,25,2019-02-10,P030,Brandon Gundersen,False,20:11,2-5,1-2,3-3,1.0,0.0,0.0,1.0,0.0,0.0,1.0,8.0
2019-G25,2019,25,2019-02-10,P031,Julian Danforth,True,23:28,4-7,2-4,3-3,0.0,0.0,6.0,2.0,2.0,0.0,1.0,13.0
2019-G25,2019,25,2019-02-10,P032,Ronan Rasmussen,False,DNP,,,,,,,,,,,
2019-G25,2019,25,2019-02-10,P033,Rowan Baptiste,False,DNP,,,,,,,,,,,
2019-G25,2019,25,2019-02-10,P034,Jaden Rasmussen,False,DNP,,,,,,,,,,,
2019-G26,2019,26,2019-02-14,P018,Kobe Kalinowski,False,DNP,,,,,,,,,,,
2019-G26,2019,26,2019-02-14,P019,Terrance Eskridge,True,28:32,7-9,0-0,2-2,0.0,3.0,0.0,3.0,0.0,1.0,2.0,16.0
2019-G26,2019,26,2019-02-14,P021,Lucas Lindqvist,False,13:19,1-4,1-2,0-0,0.0,1.0,3.0,0.0,0.0,1.0,0.0,3.0
2019-G26,2019,26,2019-02-14,P024,Owen Grzelak,False,15:53,1-3,0-1,5-5,0.0,0.0,2.0,0.0,1.0,0.0,1.0,7.0
2019-G26,2019,26,2019-02-14,P025,Jaden Vandermeer,True,32:10,7-10,2-3,5-6,1.0,1.0,3.0,1.0,2.0,0.0,2.0,21.0
2019-G26,2019,26,2019-02-14,P026,Bennett Stankovic,False,9:44,1-1,1-1,1-1,0.0,0.0,4.0,0.0,0.0,0.0,3.0,4.0
2019-G26,2019,26,2019-02-14,P028,Jaden Baptiste,True,32:11,5-11,0-2,4-5,1.0,5.0,2.0,4.0,1.0,2.0,2.0,14.0
2019-G26,2019,26,2019-02-14,P029,Devin Gundersen,True,26:25,3-5,1-2,1-2,1.0,1.0,3.0,1.0,0.0,1.0,0.0,8.0
2019-G26,2019,26,2019-02-14,P030,Brandon Gundersen,False,DNP,,,,,,,,,,,
2019-G26,2019,26,2019-02-14,P031,Julian Danforth,True,23:45,2-3,1-2,2-3,1.0,1.0,1.0,1.0,1.0,0.0,2.0,7.0
2019-G26,2019,26,2019-02-14,P032,Ronan Rasmussen,False,DNP,,,,,,,,,,,
2019-G26,2019,26,2019-02-14,P033,Rowan Baptiste,False,3:58,0-0,0-0,1-1,0.0,0.0,0.0,0.0,0.0,0.0,1.0,1.0
2019-G26,2019,26,2019-02-14,P034,Jaden Rasmussen,False,14:02,3-3,2-2,0-0,2.0,3.0,1.0,1.0,0.0,0.0,1.0,8.0
2019-G27,2019,27,2019-02-18,P018,Kobe Kalinowski,False,10:15,1-3,0-2,2-2,1.0,0.0,2.0,0.0,0.0,0.0,0.0,4.0
2019-G27,2019,27,2019-02-18,P019,Terrance Eskridge,True,28:01,7-10,0-0,0-0,2.0,2.0,1.0,2.0,1.0,2.0,5.0,14.0
2019-G27,2019,27,2019-02-18,P021,Lucas Lindqvist,False,12:37,1-2,1-1,1-1,1.0,0.0,0.0,1.0,0.0,1.0,2.0,4.0
2019-G27,2019,27,2019-02-18,P024,Owen Grzelak,False,18:18,0-2,0-1,0-2,0.0,1.0,4.0,2.0,1.0,0.0,0.0,0.0
2019-G27,2019,27,2019-02-18,P025,Jaden Vandermeer,True,32:44,6-13,0-2,3-4,4.0,3.0,1.0,5.0,3.0,0.0,2.0,15.0
2019-G27,2019,27,2019-02-18,P026,Bennett Stankovic,False,10:34,1-2,0-1,0-0,0.0,0.0,0.0,1.0,0.0,0.0,1.0,2.0
2019-G27,2019,27,2019-02-18,P028,Jaden Baptiste,True,29:46,8-12,1-2,4-6,1.0,3.0,1.0,2.0,0.0,0.0,2.0,21.0
2019-G27,2019,27,2019-02-18,P029,Devin Gundersen,True,25:31,2-3,1-1,2-2,4.0,0.0,1.0,1.0,1.0,0.0,5.0,7.0
2019-G27,2019,27,2019-02-18,P030,Brandon Gundersen,False,DNP,,,,,,,,,,,
2019-G27,2019,27,2019-02-18,P031,Julian Danforth,True,17:53,2-3,2-2,0-0,1.0,3.0,1.0,1.0,0.0,1.0,2.0,6.0
2019-G27,2019,27,2019-02-18,P032,Ronan Rasmussen,False,DNP,,,,,,,,,,,
2019-G27,2019,27,2019-02-18,P033,Rowan Baptiste,False,4:06,0-2,0-1,0-0,0.0,0.0,1.0,0.0,0.0,1.0,0.0,0.0
2019-G27,2019,27,2019-02-18,P034,Jaden Rasmussen,False,10:15,1-1,1-1,1-1,0.0,0.0,1.0,0.0,0.0,0.0,1.0,4.0
2019-G28,2019,28,2019-02-22,P018,Kobe Kalinowski,False,10:45,1-3,1-2,1-2,0.0,2.0,2.0,1.0,1.0,0.0,1.0,4.0
2019-G28,2019,28,2019-02-22,P019,Terrance Eskridge,True,33:12,9-12,0-0,1-2,2.0,1.0,0.0,3.0,2.0,1.0,3.0,19.0
2019-G28,2019,28,2019-02-22,P021,Lucas Lindqvist,False,13:55,2-5,1-2,1-1,0.0,0.0,3.0,1.0,0.0,0.0,1.0,6.0
2019-G28,2019,28,2019-02-22,P024,Owen Grzelak,False,17:49,1-5,0-2,0-2,0.0,1.0,4.0,0.0,4.0,0.0,0.0,2.0
2019-G28,2019,28,2019-02-22,P025,Jaden Vandermeer,True,28:28,7-10,0-2,4-4,1.0,5.0,2.0,1.0,2.0,0.0,1.0,18.0
2019-G28,2019,28,2019-02-22,P026,Bennett Stankovic,False,DNP,,,,,,,,,,,
2019-G28,2019,28,2019-02-22,P028,Jaden Baptiste,True,30:20,4-13,0-2,2-5,2.0,1.0,1.0,1.0,0.0,2.0,3.0,10.0
2019-G28,2019,28,2019-02-22,P029,Devin Gundersen,True,26:52,2-3,1-1,1-1,3.0,1.0,5.0,4.0,1.0,0.0,1.0,6.0
2019-G28,2019,28,2019-02-22,P030,Brandon Gundersen,False,DNP,,,,,,,,,,,
2019-G28,2019,28,2019-02-22,P031,Julian Danforth,True,20:13,4-5,1-2,0-2,0.0,1.0,5.0,2.0,0.0,1.0,2.0,9.0
2019-G28,2019,28,2019-02-22,P032,Ronan Rasmussen,False,DNP,,,,,,,,,,,
2019-G28,2019,28,2019-02-22,P033,Rowan Baptiste,False,4:27,1-2,0-1,0-0,0.0,0.0,0.0,0.0,0.0,0.0,0.0,2.0
2019-G28,2019,28,2019-02-22,P034,Jaden Rasmussen,False,14:00,0-1,0-0,0-0,0.0,1.0,5.0,2.0,0.0,0.0,1.0,0.0
2019-G29,2019,29,2019-02-26,P018,Kobe Kalinowski,False,DNP,,,,,,,,,,,
2019-G29,2019,29,2019-02-26,P019,Terrance Eskridge,True,33:26,9-10,0-0,2-2,0.0,4.0,1.0,0.0,3.0,2.0,1.0,20.0
2019-G29,2019,29,2019-02-26,P021,Lucas Lindqvist,False,DNP,,,,,,,,,,,
2019-G29,2019,29,2019-02-26,P024,Owen Grzelak,False,14:46,2-3,0-1,0-1,1.0,0.0,1.0,0.0,0.0,0.0,0.0,4.0
2019-G29,2019,29,2019-02-26,P025,Jaden Vandermeer,True,29:39,9-11,1-2,2-2,3.0,4.0,2.0,3.0,3.0,0.0,0.0,21.0
2019-G29,2019,29,2019-02-26,P026,Bennett Stankovic,False,10:54,3-5,3-3,0-2,0.0,1.0,1.0,1.0,0.0,1.0,1.0,9.0
2019-G29,2019,29,2019-02-26,P028,Jaden Baptiste,True,29:27,8-11,1-2,3-3,1.0,6.0,2.0,2.0,0.0,1.0,0.0,20.0
2019-G29,2019,29,2019-02-26,P029,Devin Gundersen,True,32:42,3-7,0-2,4-6,0.0,3.0,2.0,3.0,0.0,1.0,2.0,10.0
2019-G29,2019,29,2019-02-26,P030,Brandon Gundersen,False,17:31,2-5,1-3,0-0,5.0,0.0,0.0,1.0,1.0,0.0,0.0,5.0
2019-G29,2019,29,2019-02-26,P031,Julian Danforth,True,19:00,2-2,1-1,0-0,0.0,2.0,1.0,1.0,0.0,0.0,3.0,5.0
2019-G29,2019,29,2019-02-26,P032,Ronan Rasmussen,False,DNP,,,,,,,,,,,
2019-G29,2019,29,2019-02-26,P033,Rowan Baptiste,False,DNP,,,,,,,,,,,
2019-G29,2019,29,2019-02-26,P034,Jaden Rasmussen,False,12:35,1-2,0-1,0-0,0.0,0.0,3.0,2.0,1.0,0.0,1.0,2.0
2019-G30,2019,30,2019-03-02,P018,Kobe Kalinowski,False,DNP,,,,,,,,,,,
2019-G30,2019,30,2019-03-02,P019,Terrance Eskridge,True,29:33,9-10,0-0,4-5,0.0,3.0,3.0,4.0,0.0,0.0,3.0,22.0
2019-G30,2019,30,2019-03-02,P021,Lucas Lindqvist,False,14:33,2-5,1-2,0-0,0.0,0.0,3.0,1.0,0.0,0.0,0.0,5.0
2019-G30,2019,30,2019-03-02,P024,Owen Grzelak,False,DNP,,,,,,,,,,,
2019-G30,2019,30,2019-03-02,P025,Jaden Vandermeer,True,26:42,6-9,1-2,2-2,2.0,0.0,3.0,3.0,0.0,0.0,4.0,15.0
2019-G30,2019,30,2019-03-02,P026,Bennett Stankovic,False,11:15,4-5,1-2,0-0,0.0,2.0,1.0,1.0,0.0,0.0,1.0,9.0
2019-G30,2019,30,2019-03-02,P028,Jaden Baptiste,True,32:31,6-13,0-2,4-4,3.0,6.0,2.0,0.0,0.0,1.0,5.0,16.0
2019-G30,2019,30,2019-03-02,P029,Devin Gundersen,True,30:57,3-7,0-2,3-3,0.0,4.0,5.0,4.0,0.0,0.0,3.0,9.0
2019-G30,2019,30,2019-03-02,P030,Brandon Gundersen,False,18:13,0-1,0-0,0-0,1.0,1.0,2.0,0.0,1.0,0.0,1.0,0.0
2019-G30,2019,30,2019-03-02,P031,Julian Danforth,True,21:56,2-5,0-3,3-3,2.0,0.0,7.0,0.0,2.0,0.0,1.0,7.0
2019-G30,2019,30,2019-03-02,P032,Ronan Rasmussen,False,3:45,0-0,0-0,0-0,0.0,0.0,1.0,1.0,0.0,0.0,2.0,0.0
2019-G30,2019,30,2019-03-02,P033,Rowan Baptiste,False,DNP,,,,,,,,,,,
2019-G30,2019,30,2019-03-02,P034,Jaden Rasmussen,False,10:36,1-3,0-1,3-3,0.0,3.0,3.0,0.0,1.0,0.0,1.0,5.0
2019-G31,2019,31,2019-03-06,P018,Kobe Kalinowski,False,DNP,,,,,,,,,,,
2019-G31,2019,31,2019-03-06,P019,Terrance Eskridge,True,36:08,7-12,1-1,4-5,3.0,7.0,1.0,3.0,1.0,1.0,3.0,19.0
2019-G31,2019,31,2019-03-06,P021,Lucas Lindqvist,False,DNP,,,,,,,,,,,
2019-G31,2019,31,2019-03-06,P024,Owen Grzelak,False,DNP,,,,,,,,,,,
2019-G31,2019,31,2019-03-06,P025,Jaden Vandermeer,True,31:42,7-11,0-2,2-2,1.0,2.0,1.0,2.0,0.0,1.0,0.0,16.0
2019-G31,2019,31,2019-03-06,P026,Bennett Stankovic,False,12:00,1-4,0-2,0-0,1.0,0.0,3.0,0.0,0.0,0.0,0.0,2.0
2019-G31,2019,31,2019-03-06,P028,Jaden Baptiste,True,37:53,5-13,2-3,5-5,4.0,8.0,0.0,0.0,0.0,0.0,1.0,17.0
2019-G31,2019,31,2019-03-06,P029,Devin Gundersen,True,38:23,6-9,1-3,2-4,2.0,3.0,3.0,2.0,1.0,3.0,2.0,15.0
2019-G31,2019,31,2019-03-06,P030,Brandon Gundersen,False,23:42,0-2,0-1,0-0,0.0,2.0,1.0,0.0,0.0,0.0,0.0,0.0
2019-G31,2019,31,2019-03-06,P031,Julian Danforth,True,28:39,1-3,0-2,1-1,0.0,3.0,6.0,1.0,1.0,1.0,1.0,3.0
2019-G31,2019,31,2019-03-06,P032,Ronan Rasmussen,False,DNP,,,,,,,,,,,
2019-G31,2019,31,2019-03-06,P033,Rowan Baptiste,False,DNP,,,,,,,,,,,
2019-G31,2019,31,2019-03-06,P034,Jaden Rasmussen,False,16:33,1-4,1-2,0-1,1.0,1.0,2.0,0.0,1.0,0.0,0.0,3.0
2019-G32,2019,32,2019-03-10,P018,Kobe Kalinowski,False,DNP,,,,,,,,,,,
2019-G32,2019,32,2019-03-10,P019,Terrance Eskridge,True,31:06,7-10,0-0,2-2,2.0,9.0,0.0,2.0,1.0,1.0,1.0,16.0
2019-G32,2019,32,2019-03-10,P021,Lucas Lindqvist,False,12:56,2-2,1-1,3-3,1.0,1.0,3.0,0.0,0.0,1.0,1.0,8.0
2019-G32,2019,32,2019-03-10,P024,Owen Grzelak,False,14:32,3-4,2-2,0-1,1.0,2.0,3.0,1.0,0.0,0.0,0.0,8.0
2019-G32,2019,32,2019-03-10,P025,Jaden Vandermeer,True,26:39,8-11,1-2,6-6,4.0,3.0,3.0,1.0,1.0,0.0,1.0,23.0
2019-G32,2019,32,2019-03-10,P026,Bennett Stankovic,False,DNP,,,,,,,,,,,
2019-G32,2019,32,2019-03-10,P028,Jaden Baptiste,True,29:06,9-12,1-2,1-4,2.0,5.0,0.0,3.0,0.0,0.0,3.0,20.0
2019-G32,2019,32,2019-03-10,P029,Devin Gundersen,True,25:29,1-2,0-1,2-2,1.0,3.0,1.0,3.0,0.0,1.0,1.0,4.0
2019-G32,2019,32,2019-03-10,P030,Brandon Gundersen,False,20:48,1-4,0-1,2-2,3.0,2.0,1.0,2.0,4.0,0.0,1.0,4.0
2019-G32,2019,32,2019-03-10,P031,Julian Danforth,True,19:45,1-4,1-3,0-1,0.0,2.0,2.0,1.0,0.0,0.0,1.0,3.0
2019-G32,2019,32,2019-03-10,P032,Ronan Rasmussen,False,3:16,0-0,0-0,0-0,0.0,0.0,0.0,0.0,0.0,0.0,0.0,0.0
2019-G32,2019,32,2019-03-10,P033,Rowan Baptiste,False,3:19,0-0,0-0,0-0,0.0,0.0,1.0,0.0,0.0,0.0,0.0,0.0
2019-G32,2019,32,2019-03-10,P034,Jaden Rasmussen,False,13:03,2-3,1-2,0-0,0.0,0.0,0.0,5.0,0.0,0.0,2.0,5.0
2020-G01,2020,1,2019-11-06,P024,Owen Grzelak,False,18:58,3-4,2-2,0-0,1.0,2.0,7.0,0.0,1.0,0.0,2.0,8.0
2020-G01,2020,1,2019-11-06,P025,Jaden Vandermeer,True,31:30,7-10,2-2,4-4,2.0,1.0,1.0,2.0,1.0,0.0,3.0,20.0
2020-G01,2020,1,2019-11-06,P026,Bennett Stankovic,False,10:28,1-4,0-2,1-1,0.0,1.0,1.0,2.0,0.0,0.0,2.0,3.0
2020-G01,2020,1,2019-11-06,P028,Jaden Baptiste,True,30:54,4-10,1-2,3-4,2.0,4.0,5.0,2.0,2.0,5.0,2.0,12.0
2020-G01,2020,1,2019-11-06,P029,Devin Gundersen,True,24:31,3-6,0-2,0-0,2.0,1.0,1.0,3.0,0.0,0.0,1.0,6.0
2020-G01,2020,1,2019-11-06,P030,Brandon Gundersen,False,20:43,1-3,1-1,1-2,1.0,3.0,0.0,1.0,1.0,1.0,2.0,4.0
2020-G01,2020,1,2019-11-06,P031,Julian Danforth,True,22:10,1-4,1-3,0-0,1.0,2.0,0.0,2.0,0.0,0.0,0.0,3.0
2020-G01,2020,1,2019-11-06,P032,Ronan Rasmussen,False,4:13,0-1,0-0,1-1,0.0,0.0,0.0,0.0,0.0,0.0,0.0,1.0
2020-G01,2020,1,2019-11-06,P033,Rowan Baptiste,False,DNP,,,,,,,,,,,
2020-G01,2020,1,2019-11-06,P034,Jaden Rasmussen,False,12:06,3-3,1-1,0-0,1.0,0.0,3.0,1.0,0.0,0.0,1.0,7.0
2020-G01,2020,1,2019-11-06,P037,Micah Farrier,False,3:54,0-0,0-0,1-1,0.0,0.0,2.0,0.0,0.0,0.0,0.0,1.0
2020-G01,2020,1,2019-11-06,P038,Julian Whitcomb,True,20:33,3-7,1-2,0-1,3.0,2.0,0.0,1.0,0.0,0.0,1.0,7.0
2020-G01,2020,1,2019-11-06,P039,Grant Grzelak,False,DNP,,,,,,,,,,,
2020-G02,2020,2,2019-11-10,P024,Owen Grzelak,False,17:58,0-2,0-1,1-2,0.0,0.0,1.0,2.0,1.0,0.0,3.0,1.0
2020-G02,2020,2,2019-11-10,P025,Jaden Vandermeer,True,30:32,4-12,1-2,6-6,1.0,12.0,2.0,0.0,2.0,1.0,3.0,15.0
2020-G02,2020,2,2019-11-10,P026,Bennett Stankovic,False,DNP,,,,,,,,,,,
2020-G02,2020,2,2019-11-10,P028,Jaden Baptiste,True,29:27,9-12,0-2,4-4,5.0,5.0,0.0,1.0,0.0,2.0,1.0,22.0
2020-G02,2020,2,2019-11-10,P029,Devin Gundersen,True,33:12,3-6,0-2,1-2,1.0,2.0,5.0,1.0,1.0,0.0,1.0,7.0
2020-G02,2020,2,2019-11-10,P030,Brandon Gundersen,False,22:38,2-3,1-2,0-0,2.0,1.0,0.0,1.0,0.0,1.0,3.0,5.0
2020-G02,2020,2,2019-11-10,P031,Julian Danforth,True,24:15,3-5,2-3,1-1,0.0,0.0,5.0,0.0,3.0,0.0,1.0,9.0
2020-G02,2020,2,2019-11-10,P032,Ronan Rasmussen,False,DNP,,,,,,,,,,,
2020-G02,2020,2,2019-11-10,P033,Rowan Baptiste,False,DNP,,,,,,,,,,,
2020-G02,2020,2,2019-11-10,P034,Jaden Rasmussen,False,DNP,,,,,,,,,,,
2020-G02,2020,2,2019-11-10,P037,Micah Farrier,False,DNP,,,,,,,,,,,
2020-G02,2020,2,2019-11-10,P038,Julian Whitcomb,True,26:55,5-9,1-5,0-1,1.0,5.0,1.0,2.0,2.0,0.0,0.0,11.0
2020-G02,2020,2,2019-11-10,P039,Grant Grzelak,False,15:04,2-4,2-3,0-0,0.0,1.0,2.0,1.0,0.0,1.0,2.0,6.0
2020-G03,2020,3,2019-11-14,P024,Owen Grzelak,False,20:39,1-5,0-2,2-2,0.0,3.0,3.0,2.0,1.0,0.0,2.0,4.0
2020-G03,2020,3,2019-11-14,P025,Jaden Vandermeer,True,27:31,9-13,1-3,4-4,1.0,3.0,3.0,1.0,1.0,0.0,0.0,23.0
2020-G03,2020,3,2019-11-14,P026,Bennett Stankovic,False,DNP,,,,,,,,,,,
2020-G03,2020,3,2019-11-14,P028,Jaden Baptiste,True,24:41,7-13,2-3,3-3,4.0,2.0,2.0,0.0,0.0,1.0,3.0,19.0
2020-G03,2020,3,2019-11-14,P029,Devin Gundersen,True,27:20,4-7,2-2,2-3,1.0,1.0,4.0,0.0,1.0,0.0,2.0,12.0
2020-G03,2020,3,2019-11-14,P030,Brandon Gundersen,False,20:40,2-3,0-1,1-1,2.0,4.0,2.0,1.0,1.0,1.0,0.0,5.0
2020-G03,2020,3,2019-11-14,P031,Julian Danforth,True,23:30,3-5,1-3,1-1,0.0,2.0,2.0,4.0,0.0,0.0,5.0,8.0
2020-G03,2020,3,2019-11-14,P032,Ronan Rasmussen,False,DNP,,,,,,,,,,,
2020-G03,2020,3,2019-11-14,P033,Rowan Baptiste,False,4:48,0-2,0-1,0-2,0.0,0.0,0.0,0.0,0.0,0.0,0.0,0.0
2020-G03,2020,3,2019-11-14,P034,Jaden Rasmussen,False,14:06,0-3,0-1,2-3,1.0,2.0,1.0,0.0,0.0,0.0,2.0,2.0
2020-G03,2020,3,2019-11-14,P037,Micah Farrier,False,DNP,,,,,,,,,,,
2020-G03,2020,3,2019-11-14,P038,Julian Whitcomb,True,23:25,9-11,5-5,2-3,0.0,0.0,0.0,1.0,1.0,0.0,2.0,25.0
2020-G03,2020,3,2019-11-14,P039,Grant Grzelak,False,13:19,1-2,0-1,0-0,0.0,1.0,2.0,2.0,0.0,0.0,0.0,2.0
2020-G04,2020,4,2019-11-18,P024,Owen Grzelak,False,22:07,2-4,1-2,2-2,1.0,1.0,3.0,3.0,2.0,0.0,0.0,7.0
2020-G04,2020,4,2019-11-18,P025,Jaden Vandermeer,True,30:04,10-12,2-2,4-4,3.0,3.0,1.0,1.0,2.0,0.0,5.0,26.0
2020-G04,2020,4,2019-11-18,P026,Bennett Stankovic,False,12:44,0-3,0-2,0-0,0.0,1.0,2.0,0.0,0.0,0.0,1.0,0.0
2020-G04,2020,4,2019-11-18,P028,Jaden Baptiste,True,29:12,7-12,1-2,4-5,3.0,3.0,0.0,2.0,3.0,0.0,1.0,19.0
2020-G04,2020,4,2019-11-18,P029,Devin Gundersen,True,26:20,1-5,0-2,2-3,2.0,3.0,2.0,1.0,1.0,0.0,3.0,4.0
2020-G04,2020,4,2019-11-18,P030,Brandon Gundersen,False,21:14,1-3,1-2,2-2,1.0,5.0,1.0,2.0,2.0,0.0,3.0,5.0
2020-G04,2020,4,2019-11-18,P031,Julian Danforth,True,21:53,4-5,3-4,1-1,0.0,1.0,2.0,0.0,1.0,0.0,2.0,12.0
2020-G04,2020,4,2019-11-18,P032,Ronan Rasmussen,False,DNP,,,,,,,,,,,
2020-G04,2020,4,2019-11-18,P033,Rowan Baptiste,False,DNP,,,,,,,,,,,
2020-G04,2020,4,2019-11-18,P034,Jaden Rasmussen,False,13:56,1-2,0-1,0-2,0.0,2.0,4.0,2.0,0.0,0.0,0.0,2.0
2020-G04,2020,4,2019-11-18,P037,Micah Farrier,False,DNP,,,,,,,,,,,
2020-G04,2020,4,2019-11-18,P038,Julian Whitcomb,True,22:30,5-8,4-4,1-2,3.0,4.0,1.0,1.0,3.0,0.0,2.0,15.0
2020-G04,2020,4,2019-11-18,P039,Grant Grzelak,False,DNP,,,,,,,,,,,
2020-G05,2020,5,2019-11-22,P024,Owen Grzelak,False,DNP,,,,,,,,,,,
2020-G05,2020,5,2019-11-22,P025,Jaden Vandermeer,True,34:12,7-10,2-2,4-4,3.0,5.0,1.0,5.0,2.0,1.0,0.0,20.0
2020-G05,2020,5,2019-11-22,P026,Bennett Stankovic,False,DNP,,,,,,,,,,,
2020-G05,2020,5,2019-11-22,P028,Jaden Baptiste,True,34:29,11-15,2-3,4-5,5.0,5.0,2.0,2.0,2.0,3.0,1.0,28.0
2020-G05,2020,5,2019-11-22,P029,Devin Gundersen,True,35:19,5-8,3-4,0-0,1.0,1.0,4.0,5.0,0.0,1.0,4.0,13.0
2020-G05,2020,5,2019-11-22,P030,Brandon Gundersen,False,25:59,3-4,2-2,0-0,3.0,5.0,0.0,3.0,0.0,0.0,1.0,8.0
2020-G05,2020,5,2019-11-22,P031,Julian Danforth,True,30:28,4-6,3-4,1-1,0.0,3.0,3.0,2.0,1.0,0.0,5.0,12.0
2020-G05,2020,5,2019-11-22,P032,Ronan Rasmussen,False,5:40,0-2,0-1,1-1,0.0,0.0,1.0,2.0,1.0,0.0,2.0,1.0
2020-G05,2020,5,2019-11-22,P033,Rowan Baptiste,False,DNP,,,,,,,,,,,
2020-G05,2020,5,2019-11-22,P034,Jaden Rasmussen,False,DNP,,,,,,,,,,,
2020-G05,2020,5,2019-11-22,P037,Micah Farrier,False,5:01,0-0,0-0,0-0,0.0,0.0,0.0,0.0,0.0,1.0,0.0,0.0
2020-G05,2020,5,2019-11-22,P038,Julian Whitcomb,True,28:52,5-11,3-5,4-4,5.0,4.0,2.0,2.0,1.0,1.0,3.0,17.0
2020-G05,2020,5,2019-11-22,P039,Grant Grzelak,False,DNP,,,,,,,,,,,
2020-G06,2020,6,2019-11-26,P024,Owen Grzelak,False,19:35,2-5,1-2,3-3,0.0,0.0,2.0,1.0,2.0,0.0,4.0,8.0
2020-G06,2020,6,2019-11-26,P025,Jaden Vandermeer,True,32:04,6-13,0-3,2-2,1.0,4.0,0.0,0.0,2.0,0.0,4.0,14.0
2020-G06,2020,6,2019-11-26,P026,Bennett Stankovic,False,15:09,2-4,1-2,1-2,0.0,0.0,1.0,1.0,0.0,0.0,2.0,6.0
2020-G06,2020,6,2019-11-26,P028,Jaden Baptiste,True,26:29,5-10,0-2,3-3,1.0,6.0,0.0,4.0,0.0,1.0,3.0,13.0
2020-G06,2020,6,2019-11-26,P029,Devin Gundersen,True,34:22,2-4,0-1,1-1,0.0,1.0,5.0,2.0,0.0,0.0,0.0,5.0
2020-G06,2020,6,2019-11-26,P030,Brandon Gundersen,False,20:50,3-5,1-2,3-3,2.0,2.0,0.0,1.0,0.0,0.0,0.0,10.0
2020-G06,2020,6,2019-11-26,P031,Julian Danforth,True,23:07,2-5,1-3,0-0,1.0,1.0,1.0,4.0,0.0,0.0,2.0,5.0
2020-G06,2020,6,2019-11-26,P032,Ronan Rasmussen,False,DNP,,,,,,,,,,,
2020-G06,2020,6,2019-11-26,P033,Rowan Baptiste,False,DNP,,,,,,,,,,,
2020-G06,2020,6,2019-11-26,P034,Jaden Rasmussen,False,13:57,1-3,1-1,0-0,0.0,2.0,3.0,0.0,0.0,0.0,0.0,3.0
2020-G06,2020,6,2019-11-26,P037,Micah Farrier,False,DNP,,,,,,,,,,,
2020-G06,2020,6,2019-11-26,P038,Julian Whitcomb,True,24:04,2-5,1-2,2-2,2.0,0.0,0.0,1.0,0.0,1.0,2.0,7.0
2020-G06,2020,6,2019-11-26,P039,Grant Grzelak,False,15:23,0-4,0-2,0-0,0.0,1.0,0.0,2.0,1.0,0.0,1.0,0.0
2020-G07,2020,7,2019-11-30,P024,Owen Grzelak,False,DNP,,,,,,,,,,,
2020-G07,2020,7,2019-11-30,P025,Jaden Vandermeer,True,32:09,11-13,2-3,6-6,1.0,5.0,2.0,3.0,0.0,0.0,2.0,30.0
2020-G07,2020,7,2019-11-30,P026,Bennett Stankovic,False,15:19,3-7,3-3,2-4,0.0,2.0,2.0,1.0,0.0,0.0,0.0,11.0
2020-G07,2020,7,2019-11-30,P028,Jaden Baptiste,True,30:17,10-13,1-2,0-1,1.0,3.0,0.0,1.0,2.0,1.0,0.0,21.0
2020-G07,2020,7,2019-11-30,P029,Devin Gundersen,True,38:16,4-8,1-3,0-0,1.0,3.0,5.0,2.0,2.0,0.0,5.0,9.0
2020-G07,2020,7,2019-11-30,P030,Brandon Gundersen,False,DNP,,,,,,,,,,,
2020-G07,2020,7,2019-11-30,P031,Julian Danforth,True,28:41,3-5,2-4,1-1,0.0,1.0,6.0,0.0,1.0,0.0,1.0,9.0
2020-G07,2020,7,2019-11-30,P032,Ronan Rasmussen,False,6:10,1-3,0-1,0-0,0.0,0.0,0.0,0.0,0.0,0.0,0.0,2.0
2020-G07,2020,7,2019-11-30,P033,Rowan Baptiste,False,DNP,,,,,,,,,,,
2020-G07,2020,7,2019-11-30,P034,Jaden Rasmussen,False,DNP,,,,,,,,,,,
2020-G07,2020,7,2019-11-30,P037,Micah Farrier,False,DNP,,,,,,,,,,,
2020-G07,2020,7,2019-11-30,P038,Julian Whitcomb,True,27:38,3-10,1-4,0-0,1.0,5.0,3.0,0.0,0.0,0.0,4.0,7.0
2020-G07,2020,7,2019-11-30,P039,Grant Grzelak,False,21:30,0-4,0-3,0-0,0.0,0.0,5.0,0.0,1.0,0.0,4.0,0.0
2020-G08,2020,8,2019-12-04,P024,Owen Grzelak,False,DNP,,,,,,,,,,,
2020-G08,2020,8,2019-12-04,P025,Jaden Vandermeer,True,27:34,7-11,0-2,4-5,1.0,3.0,1.0,4.0,1.0,0.0,1.0,18.0
2020-G08,2020,8,2019-12-04,P026,Bennett Stankovic,False,DNP,,,,,,,,,,,
2020-G08,2020,8,2019-12-04,P028,Jaden Baptiste,True,35:00,9-14,2-2,6-6,2.0,10.0,1.0,2.0,0.0,1.0,1.0,26.0
2020-G08,2020,8,2019-12-04,P029,Devin Gundersen,True,33:30,2-6,1-3,0-0,3.0,1.0,6.0,3.0,2.0,0.0,5.0,5.0
2020-G08,2020,8,2019-12-04,P030,Brandon Gundersen,False,24:04,4-4,2-2,0-0,0.0,5.0,2.0,0.0,2.0,0.0,0.0,10.0
2020-G08,2020,8,2019-12-04,P031,Julian Danforth,True,26:12,3-3,2-2,0-0,1.0,1.0,2.0,3.0,2.0,0.0,1.0,8.0
2020-G08,2020,8,2019-12-04,P032,Ronan Rasmussen,False,4:50,3-4,0-1,2-2,0.0,0.0,1.0,0.0,1.0,0.0,1.0,8.0
2020-G08,2020,8,2019-12-04,P033,Rowan Baptiste,False,DNP,,,,,,,,,,,
2020-G08,2020,8,2019-12-04,P034,Jaden Rasmussen,False,DNP,,,,,,,,,,,
2020-G08,2020,8,2019-12-04,P037,Micah Farrier,False,4:37,0-0,0-0,0-1,0.0,0.0,0.0,1.0,0.0,0.0,0.0,0.0
2020-G08,2020,8,2019-12-04,P038,Julian Whitcomb,True,27:39,5-10,2-4,3-3,3.0,1.0,0.0,1.0,0.0,1.0,4.0,15.0
2020-G08,2020,8,2019-12-04,P039,Grant Grzelak,False,16:33,2-3,1-2,1-1,0.0,1.0,1.0,0.0,1.0,0.0,0.0,6.0
2020-G09,2020,9,2019-12-08,P024,Owen Grzelak,False,25:56,3-4,0-1,1-4,0.0,1.0,5.0,2.0,0.0,2.0,0.0,7.0
2020-G09,2020,9,2019-12-08,P025,Jaden Vandermeer,True,32:09,9-10,2-2,3-3,1.0,3.0,3.0,2.0,0.0,0.0,3.0,23.0
2020-G09,2020,9,2019-12-08,P026,Bennett Stankovic,False,DNP,,,,,,,,,,,
2020-G09,2020,9,2019-12-08,P028,Jaden Baptiste,True,28:18,6-8,1-1,0-0,3.0,5.0,1.0,3.0,0.0,3.0,3.0,13.0
2020-G09,2020,9,2019-12-08,P029,Devin Gundersen,True,32:55,3-5,1-2,1-1,0.0,4.0,6.0,2.0,0.0,0.0,2.0,8.0
2020-G09,2020,9,2019-12-08,P030,Brandon Gundersen,False,DNP,,,,,,,,,,,
2020-G09,2020,9,2019-12-08,P031,Julian Danforth,True,25:20,3-5,2-4,2-3,0.0,3.0,3.0,0.0,1.0,0.0,2.0,10.0
2020-G09,2020,9,2019-12-08,P032,Ronan Rasmussen,False,DNP,,,,,,,,,,,
2020-G09,2020,9,2019-12-08,P033,Rowan Baptiste,False,DNP,,,,,,,,,,,
2020-G09,2020,9,2019-12-08,P034,Jaden Rasmussen,False,15:12,3-4,1-2,2-2,1.0,2.0,0.0,3.0,0.0,0.0,2.0,9.0
2020-G09,2020,9,2019-12-08,P037,Micah Farrier,False,DNP,,,,,,,,,,,
2020-G09,2020,9,2019-12-08,P038,Julian Whitcomb,True,23:46,6-9,2-4,1-1,1.0,3.0,3.0,3.0,0.0,0.0,5.0,15.0
2020-G09,2020,9,2019-12-08,P039,Grant Grzelak,False,16:24,2-4,1-3,3-3,1.0,1.0,3.0,0.0,0.0,0.0,2.0,8.0
2020-G10,2020,10,2019-12-12,P024,Owen Grzelak,False,19:44,4-5,2-2,0-0,1.0,2.0,3.0,1.0,0.0,0.0,4.0,10.0
2020-G10,2020,10,2019-12-12,P025,Jaden Vandermeer,True,28:32,9-12,1-2,0-0,1.0,1.0,1.0,4.0,1.0,0.0,2.0,19.0
2020-G10,2020,10,2019-12-12,P026,Bennett Stankovic,False,DNP,,,,,,,,,,,
2020-G10,2020,10,2019-12-12,P028,Jaden Baptiste,True,27:22,7-10,2-2,3-3,0.0,7.0,1.0,1.0,2.0,2.0,0.0,19.0
2020-G10,2020,10,2019-12-12,P029,Devin Gundersen,True,29:55,6-7,3-3,2-2,0.0,2.0,1.0,3.0,1.0,0.0,2.0,17.0
2020-G10,2020,10,2019-12-12,P030,Brandon Gundersen,False,22:32,0-1,0-0,2-2,4.0,1.0,1.0,3.0,1.0,0.0,0.0,2.0
2020-G10,2020,10,2019-12-12,P031,Julian Danforth,True,18:42,2-5,2-4,2-2,0.0,1.0,2.0,3.0,0.0,1.0,1.0,8.0
2020-G10,2020,10,2019-12-12,P032,Ronan Rasmussen,False,DNP,,,,,,,,,,,
2020-G10,2020,10,2019-12-12,P033,Rowan Baptiste,False,DNP,,,,,,,,,,,
2020-G10,2020,10,2019-12-12,P034,Jaden Rasmussen,False,14:36,1-3,1-1,0-0,1.0,3.0,3.0,1.0,0.0,0.0,1.0,3.0
2020-G10,2020,10,2019-12-12,P037,Micah Farrier,False,DNP,,,,,,,,,,,
2020-G10,2020,10,2019-12-12,P038,Julian Whitcomb,True,23:30,7-12,3-4,3-3,0.0,5.0,2.0,3.0,0.0,1.0,2.0,20.0
2020-G10,2020,10,2019-12-12,P039,Grant Grzelak,False,15:07,0-1,0-0,0-0,0.0,1.0,2.0,1.0,1.0,0.0,4.0,0.0
2020-G11,2020,11,2019-12-16,P024,Owen Grzelak,False,18:50,3-4,2-2,1-3,1.0,4.0,3.0,1.0,0.0,0.0,2.0,9.0
2020-G11,2020,11,2019-12-16,P025,Jaden Vandermeer,True,33:20,8-14,0-2,3-5,1.0,8.0,1.0,1.0,0.0,0.0,3.0,19.0
2020-G11,2020,11,2019-12-16,P026,Bennett Stankovic,False,DNP,,,,,,,,,,,
2020-G11,2020,11,2019-12-16,P028,Jaden Baptiste,True,30:04,7-9,1-1,4-4,2.0,1.0,0.0,3.0,0.0,3.0,1.0,19.0
2020-G11,2020,11,2019-12-16,P029,Devin Gundersen,True,27:09,5-5,2-2,3-3,1.0,1.0,4.0,1.0,0.0,0.0,1.0,15.0
2020-G11,2020,11,2019-12-16,P030,Brandon Gundersen,False,24:47,1-3,0-1,2-2,0.0,0.0,0.0,0.0,3.0,0.0,2.0,4.0
2020-G11,2020,11,2019-12-16,P031,Julian Danforth,True,27:53,3-4,2-3,1-1,1.0,2.0,7.0,4.0,0.0,0.0,4.0,9.0
2020-G11,2020,11,2019-12-16,P032,Ronan Rasmussen,False,DNP,,,,,,,,,,,
2020-G11,2020,11,2019-12-16,P033,Rowan Baptiste,False,DNP,,,,,,,,,,,
2020-G11,2020,11,2019-12-16,P034,Jaden Rasmussen,False,DNP,,,,,,,,,,,
2020-G11,2020,11,2019-12-16,P037,Micah Farrier,False,DNP,,,,,,,,,,,
2020-G11,2020,11,2019-12-16,P038,Julian Whitcomb,True,21:59,6-10,4-6,4-4,0.0,3.0,1.0,1.0,1.0,0.0,3.0,20.0
2020-G11,2020,11,2019-12-16,P039,Grant Grzelak,False,16:00,3-4,1-2,1-1,0.0,1.0,2.0,1.0,0.0,0.0,0.0,8.0
2020-G12,2020,12,2019-12-20,P024,Owen Grzelak,False,DNP,,,,,,,,,,,
2020-G12,2020,12,2019-12-20,P025,Jaden Vandermeer,True,33:47,7-12,1-3,2-2,3.0,3.0,0.0,0.0,0.0,1.0,3.0,17.0
2020-G12,2020,12,2019-12-20,P026,Bennett Stankovic,False,15:00,3-4,1-2,1-1,0.0,1.0,3.0,1.0,0.0,0.0,2.0,8.0
2020-G12,2020,12,2019-12-20,P028,Jaden Baptiste,True,31:11,9-12,2-2,4-4,3.0,5.0,1.0,0.0,0.0,2.0,1.0,24.0
2020-G12,2020,12,2019-12-20,P029,Devin Gundersen,True,29:51,1-4,0-2,5-5,1.0,1.0,4.0,0.0,2.0,0.0,1.0,7.0
2020-G12,2020,12,2019-12-20,P030,Brandon Gundersen,False,22:16,2-4,1-2,1-1,3.0,3.0,1.0,2.0,1.0,0.0,4.0,6.0
2020-G12,2020,12,2019-12-20,P031,Julian Danforth,True,24:21,0-3,0-2,2-3,0.0,1.0,3.0,2.0,1.0,0.0,0.0,2.0
2020-G12,2020,12,2019-12-20,P032,Ronan Rasmussen,False,DNP,,,,,,,,,,,
2020-G12,2020,12,2019-12-20,P033,Rowan Baptiste,False,DNP,,,,,,,,,,,
2020-G12,2020,12,2019-12-20,P034,Jaden Rasmussen,False,DNP,,,,,,,,,,,
2020-G12,2020,12,2019-12-20,P037,Micah Farrier,False,DNP,,,,,,,,,,,
2020-G12,2020,12,2019-12-20,P038,Julian Whitcomb,True,25:22,6-10,1-5,2-3,0.0,2.0,1.0,1.0,0.0,1.0,2.0,15.0
2020-G12,2020,12,2019-12-20,P039,Grant Grzelak,False,18:13,0-4,0-3,0-0,0.0,0.0,2.0,0.0,2.0,0.0,1.0,0.0
2020-G13,2020,13,2019-12-24,P024,Owen Grzelak,False,20:54,2-4,1-1,3-3,1.0,1.0,0.0,0.0,0.0,1.0,0.0,8.0
2020-G13,2020,13,2019-12-24,P025,Jaden Vandermeer,True,32:13,4-12,1-2,2-3,2.0,1.0,4.0,1.0,2.0,2.0,0.0,11.0
2020-G13,2020,13,2019-12-24,P026,Bennett Stankovic,False,14:40,2-5,2-3,0-0,0.0,1.0,4.0,1.0,1.0,0.0,1.0,6.0
2020-G13,2020,13,2019-12-24,P028,Jaden Baptiste,True,33:27,9-13,1-2,4-4,2.0,5.0,3.0,1.0,0.0,2.0,3.0,23.0
2020-G13,2020,13,2019-12-24,P029,Devin Gundersen,True,31:33,3-8,2-4,0-0,1.0,6.0,4.0,2.0,0.0,0.0,2.0,8.0
2020-G13,2020,13,2019-12-24,P030,Brandon Gundersen,False,22:42,1-4,1-2,1-2,0.0,3.0,1.0,1.0,0.0,0.0,2.0,4.0
2020-G13,2020,13,2019-12-24,P031,Julian Danforth,True,20:37,1-3,0-2,1-1,0.0,1.0,4.0,0.0,0.0,0.0,1.0,3.0
2020-G13,2020,13,2019-12-24,P032,Ronan Rasmussen,False,DNP,,,,,,,,,,,
2020-G13,2020,13,2019-12-24,P033,Rowan Baptiste,False,DNP,,,,,,,,,,,
2020-G13,2020,13,2019-12-24,P034,Jaden Rasmussen,False,DNP,,,,,,,,,,,
2020-G13,2020,13,2019-12-24,P037,Micah Farrier,False,DNP,,,,,,,,,,,
2020-G13,2020,13,2019-12-24,P038,Julian Whitcomb,True,23:54,8-8,3-3,2-3,1.0,6.0,1.0,3.0,1.0,0.0,2.0,21.0
2020-G13,2020,13,2019-12-24,P039,Grant Grzelak,False,DNP,,,,,,,,,,,
2020-G14,2020,14,2019-12-28,P024,Owen Grzelak,False,20:16,1-2,0-1,2-2,1.0,2.0,4.0,1.0,3.0,1.0,0.0,4.0
2020-G14,2020,14,2019-12-28,P025,Jaden Vandermeer,True,26:20,5-8,2-2,3-3,0.0,2.0,1.0,2.0,1.0,0.0,2.0,15.0
2020-G14,2020,14,2019-12-28,P026,Bennett Stankovic,False,10:57,1-4,0-2,1-1,0.0,0.0,0.0,1.0,1.0,0.0,2.0,3.0
2020-G14,2020,14,2019-12-28,P028,Jaden Baptiste,True,28:29,5-10,0-1,0-1,3.0,1.0,1.0,2.0,3.0,3.0,2.0,10.0
2020-G14,2020,14,2019-12-28,P029,Devin Gundersen,True,27:21,2-5,0-1,2-2,0.0,1.0,5.0,0.0,0.0,0.0,3.0,6.0
2020-G14,2020,14,2019-12-28,P030,Brandon Gundersen,False,20:20,1-2,0-1,2-2,1.0,4.0,1.0,3.0,0.0,0.0,0.0,4.0
2020-G14,2020,14,2019-12-28,P031,Julian Danforth,True,21:11,4-5,2-3,1-1,0.0,2.0,2.0,1.0,0.0,0.0,3.0,11.0
2020-G14,2020,14,2019-12-28,P032,Ronan Rasmussen,False,DNP,,,,,,,,,,,
2020-G14,2020,14,2019-12-28,P033,Rowan Baptiste,False,DNP,,,,,,,,,,,
2020-G14,2020,14,2019-12-28,P034,Jaden Rasmussen,False,DNP,,,,,,,,,,,
2020-G14,2020,14,2019-12-28,P037,Micah Farrier,False,3:10,0-2,0-1,0-0,0.0,0.0,0.0,0.0,0.0,0.0,0.0,0.0
2020-G14,2020,14,2019-12-28,P038,Julian Whitcomb,True,25:06,2-8,1-3,3-3,2.0,4.0,1.0,5.0,0.0,2.0,1.0,8.0
2020-G14,2020,14,2019-12-28,P039,Grant Grzelak,False,16:51,1-2,0-1,1-1,0.0,2.0,3.0,4.0,1.0,0.0,1.0,3.0
2020-G15,2020,15,2020-01-01,P024,Owen Grzelak,False,DNP,,,,,,,,,,,
2020-G15,2020,15,2020-01-01,P025,Jaden Vandermeer,True,35:28,10-13,1-2,3-3,2.0,4.0,1.0,1.0,1.0,0.0,3.0,24.0
2020-G15,2020,15,2020-01-01,P026,Bennett Stankovic,False,15:23,1-4,1-2,1-1,1.0,2.0,2.0,1.0,0.0,0.0,0.0,4.0
2020-G15,2020,15,2020-01-01,P028,Jaden Baptiste,True,32:38,10-14,1-3,3-4,4.0,3.0,2.0,2.0,2.0,1.0,1.0,24.0
2020-G15,2020,15,2020-01-01,P029,Devin Gundersen,True,35:15,3-6,0-2,0-0,3.0,1.0,6.0,3.0,1.0,2.0,5.0,6.0
2020-G15,2020,15,2020-01-01,P030,Brandon Gundersen,False,27:26,2-7,1-4,3-3,2.0,2.0,1.0,1.0,0.0,1.0,4.0,8.0
2020-G15,2020,15,2020-01-01,P031,Julian Danforth,True,28:26,3-5,2-4,0-1,3.0,1.0,0.0,3.0,2.0,0.0,4.0,8.0
2020-G15,2020,15,2020-01-01,P032,Ronan Rasmussen,False,DNP,,,,,,,,,,,
2020-G15,2020,15,2020-01-01,P033,Rowan Baptiste,False,6:11,0-0,0-0,1-1,0.0,0.0,0.0,0.0,0.0,0.0,0.0,1.0
2020-G15,2020,15,2020-01-01,P034,Jaden Rasmussen,False,DNP,,,,,,,,,,,
2020-G15,2020,15,2020-01-01,P037,Micah Farrier,False,3:39,0-0,0-0,0-0,0.0,0.0,2.0,0.0,0.0,0.0,0.0,0.0
2020-G15,2020,15,2020-01-01,P038,Julian Whitcomb,True,22:44,6-8,2-3,4-5,1.0,3.0,0.0,1.0,0.0,1.0,4.0,18.0
2020-G15,2020,15,2020-01-01,P039,Grant Grzelak,False,17:50,3-5,1-2,3-3,0.0,2.0,3.0,3.0,2.0,1.0,3.0,10.0
2020-G16,2020,16,2020-01-05,P024,Owen Grzelak,False,19:33,3-4,1-1,2-2,0.0,1.0,2.0,2.0,1.0,0.0,1.0,9.0
2020-G16,2020,16,2020-01-05,P025,Jaden Vandermeer,True,28:18,7-12,0-2,3-4,3.0,2.0,0.0,1.0,1.0,1.0,4.0,17.0
2020-G16,2020,16,2020-01-05,P026,Bennett Stankovic,False,12:10,1-5,1-2,0-0,0.0,1.0,2.0,2.0,1.0,0.0,0.0,3.0
2020-G16,2020,16,2020-01-05,P028,Jaden Baptiste,True,24:27,5-11,0-2,3-4,3.0,5.0,2.0,0.0,2.0,0.0,2.0,13.0
2020-G16,2020,16,2020-01-05,P029,Devin Gundersen,True,30:58,5-6,2-3,2-2,1.0,4.0,6.0,4.0,0.0,0.0,4.0,14.0
2020-G16,2020,16,2020-01-05,P030,Brandon Gundersen,False,17:57,3-4,2-2,0-1,1.0,2.0,0.0,2.0,2.0,0.0,2.0,8.0
2020-G16,2020,16,2020-01-05,P031,Julian Danforth,True,23:42,4-4,3-3,0-0,0.0,2.0,2.0,1.0,2.0,1.0,3.0,11.0
2020-G16,2020,16,2020-01-05,P032,Ronan Rasmussen,False,4:35,1-1,1-1,0-1,0.0,0.0,0.0,1.0,0.0,0.0,0.0,3.0
2020-G16,2020,16,2020-01-05,P033,Rowan Baptiste,False,4:24,0-0,0-0,0-0,0.0,2.0,0.0,0.0,0.0,0.0,1.0,0.0
2020-G16,2020,16,2020-01-05,P034,Jaden Rasmussen,False,DNP,,,,,,,,,,,
2020-G16,2020,16,2020-01-05,P037,Micah Farrier,False,DNP,,,,,,,,,,,
2020-G16,2020,16,2020-01-05,P038,Julian Whitcomb,True,20:29,7-8,3-3,1-3,0.0,2.0,3.0,2.0,1.0,0.0,0.0,18.0
2020-G16,2020,16,2020-01-05,P039,Grant Grzelak,False,13:26,2-2,2-2,0-2,0.0,1.0,0.0,0.0,1.0,0.0,1.0,6.0
2020-G17,2020,17,2020-01-09,P024,Owen Grzelak,False,19:55,1-6,0-2,1-1,0.0,1.0,2.0,3.0,3.0,0.0,1.0,3.0
2020-G17,2020,17,2020-01-09,P025,Jaden Vandermeer,True,26:44,3-8,0-1,5-5,0.0,3.0,2.0,0.0,0.0,0.0,0.0,11.0
2020-G17,2020,17,2020-01-09,P026,Bennett Stankovic,False,12:32,2-4,0-2,1-1,2.0,2.0,1.0,1.0,0.0,1.0,2.0,5.0
2020-G17,2020,17,2020-01-09,P028,Jaden Baptiste,True,27:09,4-9,0-1,1-2,1.0,4.0,0.0,2.0,0.0,0.0,3.0,9.0
2020-G17,2020,17,2020-01-09,P029,Devin Gundersen,True,28:07,3-6,1-2,1-3,0.0,3.0,4.0,1.0,3.0,0.0,0.0,8.0
2020-G17,2020,17,2020-01-09,P030,Brandon Gundersen,False,22:16,2-3,1-2,1-1,0.0,4.0,2.0,3.0,0.0,0.0,0.0,6.0
2020-G17,2020,17,2020-01-09,P031,Julian Danforth,True,25:18,1-3,0-2,2-3,0.0,3.0,3.0,2.0,0.0,1.0,3.0,4.0
2020-G17,2020,17,2020-01-09,P032,Ronan Rasmussen,False,DNP,,,,,,,,,,,
2020-G17,2020,17,2020-01-09,P033,Rowan Baptiste,False,DNP,,,,,,,,,,,
2020-G17,2020,17,2020-01-09,P034,Jaden Rasmussen,False,DNP,,,,,,,,,,,
2020-G17,2020,17,2020-01-09,P037,Micah Farrier,False,DNP,,,,,,,,,,,
2020-G17,2020,17,2020-01-09,P038,Julian Whitcomb,True,20:49,7-8,4-4,2-3,0.0,4.0,3.0,1.0,1.0,0.0,1.0,20.0
2020-G17,2020,17,2020-01-09,P039,Grant Grzelak,False,17:10,2-5,0-3,0-0,1.0,2.0,4.0,2.0,0.0,1.0,2.0,4.0
2020-G18,2020,18,2020-01-13,P024,Owen Grzelak,False,18:53,3-7,1-2,1-3,0.0,1.0,8.0,1.0,0.0,0.0,1.0,8.0
2020-G18,2020,18,2020-01-13,P025,Jaden Vandermeer,True,29:59,7-11,0-3,2-2,2.0,4.0,2.0,5.0,2.0,0.0,1.0,16.0
2020-G18,2020,18,2020-01-13,P026,Bennett Stankovic,False,9:59,0-3,0-2,0-0,2.0,0.0,1.0,2.0,0.0,0.0,1.0,0.0
2020-G18,2020,18,2020-01-13,P028,Jaden Baptiste,True,23:54,9-11,2-2,3-5,3.0,4.0,0.0,0.0,2.0,1.0,0.0,23.0
2020-G18,2020,18,2020-01-13,P029,Devin Gundersen,True,25:53,4-7,2-2,5-5,0.0,1.0,1.0,0.0,0.0,0.0,5.0,15.0
2020-G18,2020,18,2020-01-13,P030,Brandon Gundersen,False,18:23,1-3,1-2,1-2,1.0,0.0,0.0,1.0,1.0,1.0,1.0,4.0
2020-G18,2020,18,2020-01-13,P031,Julian Danforth,True,22:08,1-4,1-3,0-0,0.0,3.0,3.0,1.0,0.0,0.0,5.0,3.0
2020-G18,2020,18,2020-01-13,P032,Ronan Rasmussen,False,DNP,,,,,,,,,,,
2020-G18,2020,18,2020-01-13,P033,Rowan Baptiste,False,DNP,,,,,,,,,,,
2020-G18,2020,18,2020-01-13,P034,Jaden Rasmussen,False,11:10,0-0,0-0,0-0,0.0,0.0,1.0,0.0,0.0,0.0,0.0,0.0
2020-G18,2020,18,2020-01-13,P037,Micah Farrier,False,3:17,1-2,0-1,0-0,0.0,0.0,0.0,0.0,0.0,0.0,0.0,2.0
2020-G18,2020,18,2020-01-13,P038,Julian Whitcomb,True,23:31,5-9,3-4,2-2,3.0,5.0,1.0,0.0,0.0,0.0,2.0,15.0
2020-G18,2020,18,2020-01-13,P039,Grant Grzelak,False,12:53,2-3,1-2,2-2,0.0,2.0,2.0,1.0,0.0,0.0,0.0,7.0
2020-G19,2020,19,2020-01-17,P024,Owen Grzelak,False,20:06,3-5,0-2,1-3,2.0,1.0,2.0,2.0,0.0,0.0,0.0,7.0
2020-G19,2020,19,2020-01-17,P025,Jaden Vandermeer,True,28:49,7-13,0-2,2-3,1.0,4.0,1.0,1.0,0.0,0.0,1.0,16.0
2020-G19,2020,19,2020-01-17,P026,Bennett Stankovic,False,12:35,1-4,0-2,0-1,1.0,1.0,2.0,2.0,0.0,1.0,0.0,2.0
2020-G19,2020,19,2020-01-17,P028,Jaden Baptiste,True,27:17,6-12,1-2,3-4,3.0,6.0,2.0,2.0,3.0,1.0,3.0,16.0
2020-G19,2020,19,2020-01-17,P029,Devin Gundersen,True,27:43,5-8,3-3,0-0,0.0,1.0,2.0,1.0,0.0,3.0,2.0,13.0
2020-G19,2020,19,2020-01-17,P030,Brandon Gundersen,False,25:40,2-3,1-2,1-1,3.0,1.0,1.0,0.0,0.0,0.0,2.0,6.0
2020-G19,2020,19,2020-01-17,P031,Julian Danforth,True,27:36,6-7,4-5,3-4,0.0,4.0,5.0,1.0,0.0,0.0,1.0,19.0
2020-G19,2020,19,2020-01-17,P032,Ronan Rasmussen,False,5:04,0-2,0-1,0-0,0.0,1.0,1.0,0.0,0.0,0.0,0.0,0.0
2020-G19,2020,19,2020-01-17,P033,Rowan Baptiste,False,DNP,,,,,,,,,,,
2020-G19,2020,19,2020-01-17,P034,Jaden Rasmussen,False,DNP,,,,,,,,,,,
2020-G19,2020,19,2020-01-17,P037,Micah Farrier,False,DNP,,,,,,,,,,,
2020-G19,2020,19,2020-01-17,P038,Julian Whitcomb,True,25:11,4-10,2-4,3-4,1.0,1.0,1.0,0.0,1.0,1.0,3.0,13.0
2020-G19,2020,19,2020-01-17,P039,Grant Grzelak,False,DNP,,,,,,,,,,,
2020-G20,2020,20,2020-01-21,P024,Owen Grzelak,False,DNP,,,,,,,,,,,
2020-G20,2020,20,2020-01-21,P025,Jaden Vandermeer,True,34:24,11-15,1-3,4-4,1.0,5.0,1.0,2.0,1.0,0.0,3.0,27.0
2020-G20,2020,20,2020-01-21,P026,Bennett Stankovic,False,DNP,,,,,,,,,,,
2020-G20,2020,20,2020-01-21,P028,Jaden Baptiste,True,34:47,6-11,1-2,3-3,4.0,9.0,1.0,5.0,2.0,1.0,2.0,16.0
2020-G20,2020,20,2020-01-21,P029,Devin Gundersen,True,30:19,4-8,1-2,1-1,1.0,0.0,4.0,1.0,1.0,0.0,2.0,10.0
2020-G20,2020,20,2020-01-21,P030,Brandon Gundersen,False,25:17,3-5,1-2,0-1,1.0,1.0,1.0,1.0,1.0,0.0,2.0,7.0
2020-G20,2020,20,2020-01-21,P031,Julian Danforth,True,21:50,2-4,2-2,3-3,1.0,2.0,2.0,0.0,0.0,0.0,0.0,9.0
2020-G20,2020,20,2020-01-21,P032,Ronan Rasmussen,False,DNP,,,,,,,,,,,
2020-G20,2020,20,2020-01-21,P033,Rowan Baptiste,False,DNP,,,,,,,,,,,
2020-G20,2020,20,2020-01-21,P034,Jaden Rasmussen,False,15:28,1-3,0-2,1-1,0.0,1.0,2.0,2.0,1.0,0.0,0.0,3.0
2020-G20,2020,20,2020-01-21,P037,Micah Farrier,False,DNP,,,,,,,,,,,
2020-G20,2020,20,2020-01-21,P038,Julian Whitcomb,True,23:05,4-8,1-3,1-3,0.0,4.0,1.0,3.0,1.0,1.0,0.0,10.0
2020-G20,2020,20,2020-01-21,P039,Grant Grzelak,False,14:49,3-5,3-4,3-3,0.0,3.0,2.0,2.0,0.0,0.0,1.0,12.0
2020-G21,2020,21,2020-01-25,P024,Owen Grzelak,False,15:15,3-4,0-1,0-0,0.0,1.0,2.0,0.0,0.0,0.0,1.0,6.0
2020-G21,2020,21,2020-01-25,P025,Jaden Vandermeer,True,26:31,8-10,0-2,4-4,1.0,1.0,2.0,1.0,0.0,0.0,1.0,20.0
2020-G21,2020,21,2020-01-25,P026,Bennett Stankovic,False,DNP,,,,,,,,,,,
2020-G21,2020,21,2020-01-25,P028,Jaden Baptiste,True,28:40,5-13,1-2,5-5,2.0,2.0,0.0,0.0,1.0,0.0,2.0,16.0
2020-G21,2020,21,2020-01-25,P029,Devin Gundersen,True,26:40,5-6,2-2,0-1,1.0,0.0,1.0,2.0,0.0,0.0,2.0,12.0
2020-G21,2020,21,2020-01-25,P030,Brandon Gundersen,False,21:02,2-3,1-1,1-1,1.0,3.0,0.0,4.0,2.0,0.0,0.0,6.0
2020-G21,2020,21,2020-01-25,P031,Julian Danforth,True,23:03,1-5,1-4,2-2,2.0,1.0,3.0,1.0,1.0,0.0,0.0,5.0
2020-G21,2020,21,2020-01-25,P032,Ronan Rasmussen,False,DNP,,,,,,,,,,,
2020-G21,2020,21,2020-01-25,P033,Rowan Baptiste,False,4:31,1-2,0-1,0-0,0.0,0.0,0.0,1.0,0.0,0.0,1.0,2.0
2020-G21,2020,21,2020-01-25,P034,Jaden Rasmussen,False,13:24,1-2,0-1,0-0,0.0,0.0,3.0,1.0,0.0,0.0,1.0,2.0
2020-G21,2020,21,2020-01-25,P037,Micah Farrier,False,3:07,0-2,0-1,2-2,0.0,0.0,2.0,0.0,0.0,0.0,0.0,2.0
2020-G21,2020,21,2020-01-25,P038,Julian Whitcomb,True,22:00,7-9,2-4,3-3,2.0,4.0,1.0,4.0,1.0,0.0,1.0,19.0
2020-G21,2020,21,2020-01-25,P039,Grant Grzelak,False,15:46,2-2,1-1,0-0,2.0,0.0,3.0,1.0,1.0,0.0,4.0,5.0
2020-G22,2020,22,2020-01-29,P024,Owen Grzelak,False,17:18,2-3,1-1,0-0,0.0,1.0,2.0,2.0,1.0,0.0,0.0,5.0
2020-G22,2020,22,2020-01-29,P025,Jaden Vandermeer,True,30:47,7-9,1-2,3-3,1.0,5.0,1.0,7.0,1.0,0.0,1.0,18.0
2020-G22,2020,22,2020-01-29,P026,Bennett Stankovic,False,13:41,3-5,2-3,1-1,0.0,2.0,1.0,0.0,0.0,0.0,1.0,9.0
2020-G22,2020,22,2020-01-29,P028,Jaden Baptiste,True,29:29,8-12,1-2,4-5,2.0,5.0,1.0,1.0,2.0,0.0,4.0,21.0
2020-G22,2020,22,2020-01-29,P029,Devin Gundersen,True,32:36,2-6,1-3,3-3,1.0,3.0,3.0,2.0,1.0,0.0,3.0,8.0
2020-G22,2020,22,2020-01-29,P030,Brandon Gundersen,False,23:14,1-4,0-2,2-3,0.0,2.0,2.0,1.0,0.0,0.0,2.0,4.0
2020-G22,2020,22,2020-01-29,P031,Julian Danforth,True,24:04,3-7,1-4,3-3,1.0,1.0,5.0,1.0,1.0,0.0,3.0,10.0
2020-G22,2020,22,2020-01-29,P032,Ronan Rasmussen,False,4:14,1-2,0-1,0-0,0.0,0.0,1.0,0.0,0.0,0.0,1.0,2.0
2020-G22,2020,22,2020-01-29,P033,Rowan Baptiste,False,DNP,,,,,,,,,,,
2020-G22,2020,22,2020-01-29,P034,Jaden Rasmussen,False,DNP,,,,,,,,,,,
2020-G22,2020,22,2020-01-29,P037,Micah Farrier,False,3:53,0-1,0-0,3-3,1.0,0.0,2.0,1.0,0.0,0.0,0.0,3.0
2020-G22,2020,22,2020-01-29,P038,Julian Whitcomb,True,20:44,1-6,1-3,4-4,1.0,5.0,2.0,1.0,0.0,0.0,4.0,7.0
2020-G22,2020,22,2020-01-29,P039,Grant Grzelak,False,DNP,,,,,,,,,,,
2020-G23,2020,23,2020-02-02,P024,Owen Grzelak,False,15:39,0-3,0-1,2-3,0.0,1.0,1.0,1.0,0.0,0.0,0.0,2.0
2020-G23,2020,23,2020-02-02,P025,Jaden Vandermeer,True,23:06,1-7,0-1,1-2,1.0,4.0,2.0,1.0,0.0,1.0,1.0,3.0
2020-G23,2020,23,2020-02-02,P026,Bennett Stankovic,False,10:36,2-4,2-3,2-2,0.0,1.0,1.0,0.0,1.0,0.0,1.0,8.0
2020-G23,2020,23,2020-02-02,P028,Jaden Baptiste,True,23:34,7-10,0-2,0-0,1.0,3.0,2.0,1.0,0.0,3.0,5.0,14.0
2020-G23,2020,23,2020-02-02,P029,Devin Gundersen,True,28:26,6-8,3-3,2-2,1.0,1.0,4.0,2.0,0.0,1.0,0.0,17.0
2020-G23,2020,23,2020-02-02,P030,Brandon Gundersen,False,20:36,1-2,0-1,1-1,1.0,4.0,1.0,1.0,0.0,0.0,2.0,3.0
2020-G23,2020,23,2020-02-02,P031,Julian Danforth,True,21:55,4-5,3-3,0-0,0.0,1.0,2.0,0.0,0.0,0.0,0.0,11.0
2020-G23,2020,23,2020-02-02,P032,Ronan Rasmussen,False,DNP,,,,,,,,,,,
2020-G23,2020,23,2020-02-02,P033,Rowan Baptiste,False,4:47,0-0,0-0,0-0,0.0,0.0,0.0,1.0,0.0,0.0,0.0,0.0
2020-G23,2020,23,2020-02-02,P034,Jaden Rasmussen,False,13:02,1-3,1-2,1-2,1.0,0.0,3.0,2.0,0.0,0.0,3.0,4.0
2020-G23,2020,23,2020-02-02,P037,Micah Farrier,False,DNP,,,,,,,,,,,
2020-G23,2020,23,2020-02-02,P038,Julian Whitcomb,True,22:46,6-9,3-5,4-4,0.0,0.0,3.0,1.0,1.0,0.0,2.0,19.0
2020-G23,2020,23,2020-02-02,P039,Grant Grzelak,False,15:32,1-4,0-2,0-1,1.0,0.0,1.0,0.0,1.0,0.0,0.0,2.0
2020-G24,2020,24,2020-02-06,P024,Owen Grzelak,False,21:15,3-3,1-1,1-1,0.0,1.0,2.0,2.0,2.0,0.0,3.0,8.0
2020-G24,2020,24,2020-02-06,P025,Jaden Vandermeer,True,35:16,4-14,0-3,2-4,3.0,4.0,1.0,1.0,0.0,2.0,2.0,10.0
2020-G24,2020,24,2020-02-06,P026,Bennett Stankovic,False,DNP,,,,,,,,,,,
2020-G24,2020,24,2020-02-06,P028,Jaden Baptiste,True,37:31,11-15,1-2,1-2,2.0,5.0,2.0,3.0,2.0,3.0,2.0,24.0
2020-G24,2020,24,2020-02-06,P029,Devin Gundersen,True,29:44,3-6,1-3,0-0,1.0,0.0,3.0,4.0,3.0,0.0,5.0,7.0
2020-G24,2020,24,2020-02-06,P030,Brandon Gundersen,False,23:08,1-3,1-1,4-4,0.0,6.0,0.0,0.0,1.0,0.0,1.0,7.0
2020-G24,2020,24,2020-02-06,P031,Julian Danforth,True,23:26,2-4,1-3,1-1,0.0,3.0,3.0,2.0,1.0,0.0,5.0,6.0
2020-G24,2020,24,2020-02-06,P032,Ronan Rasmussen,False,DNP,,,,,,,,,,,
2020-G24,2020,24,2020-02-06,P033,Rowan Baptiste,False,6:36,0-1,0-1,0-0,0.0,0.0,0.0,0.0,0.0,0.0,1.0,0.0
2020-G24,2020,24,2020-02-06,P034,Jaden Rasmussen,False,DNP,,,,,,,,,,,
2020-G24,2020,24,2020-02-06,P037,Micah Farrier,False,DNP,,,,,,,,,,,
2020-G24,2020,24,2020-02-06,P038,Julian Whitcomb,True,23:04,6-8,4-4,2-2,3.0,1.0,1.0,2.0,0.0,0.0,2.0,18.0
2020-G24,2020,24,2020-02-06,P039,Grant Grzelak,False,DNP,,,,,,,,,,,
2020-G25,2020,25,2020-02-10,P024,Owen Grzelak,False,DNP,,,,,,,,,,,
2020-G25,2020,25,2020-02-10,P025,Jaden Vandermeer,True,33:50,9-12,2-3,2-4,4.0,3.0,1.0,5.0,1.0,0.0,3.0,22.0
2020-G25,2020,25,2020-02-10,P026,Bennett Stankovic,False,DNP,,,,,,,,,,,
2020-G25,2020,25,2020-02-10,P028,Jaden Baptiste,True,33:01,7-13,0-2,2-3,4.0,4.0,1.0,4.0,1.0,3.0,2.0,16.0
2020-G25,2020,25,2020-02-10,P029,Devin Gundersen,True,34:08,6-9,0-3,3-3,0.0,3.0,6.0,1.0,1.0,0.0,4.0,15.0
2020-G25,2020,25,2020-02-10,P030,Brandon Gundersen,False,27:18,1-2,0-1,0-0,3.0,8.0,2.0,1.0,1.0,1.0,2.0,2.0
2020-G25,2020,25,2020-02-10,P031,Julian Danforth,True,28:27,3-7,3-5,3-3,3.0,3.0,3.0,1.0,0.0,0.0,1.0,12.0
2020-G25,2020,25,2020-02-10,P032,Ronan Rasmussen,False,6:01,0-1,0-1,0-0,0.0,0.0,0.0,1.0,0.0,0.0,0.0,0.0
2020-G25,2020,25,2020-02-10,P033,Rowan Baptiste,False,DNP,,,,,,,,,,,
2020-G25,2020,25,2020-02-10,P034,Jaden Rasmussen,False,18:50,3-4,1-2,1-4,1.0,2.0,4.0,1.0,0.0,0.0,3.0,8.0
2020-G25,2020,25,2020-02-10,P037,Micah Farrier,False,DNP,,,,,,,,,,,
2020-G25,2020,25,2020-02-10,P038,Julian Whitcomb,True,25:52,5-9,2-4,4-6,2.0,4.0,1.0,4.0,0.0,0.0,2.0,16.0
2020-G25,2020,25,2020-02-10,P039,Grant Grzelak,False,17:32,2-3,2-2,2-2,0.0,1.0,2.0,0.0,0.0,0.0,2.0,8.0
2020-G26,2020,26,2020-02-14,P024,Owen Grzelak,False,19:20,5-6,2-2,2-2,1.0,2.0,2.0,2.0,0.0,0.0,1.0,14.0
2020-G26,2020,26,2020-02-14,P025,Jaden Vandermeer,True,27:49,4-12,0-3,3-4,4.0,2.0,1.0,0.0,1.0,0.0,2.0,11.0
2020-G26,2020,26,2020-02-14,P026,Bennett Stankovic,False,11:45,4-7,3-4,3-3,0.0,1.0,1.0,3.0,0.0,0.0,1.0,14.0
2020-G26,2020,26,2020-02-14,P028,Jaden Baptiste,True,30:10,7-13,1-2,7-7,1.0,4.0,1.0,1.0,0.0,0.0,0.0,22.0
2020-G26,2020,26,2020-02-14,P029,Devin Gundersen,True,30:10,5-7,2-3,1-1,0.0,2.0,1.0,2.0,1.0,0.0,4.0,13.0
2020-G26,2020,26,2020-02-14,P030,Brandon Gundersen,False,20:52,1-3,1-2,0-0,1.0,1.0,0.0,0.0,1.0,0.0,1.0,3.0
2020-G26,2020,26,2020-02-14,P031,Julian Danforth,True,23:23,1-3,1-2,1-1,1.0,1.0,2.0,1.0,0.0,0.0,2.0,4.0
2020-G26,2020,26,2020-02-14,P032,Ronan Rasmussen,False,DNP,,,,,,,,,,,
2020-G26,2020,26,2020-02-14,P033,Rowan Baptiste,False,DNP,,,,,,,,,,,
2020-G26,2020,26,2020-02-14,P034,Jaden Rasmussen,False,12:43,2-3,0-1,3-4,0.0,0.0,2.0,1.0,1.0,2.0,2.0,7.0
2020-G26,2020,26,2020-02-14,P037,Micah Farrier,False,3:49,0-0,0-0,2-2,0.0,0.0,0.0,0.0,0.0,0.0,0.0,2.0
2020-G26,2020,26,2020-02-14,P038,Julian Whitcomb,True,19:59,3-6,1-2,4-4,0.0,1.0,2.0,1.0,1.0,0.0,2.0,11.0
2020-G26,2020,26,2020-02-14,P039,Grant Grzelak,False,DNP,,,,,,,,,,,
2020-G27,2020,27,2020-02-18,P024,Owen Grzelak,False,DNP,,,,,,,,,,,
2020-G27,2020,27,2020-02-18,P025,Jaden Vandermeer,True,30:44,6-13,1-3,4-4,1.0,6.0,2.0,2.0,2.0,0.0,1.0,17.0
2020-G27,2020,27,2020-02-18,P026,Bennett Stankovic,False,12:25,1-6,0-3,2-5,1.0,1.0,1.0,0.0,0.0,0.0,1.0,4.0
2020-G27,2020,27,2020-02-18,P028,Jaden Baptiste,True,29:30,9-13,2-2,1-3,0.0,6.0,0.0,3.0,0.0,1.0,2.0,21.0
2020-G27,2020,27,2020-02-18,P029,Devin Gundersen,True,25:47,2-6,0-2,0-0,1.0,2.0,6.0,1.0,1.0,1.0,2.0,4.0
2020-G27,2020,27,2020-02-18,P030,Brandon Gundersen,False,20:12,1-3,0-1,1-2,1.0,1.0,2.0,0.0,0.0,1.0,2.0,3.0
2020-G27,2020,27,2020-02-18,P031,Julian Danforth,True,24:09,3-3,2-2,1-2,0.0,3.0,2.0,1.0,1.0,0.0,2.0,9.0
2020-G27,2020,27,2020-02-18,P032,Ronan Rasmussen,False,DNP,,,,,,,,,,,
2020-G27,2020,27,2020-02-18,P033,Rowan Baptiste,False,4:52,0-0,0-0,0-0,0.0,1.0,1.0,0.0,0.0,0.0,0.0,0.0
2020-G27,2020,27,2020-02-18,P034,Jaden Rasmussen,False,12:43,2-3,0-1,2-2,0.0,1.0,2.0,0.0,0.0,0.0,0.0,6.0
2020-G27,2020,27,2020-02-18,P037,Micah Farrier,False,DNP,,,,,,,,,,,
2020-G27,2020,27,2020-02-18,P038,Julian Whitcomb,True,22:14,5-7,2-3,3-3,2.0,3.0,1.0,1.0,0.0,1.0,2.0,15.0
2020-G27,2020,27,2020-02-18,P039,Grant Grzelak,False,17:23,2-5,1-3,3-3,0.0,1.0,3.0,0.0,0.0,0.0,1.0,8.0
2020-G28,2020,28,2020-02-22,P024,Owen Grzelak,False,17:21,1-4,1-2,1-1,1.0,0.0,3.0,0.0,0.0,0.0,2.0,4.0
2020-G28,2020,28,2020-02-22,P025,Jaden Vandermeer,True,32:40,10-14,0-3,1-1,2.0,3.0,4.0,2.0,1.0,0.0,1.0,21.0
2020-G28,2020,28,2020-02-22,P026,Bennett Stankovic,False,DNP,,,,,,,,,,,
2020-G28,2020,28,2020-02-22,P028,Jaden Baptiste,True,30:14,7-14,1-2,1-1,2.0,7.0,0.0,1.0,0.0,2.0,2.0,16.0
2020-G28,2020,28,2020-02-22,P029,Devin Gundersen,True,32:35,5-7,3-3,0-1,1.0,0.0,3.0,0.0,0.0,2.0,2.0,13.0
2020-G28,2020,28,2020-02-22,P030,Brandon Gundersen,False,23:38,3-5,1-2,3-3,2.0,3.0,3.0,0.0,0.0,0.0,2.0,10.0
2020-G28,2020,28,2020-02-22,P031,Julian Danforth,True,23:39,1-5,1-4,0-1,1.0,3.0,4.0,3.0,0.0,0.0,3.0,3.0
2020-G28,2020,28,2020-02-22,P032,Ronan Rasmussen,False,DNP,,,,,,,,,,,
2020-G28,2020,28,2020-02-22,P033,Rowan Baptiste,False,DNP,,,,,,,,,,,
2020-G28,2020,28,2020-02-22,P034,Jaden Rasmussen,False,DNP,,,,,,,,,,,
2020-G28,2020,28,2020-02-22,P037,Micah Farrier,False,DNP,,,,,,,,,,,
2020-G28,2020,28,2020-02-22,P038,Julian Whitcomb,True,21:36,5-9,0-4,2-3,1.0,3.0,4.0,3.0,0.0,0.0,0.0,12.0
2020-G28,2020,28,2020-02-22,P039,Grant Grzelak,False,18:17,3-4,1-2,1-2,0.0,1.0,2.0,0.0,0.0,0.0,1.0,8.0
2020-G29,2020,29,2020-02-26,P024,Owen Grzelak,False,DNP,,,,,,,,,,,
2020-G29,2020,29,2020-02-26,P025,Jaden Vandermeer,True,35:21,9-12,1-2,1-2,5.0,1.0,4.0,4.0,0.0,1.0,2.0,20.0
2020-G29,2020,29,2020-02-26,P026,Bennett Stankovic,False,DNP,,,,,,,,,,,
2020-G29,2020,29,2020-02-26,P028,Jaden Baptiste,True,36:57,7-13,1-2,6-7,3.0,3.0,1.0,2.0,0.0,2.0,3.0,21.0
2020-G29,2020,29,2020-02-26,P029,Devin Gundersen,True,32:16,5-8,3-4,1-1,0.0,3.0,4.0,0.0,0.0,0.0,2.0,14.0
2020-G29,2020,29,2020-02-26,P030,Brandon Gundersen,False,22:33,1-2,1-1,1-1,1.0,1.0,0.0,1.0,0.0,0.0,2.0,4.0
2020-G29,2020,29,2020-02-26,P031,Julian Danforth,True,23:46,1-5,1-3,0-0,2.0,1.0,5.0,2.0,1.0,0.0,1.0,3.0
2020-G29,2020,29,2020-02-26,P032,Ronan Rasmussen,False,4:37,0-0,0-0,0-0,0.0,0.0,0.0,0.0,0.0,0.0,0.0,0.0
2020-G29,2020,29,2020-02-26,P033,Rowan Baptiste,False,6:08,0-2,0-1,0-0,0.0,0.0,2.0,1.0,1.0,0.0,0.0,0.0
2020-G29,2020,29,2020-02-26,P034,Jaden Rasmussen,False,16:50,3-3,1-1,2-2,0.0,1.0,0.0,2.0,1.0,0.0,0.0,9.0
2020-G29,2020,29,2020-02-26,P037,Micah Farrier,False,DNP,,,,,,,,,,,
2020-G29,2020,29,2020-02-26,P038,Julian Whitcomb,True,30:01,5-9,3-4,1-2,0.0,3.0,1.0,1.0,0.0,1.0,1.0,14.0
2020-G29,2020,29,2020-02-26,P039,Grant Grzelak,False,16:33,1-3,0-2,0-0,0.0,1.0,1.0,1.0,0.0,0.0,2.0,2.0
2020-G30,2020,30,2020-03-01,P024,Owen Grzelak,False,17:24,3-6,1-2,1-1,1.0,1.0,1.0,2.0,1.0,0.0,1.0,8.0
2020-G30,2020,30,2020-03-01,P025,Jaden Vandermeer,True,23:05,3-10,2-3,1-2,2.0,3.0,1.0,1.0,2.0,0.0,1.0,9.0
2020-G30,2020,30,2020-03-01,P026,Bennett Stankovic,False,10:43,3-6,0-2,0-0,1.0,1.0,0.0,1.0,0.0,0.0,1.0,6.0
2020-G30,2020,30,2020-03-01,P028,Jaden Baptiste,True,26:35,10-12,1-2,1-1,0.0,3.0,1.0,1.0,2.0,0.0,3.0,22.0
2020-G30,2020,30,2020-03-01,P029,Devin Gundersen,True,27:59,4-6,2-3,1-1,0.0,1.0,3.0,2.0,1.0,1.0,1.0,11.0
2020-G30,2020,30,2020-03-01,P030,Brandon Gundersen,False,18:34,4-5,2-2,1-1,1.0,0.0,2.0,0.0,0.0,0.0,1.0,11.0
2020-G30,2020,30,2020-03-01,P031,Julian Danforth,True,21:06,2-5,0-2,1-1,0.0,3.0,4.0,1.0,1.0,0.0,2.0,5.0
2020-G30,2020,30,2020-03-01,P032,Ronan Rasmussen,False,DNP,,,,,,,,,,,
2020-G30,2020,30,2020-03-01,P033,Rowan Baptiste,False,DNP,,,,,,,,,,,
2020-G30,2020,30,2020-03-01,P034,Jaden Rasmussen,False,13:33,1-3,0-1,2-3,0.0,1.0,3.0,0.0,0.0,0.0,1.0,4.0
2020-G30,2020,30,2020-03-01,P037,Micah Farrier,False,3:35,1-1,0-0,0-0,0.0,1.0,1.0,0.0,0.0,0.0,0.0,2.0
2020-G30,2020,30,2020-03-01,P038,Julian Whitcomb,True,22:14,6-10,4-5,3-4,3.0,1.0,0.0,0.0,0.0,0.0,0.0,19.0
2020-G30,2020,30,2020-03-01,P039,Grant Grzelak,False,15:12,2-4,1-2,1-1,0.0,1.0,3.0,2.0,0.0,0.0,0.0,6.0
2020-G31,2020,31,2020-03-05,P024,Owen Grzelak,False,16:22,1-3,0-1,0-0,0.0,2.0,3.0,1.0,2.0,0.0,1.0,2.0
2020-G31,2020,31,2020-03-05,P025,Jaden Vandermeer,True,28:02,5-11,1-3,4-5,1.0,2.0,1.0,0.0,0.0,0.0,2.0,15.0
2020-G31,2020,31,2020-03-05,P026,Bennett Stankovic,False,11:51,3-6,0-2,0-1,0.0,0.0,2.0,0.0,0.0,0.0,2.0,6.0
2020-G31,2020,31,2020-03-05,P028,Jaden Baptiste,True,28:04,8-12,1-2,3-3,2.0,2.0,3.0,1.0,0.0,1.0,0.0,20.0
2020-G31,2020,31,2020-03-05,P029,Devin Gundersen,True,29:45,4-7,1-3,4-4,0.0,1.0,5.0,2.0,1.0,1.0,0.0,13.0
2020-G31,2020,31,2020-03-05,P030,Brandon Gundersen,False,20:12,1-2,0-1,2-2,0.0,6.0,1.0,0.0,0.0,1.0,1.0,4.0
2020-G31,2020,31,2020-03-05,P031,Julian Danforth,True,20:17,2-4,2-3,0-0,0.0,1.0,3.0,2.0,0.0,0.0,0.0,6.0
2020-G31,2020,31,2020-03-05,P032,Ronan Rasmussen,False,DNP,,,,,,,,,,,
2020-G31,2020,31,2020-03-05,P033,Rowan Baptiste,False,4:56,0-0,0-0,1-1,0.0,1.0,1.0,0.0,0.0,0.0,3.0,1.0
2020-G31,2020,31,2020-03-05,P034,Jaden Rasmussen,False,DNP,,,,,,,,,,,
2020-G31,2020,31,2020-03-05,P037,Micah Farrier,False,3:11,0-0,0-0,0-0,0.0,0.0,0.0,1.0,0.0,0.0,0.0,0.0
2020-G31,2020,31,2020-03-05,P038,Julian Whitcomb,True,23:46,2-9,0-3,0-0,0.0,3.0,2.0,3.0,0.0,1.0,2.0,4.0
2020-G31,2020,31,2020-03-05,P039,Grant Grzelak,False,13:35,1-2,0-1,0-0,1.0,1.0,7.0,0.0,0.0,1.0,1.0,2.0
2020-G32,2020,32,2020-03-09,P024,Owen Grzelak,False,16:14,3-4,1-1,1-1,0.0,1.0,5.0,1.0,1.0,0.0,2.0,8.0
2020-G32,2020,32,2020-03-09,P025,Jaden Vandermeer,True,30:57,8-12,2-2,2-2,1.0,8.0,2.0,2.0,0.0,0.0,1.0,20.0
2020-G32,2020,32,2020-03-09,P026,Bennett Stankovic,False,11:10,2-5,1-3,0-0,0.0,1.0,1.0,0.0,0.0,0.0,2.0,5.0
2020-G32,2020,32,2020-03-09,P028,Jaden Baptiste,True,25:36,6-7,1-2,3-3,5.0,6.0,1.0,0.0,0.0,1.0,2.0,16.0
2020-G32,2020,32,2020-03-09,P029,Devin Gundersen,True,27:45,2-3,1-1,2-2,2.0,2.0,1.0,3.0,1.0,2.0,1.0,7.0
2020-G32,2020,32,2020-03-09,P030,Brandon Gundersen,False,19:19,0-2,0-1,1-1,1.0,4.0,0.0,1.0,0.0,0.0,0.0,1.0
2020-G32,2020,32,2020-03-09,P031,Julian Danforth,True,19:12,0-3,0-2,2-3,0.0,0.0,1.0,3.0,0.0,0.0,3.0,2.0
2020-G32,2020,32,2020-03-09,P032,Ronan Rasmussen,False,DNP,,,,,,,,,,,
2020-G32,2020,32,2020-03-09,P033,Rowan Baptiste,False,5:50,0-2,0-1,3-4,1.0,0.0,2.0,0.0,1.0,0.0,1.0,3.0
2020-G32,2020,32,2020-03-09,P034,Jaden Rasmussen,False,DNP,,,,,,,,,,,
2020-G32,2020,32,2020-03-09,P037,Micah Farrier,False,4:10,0-0,0-0,0-0,0.0,2.0,0.0,0.0,0.0,0.0,0.0,0.0
2020-G32,2020,32,2020-03-09,P038,Julian Whitcomb,True,23:00,5-8,2-4,2-2,0.0,4.0,1.0,2.0,0.0,1.0,1.0,14.0
2020-G32,2020,32,2020-03-09,P039,Grant Grzelak,False,16:49,4-5,2-3,1-2,1.0,1.0,1.0,2.0,1.0,0.0,2.0,11.0
2021-G01,2021,1,2020-11-06,P029,Devin Gundersen,True,26:37,3-5,1-2,1-1,1.0,0.0,3.0,1.0,0.0,0.0,2.0,8.0
2021-G01,2021,1,2020-11-06,P030,Brandon Gundersen,True,28:01,2-5,0-2,1-1,0.0,4.0,0.0,1.0,0.0,0.0,2.0,5.0
2021-G01,2021,1,2020-11-06,P031,Julian Danforth,True,28:18,5-7,3-4,0-0,0.0,5.0,4.0,1.0,0.0,0.0,1.0,13.0
2021-G01,2021,1,2020-11-06,P032,Ronan Rasmussen,False,6:55,1-2,0-1,0-0,1.0,0.0,2.0,0.0,0.0,0.0,0.0,2.0
2021-G01,2021,1,2020-11-06,P033,Rowan Baptiste,False,DNP,,,,,,,,,,,
2021-G01,2021,1,2020-11-06,P034,Jaden Rasmussen,False,DNP,,,,,,,,,,,
2021-G01,2021,1,2020-11-06,P037,Micah Farrier,False,DNP,,,,,,,,,,,
2021-G01,2021,1,2020-11-06,P038,Julian Whitcomb,True,26:33,7-8,2-3,2-3,1.0,1.0,1.0,4.0,1.0,0.0,0.0,18.0
2021-G01,2021,1,2020-11-06,P039,Grant Grzelak,False,20:48,0-3,0-2,2-2,0.0,2.0,0.0,1.0,1.0,0.0,3.0,2.0
2021-G01,2021,1,2020-11-06,P040,Xavi Hollenbeck,False,25:28,3-7,0-2,0-0,2.0,2.0,1.0,0.0,1.0,0.0,2.0,6.0
2021-G01,2021,1,2020-11-06,P041,Adrien Montoya,True,33:32,7-12,0-1,3-3,0.0,5.0,2.0,1.0,0.0,1.0,1.0,17.0
2021-G01,2021,1,2020-11-06,P042,Brandon Fontaine,False,3:49,1-1,0-0,0-0,1.0,0.0,0.0,0.0,0.0,0.0,4.0,2.0
2021-G01,2021,1,2020-11-06,P043,Cole Ustinov,False,DNP,,,,,,,,,,,
2021-G02,2021,2,2020-11-10,P029,Devin Gundersen,True,38:13,2-6,1-2,0-0,3.0,1.0,2.0,4.0,0.0,0.0,4.0,5.0
2021-G02,2021,2,2020-11-10,P030,Brandon Gundersen,True,28:40,2-5,1-2,0-1,2.0,4.0,4.0,3.0,1.0,1.0,1.0,5.0
2021-G02,2021,2,2020-11-10,P031,Julian Danforth,True,35:56,4-7,3-5,0-0,1.0,1.0,7.0,3.0,1.0,1.0,3.0,11.0
2021-G02,2021,2,2020-11-10,P032,Ronan Rasmussen,False,8:06,1-3,0-1,1-2,0.0,0.0,1.0,0.0,0.0,0.0,0.0,3.0
2021-G02,2021,2,2020-11-10,P033,Rowan Baptiste,False,DNP,,,,,,,,,,,
2021-G02,2021,2,2020-11-10,P034,Jaden Rasmussen,False,20:05,2-3,1-1,0-0,0.0,3.0,4.0,0.0,1.0,0.0,5.0,5.0
2021-G02,2021,2,2020-11-10,P037,Micah Farrier,False,DNP,,,,,,,,,,,
2021-G02,2021,2,2020-11-10,P038,Julian Whitcomb,True,29:20,4-10,1-4,2-3,4.0,2.0,2.0,2.0,0.0,1.0,1.0,11.0
2021-G02,2021,2,2020-11-10,P039,Grant Grzelak,False,DNP,,,,,,,,,,,
2021-G02,2021,2,2020-11-10,P040,Xavi Hollenbeck,False,27:04,5-10,1-4,2-2,1.0,3.0,1.0,0.0,0.0,0.0,2.0,13.0
2021-G02,2021,2,2020-11-10,P041,Adrien Montoya,True,37:36,7-12,0-2,1-2,4.0,4.0,2.0,1.0,1.0,1.0,2.0,15.0
2021-G02,2021,2,2020-11-10,P042,Brandon Fontaine,False,DNP,,,,,,,,,,,
2021-G02,2021,2,2020-11-10,P043,Cole Ustinov,False,DNP,,,,,,,,,,,
2021-G03,2021,3,2020-11-14,P029,Devin Gundersen,True,25:33,3-5,1-2,1-1,3.0,2.0,2.0,2.0,0.0,1.0,3.0,8.0
2021-G03,2021,3,2020-11-14,P030,Brandon Gundersen,True,23:15,2-2,1-1,1-1,3.0,5.0,5.0,1.0,1.0,0.0,1.0,6.0
2021-G03,2021,3,2020-11-14,P031,Julian Danforth,True,28:14,1-7,1-4,2-3,0.0,0.0,4.0,3.0,0.0,0.0,0.0,5.0
2021-G03,2021,3,2020-11-14,P032,Ronan Rasmussen,False,6:08,1-3,0-1,0-0,0.0,0.0,1.0,0.0,1.0,0.0,0.0,2.0
2021-G03,2021,3,2020-11-14,P033,Rowan Baptiste,False,DNP,,,,,,,,,,,
2021-G03,2021,3,2020-11-14,P034,Jaden Rasmussen,False,15:24,2-4,2-3,1-2,0.0,1.0,2.0,0.0,0.0,0.0,0.0,7.0
2021-G03,2021,3,2020-11-14,P037,Micah Farrier,False,DNP,,,,,,,,,,,
2021-G03,2021,3,2020-11-14,P038,Julian Whitcomb,True,25:49,6-9,2-4,1-4,0.0,3.0,1.0,1.0,1.0,1.0,1.0,15.0
2021-G03,2021,3,2020-11-14,P039,Grant Grzelak,False,16:55,1-4,0-2,4-4,0.0,1.0,3.0,0.0,2.0,0.0,2.0,6.0
2021-G03,2021,3,2020-11-14,P040,Xavi Hollenbeck,False,21:11,2-6,0-2,2-3,1.0,3.0,1.0,2.0,0.0,1.0,2.0,6.0
2021-G03,2021,3,2020-11-14,P041,Adrien Montoya,True,33:03,8-10,1-1,2-2,1.0,3.0,1.0,5.0,3.0,0.0,4.0,19.0
2021-G03,2021,3,2020-11-14,P042,Brandon Fontaine,False,DNP,,,,,,,,,,,
2021-G03,2021,3,2020-11-14,P043,Cole Ustinov,False,4:27,1-3,1-1,1-1,0.0,0.0,1.0,0.0,1.0,0.0,0.0,4.0
2021-G04,2021,4,2020-11-18,P029,Devin Gundersen,True,33:28,2-6,0-3,0-0,6.0,1.0,9.0,2.0,0.0,0.0,0.0,4.0
2021-G04,2021,4,2020-11-18,P030,Brandon Gundersen,True,27:40,1-3,0-1,0-0,1.0,3.0,1.0,3.0,0.0,0.0,3.0,2.0
2021-G04,2021,4,2020-11-18,P031,Julian Danforth,True,37:05,4-7,2-4,1-2,0.0,4.0,3.0,2.0,3.0,0.0,2.0,11.0
2021-G04,2021,4,2020-11-18,P032,Ronan Rasmussen,False,DNP,,,,,,,,,,,
2021-G04,2021,4,2020-11-18,P033,Rowan Baptiste,False,8:40,0-3,0-1,4-4,0.0,0.0,0.0,1.0,0.0,1.0,1.0,4.0
2021-G04,2021,4,2020-11-18,P034,Jaden Rasmussen,False,DNP,,,,,,,,,,,
2021-G04,2021,4,2020-11-18,P037,Micah Farrier,False,DNP,,,,,,,,,,,
2021-G04,2021,4,2020-11-18,P038,Julian Whitcomb,True,30:40,6-10,2-4,3-3,2.0,3.0,5.0,3.0,1.0,1.0,1.0,17.0
2021-G04,2021,4,2020-11-18,P039,Grant Grzelak,False,23:43,2-5,2-3,3-3,1.0,2.0,3.0,3.0,1.0,0.0,1.0,9.0
2021-G04,2021,4,2020-11-18,P040,Xavi Hollenbeck,False,30:42,5-10,0-3,2-3,2.0,5.0,3.0,1.0,2.0,0.0,3.0,12.0
2021-G04,2021,4,2020-11-18,P041,Adrien Montoya,True,33:01,6-11,1-2,4-4,2.0,6.0,2.0,0.0,3.0,2.0,3.0,17.0
2021-G04,2021,4,2020-11-18,P042,Brandon Fontaine,False,DNP,,,,,,,,,,,
2021-G04,2021,4,2020-11-18,P043,Cole Ustinov,False,DNP,,,,,,,,,,,
2021-G05,2021,5,2020-11-22,P029,Devin Gundersen,True,34:09,2-6,1-2,3-3,2.0,1.0,6.0,4.0,1.0,0.0,1.0,8.0
2021-G05,2021,5,2020-11-22,P030,Brandon Gundersen,True,26:15,3-3,2-2,0-0,2.0,4.0,2.0,2.0,0.0,0.0,3.0,8.0
2021-G05,2021,5,2020-11-22,P031,Julian Danforth,True,27:37,1-8,0-4,3-3,1.0,3.0,1.0,3.0,0.0,0.0,3.0,5.0
2021-G05,2021,5,2020-11-22,P032,Ronan Rasmussen,False,6:21,0-2,0-1,0-0,0.0,1.0,0.0,0.0,2.0,0.0,1.0,0.0
2021-G05,2021,5,2020-11-22,P033,Rowan Baptiste,False,DNP,,,,,,,,,,,
2021-G05,2021,5,2020-11-22,P034,Jaden Rasmussen,False,18:59,1-3,0-1,0-0,0.0,3.0,4.0,1.0,1.0,0.0,0.0,2.0
2021-G05,2021,5,2020-11-22,P037,Micah Farrier,False,5:02,1-1,1-1,1-2,1.0,0.0,0.0,0.0,0.0,0.0,2.0,4.0
2021-G05,2021,5,2020-11-22,P038,Julian Whitcomb,True,28:57,6-11,2-6,3-3,3.0,0.0,1.0,1.0,3.0,1.0,4.0,17.0
2021-G05,2021,5,2020-11-22,P039,Grant Grzelak,False,18:53,2-4,2-3,0-0,0.0,1.0,0.0,0.0,3.0,1.0,3.0,6.0
2021-G05,2021,5,2020-11-22,P040,Xavi Hollenbeck,False,21:39,8-9,3-4,1-1,1.0,2.0,1.0,2.0,1.0,0.0,1.0,20.0
2021-G05,2021,5,2020-11-22,P041,Adrien Montoya,True,32:07,7-11,0-2,3-6,1.0,1.0,2.0,3.0,3.0,0.0,4.0,17.0
2021-G05,2021,5,2020-11-22,P042,Brandon Fontaine,False,5:01,0-1,0-0,0-1,0.0,1.0,0.0,0.0,0.0,0.0,0.0,0.0
2021-G05,2021,5,2020-11-22,P043,Cole Ustinov,False,DNP,,,,,,,,,,,
2021-G06,2021,6,2020-11-26,P029,Devin Gundersen,True,33:34,6-7,2-2,3-4,2.0,3.0,5.0,1.0,0.0,2.0,3.0,17.0
2021-G06,2021,6,2020-11-26,P030,Brandon Gundersen,True,29:05,4-6,2-3,0-0,1.0,0.0,1.0,2.0,2.0,3.0,2.0,10.0
2021-G06,2021,6,2020-11-26,P031,Julian Danforth,True,32:25,1-7,0-5,2-2,0.0,3.0,4.0,1.0,1.0,0.0,1.0,4.0
2021-G06,2021,6,2020-11-26,P032,Ronan Rasmussen,False,9:03,1-4,0-2,0-0,0.0,1.0,2.0,0.0,0.0,0.0,0.0,2.0
2021-G06,2021,6,2020-11-26,P033,Rowan Baptiste,False,DNP,,,,,,,,,,,
2021-G06,2021,6,2020-11-26,P034,Jaden Rasmussen,False,DNP,,,,,,,,,,,
2021-G06,2021,6,2020-11-26,P037,Micah Farrier,False,DNP,,,,,,,,,,,
2021-G06,2021,6,2020-11-26,P038,Julian Whitcomb,True,29:44,4-12,1-4,2-5,2.0,3.0,3.0,0.0,1.0,0.0,4.0,11.0
2021-G06,2021,6,2020-11-26,P039,Grant Grzelak,False,24:52,2-7,2-5,3-4,0.0,0.0,6.0,2.0,0.0,0.0,2.0,9.0
2021-G06,2021,6,2020-11-26,P040,Xavi Hollenbeck,False,29:20,6-11,2-4,3-3,2.0,5.0,0.0,2.0,0.0,0.0,2.0,17.0
2021-G06,2021,6,2020-11-26,P041,Adrien Montoya,True,36:58,7-12,1-2,1-2,5.0,5.0,1.0,3.0,0.0,2.0,2.0,16.0
2021-G06,2021,6,2020-11-26,P042,Brandon Fontaine,False,DNP,,,,,,,,,,,
2021-G06,2021,6,2020-11-26,P043,Cole Ustinov,False,DNP,,,,,,,,,,,
2021-G07,2021,7,2020-11-30,P029,Devin Gundersen,True,29:20,5-7,2-2,1-1,0.0,2.0,3.0,3.0,1.0,0.0,1.0,13.0
2021-G07,2021,7,2020-11-30,P030,Brandon Gundersen,True,26:20,2-5,2-2,0-0,2.0,2.0,1.0,1.0,0.0,0.0,0.0,6.0
2021-G07,2021,7,2020-11-30,P031,Julian Danforth,True,25:21,1-5,1-3,2-2,0.0,1.0,2.0,2.0,0.0,1.0,1.0,5.0
2021-G07,2021,7,2020-11-30,P032,Ronan Rasmussen,False,4:55,0-2,0-1,0-0,0.0,0.0,2.0,0.0,0.0,0.0,0.0,0.0
2021-G07,2021,7,2020-11-30,P033,Rowan Baptiste,False,DNP,,,,,,,,,,,
2021-G07,2021,7,2020-11-30,P034,Jaden Rasmussen,False,17:05,2-3,1-2,1-1,1.0,0.0,1.0,1.0,0.0,0.0,2.0,6.0
2021-G07,2021,7,2020-11-30,P037,Micah Farrier,False,4:26,0-0,0-0,0-0,0.0,0.0,0.0,0.0,0.0,0.0,1.0,0.0
2021-G07,2021,7,2020-11-30,P038,Julian Whitcomb,True,22:13,5-11,1-5,3-3,1.0,3.0,1.0,3.0,0.0,0.0,1.0,14.0
2021-G07,2021,7,2020-11-30,P039,Grant Grzelak,False,19:12,4-5,2-3,0-0,1.0,2.0,5.0,2.0,0.0,0.0,0.0,10.0
2021-G07,2021,7,2020-11-30,P040,Xavi Hollenbeck,False,20:02,5-9,1-4,2-2,3.0,3.0,1.0,2.0,2.0,1.0,0.0,13.0
2021-G07,2021,7,2020-11-30,P041,Adrien Montoya,True,26:47,3-11,0-1,3-3,3.0,2.0,4.0,1.0,0.0,1.0,4.0,9.0
2021-G07,2021,7,2020-11-30,P042,Brandon Fontaine,False,4:19,1-2,0-0,1-2,0.0,1.0,0.0,0.0,0.0,0.0,0.0,3.0
2021-G07,2021,7,2020-11-30,P043,Cole Ustinov,False,DNP,,,,,,,,,,,
2021-G08,2021,8,2020-12-04,P029,Devin Gundersen,True,29:21,4-5,1-2,3-4,0.0,0.0,1.0,3.0,1.0,1.0,0.0,12.0
2021-G08,2021,8,2020-12-04,P030,Brandon Gundersen,True,26:54,3-5,1-2,2-5,1.0,5.0,1.0,1.0,2.0,0.0,3.0,9.0
2021-G08,2021,8,2020-12-04,P031,Julian Danforth,True,24:54,2-7,0-5,2-2,1.0,2.0,4.0,2.0,1.0,0.0,3.0,6.0
2021-G08,2021,8,2020-12-04,P032,Ronan Rasmussen,False,DNP,,,,,,,,,,,
2021-G08,2021,8,2020-12-04,P033,Rowan Baptiste,False,DNP,,,,,,,,,,,
2021-G08,2021,8,2020-12-04,P034,Jaden Rasmussen,False,16:36,0-2,0-1,0-0,0.0,0.0,7.0,0.0,2.0,0.0,2.0,0.0
2021-G08,2021,8,2020-12-04,P037,Micah Farrier,False,4:20,0-1,0-0,2-2,0.0,0.0,0.0,1.0,1.0,0.0,0.0,2.0
2021-G08,2021,8,2020-12-04,P038,Julian Whitcomb,True,25:18,4-11,1-6,2-2,1.0,4.0,0.0,4.0,2.0,0.0,0.0,11.0
2021-G08,2021,8,2020-12-04,P039,Grant Grzelak,False,18:01,1-6,1-4,3-4,1.0,2.0,4.0,1.0,0.0,0.0,3.0,6.0
2021-G08,2021,8,2020-12-04,P040,Xavi Hollenbeck,False,23:28,7-11,1-3,3-3,1.0,3.0,1.0,3.0,0.0,1.0,0.0,18.0
2021-G08,2021,8,2020-12-04,P041,Adrien Montoya,True,26:59,4-10,0-1,1-1,3.0,4.0,0.0,1.0,1.0,1.0,4.0,9.0
2021-G08,2021,8,2020-12-04,P042,Brandon Fontaine,False,DNP,,,,,,,,,,,
2021-G08,2021,8,2020-12-04,P043,Cole Ustinov,False,4:09,1-4,0-1,1-1,0.0,0.0,2.0,1.0,0.0,0.0,1.0,3.0
2021-G09,2021,9,2020-12-08,P029,Devin Gundersen,True,32:16,3-6,1-2,0-1,1.0,2.0,4.0,0.0,2.0,2.0,3.0,7.0
2021-G09,2021,9,2020-12-08,P030,Brandon Gundersen,True,30:26,6-7,2-3,5-5,1.0,3.0,1.0,3.0,0.0,1.0,1.0,19.0
2021-G09,2021,9,2020-12-08,P031,Julian Danforth,True,29:27,3-8,1-6,0-0,0.0,3.0,7.0,2.0,0.0,0.0,3.0,7.0
2021-G09,2021,9,2020-12-08,P032,Ronan Rasmussen,False,DNP,,,,,,,,,,,
2021-G09,2021,9,2020-12-08,P033,Rowan Baptiste,False,DNP,,,,,,,,,,,
2021-G09,2021,9,2020-12-08,P034,Jaden Rasmussen,False,18:56,3-5,1-2,3-4,0.0,1.0,4.0,1.0,0.0,0.0,1.0,10.0
2021-G09,2021,9,2020-12-08,P037,Micah Farrier,False,5:03,0-1,0-1,1-1,0.0,1.0,2.0,0.0,0.0,0.0,1.0,1.0
2021-G09,2021,9,2020-12-08,P038,Julian Whitcomb,True,24:47,8-11,1-3,2-2,2.0,1.0,1.0,3.0,0.0,0.0,4.0,19.0
2021-G09,2021,9,2020-12-08,P039,Grant Grzelak,False,21:39,2-5,1-3,0-0,1.0,0.0,2.0,2.0,1.0,0.0,2.0,5.0
2021-G09,2021,9,2020-12-08,P040,Xavi Hollenbeck,False,DNP,,,,,,,,,,,
2021-G09,2021,9,2020-12-08,P041,Adrien Montoya,True,31:46,10-13,2-2,5-6,1.0,5.0,2.0,2.0,0.0,1.0,2.0,27.0
2021-G09,2021,9,2020-12-08,P042,Brandon Fontaine,False,DNP,,,,,,,,,,,
2021-G09,2021,9,2020-12-08,P043,Cole Ustinov,False,5:40,2-2,1-1,1-1,0.0,0.0,2.0,0.0,0.0,0.0,0.0,6.0
2021-G10,2021,10,2020-12-12,P029,Devin Gundersen,True,30:21,6-9,2-3,4-4,2.0,3.0,5.0,3.0,2.0,0.0,4.0,18.0
2021-G10,2021,10,2020-12-12,P030,Brandon Gundersen,True,25:19,2-4,1-1,2-2,0.0,2.0,0.0,1.0,0.0,1.0,2.0,7.0
2021-G10,2021,10,2020-12-12,P031,Julian Danforth,True,27:05,3-4,1-2,0-0,0.0,2.0,1.0,0.0,1.0,1.0,1.0,7.0
2021-G10,2021,10,2020-12-12,P032,Ronan Rasmussen,False,DNP,,,,,,,,,,,
2021-G10,2021,10,2020-12-12,P033,Rowan Baptiste,False,DNP,,,,,,,,,,,
2021-G10,2021,10,2020-12-12,P034,Jaden Rasmussen,False,13:57,1-2,1-1,1-1,0.0,0.0,1.0,1.0,1.0,0.0,2.0,4.0
2021-G10,2021,10,2020-12-12,P037,Micah Farrier,False,5:34,1-2,0-1,2-3,0.0,1.0,1.0,1.0,0.0,0.0,0.0,4.0
2021-G10,2021,10,2020-12-12,P038,Julian Whitcomb,True,24:11,4-11,1-5,3-3,3.0,3.0,2.0,1.0,1.0,0.0,3.0,12.0
2021-G10,2021,10,2020-12-12,P039,Grant Grzelak,False,18:01,3-5,1-3,2-2,0.0,2.0,5.0,0.0,1.0,0.0,2.0,9.0
2021-G10,2021,10,2020-12-12,P040,Xavi Hollenbeck,False,22:33,4-8,1-2,2-3,0.0,1.0,0.0,3.0,1.0,0.0,2.0,11.0
2021-G10,2021,10,2020-12-12,P041,Adrien Montoya,True,24:43,4-7,0-1,1-1,3.0,1.0,0.0,1.0,0.0,1.0,1.0,9.0
2021-G10,2021,10,2020-12-12,P042,Brandon Fontaine,False,3:34,0-0,0-0,0-0,0.0,1.0,0.0,0.0,0.0,0.0,0.0,0.0
2021-G10,2021,10,2020-12-12,P043,Cole Ustinov,False,4:41,2-3,1-1,1-1,0.0,0.0,0.0,0.0,0.0,0.0,0.0,6.0
2021-G11,2021,11,2020-12-16,P029,Devin Gundersen,True,30:36,4-7,2-3,2-3,0.0,1.0,13.0,4.0,0.0,2.0,2.0,12.0
2021-G11,2021,11,2020-12-16,P030,Brandon Gundersen,True,23:45,1-3,0-2,0-0,1.0,5.0,2.0,3.0,0.0,1.0,1.0,2.0
2021-G11,2021,11,2020-12-16,P031,Julian Danforth,True,29:35,5-8,3-5,0-1,1.0,2.0,0.0,0.0,2.0,1.0,1.0,13.0
2021-G11,2021,11,2020-12-16,P032,Ronan Rasmussen,False,7:21,2-4,1-2,1-1,0.0,0.0,0.0,1.0,0.0,0.0,0.0,6.0
2021-G11,2021,11,2020-12-16,P033,Rowan Baptiste,False,DNP,,,,,,,,,,,
2021-G11,2021,11,2020-12-16,P034,Jaden Rasmussen,False,18:33,1-2,1-1,0-0,0.0,1.0,4.0,1.0,0.0,0.0,1.0,3.0
2021-G11,2021,11,2020-12-16,P037,Micah Farrier,False,5:37,0-0,0-0,0-1,1.0,0.0,0.0,0.0,1.0,0.0,0.0,0.0
2021-G11,2021,11,2020-12-16,P038,Julian Whitcomb,True,29:18,6-13,2-5,2-5,2.0,4.0,2.0,2.0,0.0,0.0,2.0,16.0
2021-G11,2021,11,2020-12-16,P039,Grant Grzelak,False,DNP,,,,,,,,,,,
2021-G11,2021,11,2020-12-16,P040,Xavi Hollenbeck,False,25:05,4-11,0-3,2-4,0.0,3.0,1.0,1.0,1.0,0.0,1.0,10.0
2021-G11,2021,11,2020-12-16,P041,Adrien Montoya,True,30:11,6-11,1-1,4-5,6.0,8.0,0.0,1.0,0.0,3.0,2.0,17.0
2021-G11,2021,11,2020-12-16,P042,Brandon Fontaine,False,DNP,,,,,,,,,,,
2021-G11,2021,11,2020-12-16,P043,Cole Ustinov,False,DNP,,,,,,,,,,,
2021-G12,2021,12,2020-12-20,P029,Devin Gundersen,True,30:31,1-5,0-2,3-3,0.0,1.0,3.0,4.0,1.0,0.0,3.0,5.0
2021-G12,2021,12,2020-12-20,P030,Brandon Gundersen,True,26:24,1-2,0-1,0-0,3.0,4.0,1.0,1.0,0.0,0.0,3.0,2.0
2021-G12,2021,12,2020-12-20,P031,Julian Danforth,True,25:03,3-5,1-2,2-2,1.0,2.0,4.0,2.0,0.0,0.0,5.0,9.0
2021-G12,2021,12,2020-12-20,P032,Ronan Rasmussen,False,DNP,,,,,,,,,,,
2021-G12,2021,12,2020-12-20,P033,Rowan Baptiste,False,DNP,,,,,,,,,,,
2021-G12,2021,12,2020-12-20,P034,Jaden Rasmussen,False,16:15,4-6,1-2,2-4,0.0,0.0,1.0,1.0,0.0,0.0,3.0,11.0
2021-G12,2021,12,2020-12-20,P037,Micah Farrier,False,DNP,,,,,,,,,,,
2021-G12,2021,12,2020-12-20,P038,Julian Whitcomb,True,27:56,8-13,3-6,3-3,3.0,3.0,1.0,2.0,0.0,1.0,2.0,22.0
2021-G12,2021,12,2020-12-20,P039,Grant Grzelak,False,20:03,2-6,1-4,0-0,1.0,3.0,5.0,0.0,0.0,0.0,4.0,5.0
2021-G12,2021,12,2020-12-20,P040,Xavi Hollenbeck,False,21:59,7-9,2-3,3-3,1.0,4.0,2.0,1.0,0.0,0.0,2.0,19.0
2021-G12,2021,12,2020-12-20,P041,Adrien Montoya,True,31:49,7-9,0-1,2-4,3.0,3.0,2.0,0.0,2.0,2.0,5.0,16.0
2021-G12,2021,12,2020-12-20,P042,Brandon Fontaine,False,DNP,,,,,,,,,,,
2021-G12,2021,12,2020-12-20,P043,Cole Ustinov,False,DNP,,,,,,,,,,,
2021-G13,2021,13,2020-12-24,P029,Devin Gundersen,True,30:40,3-7,1-3,1-1,0.0,1.0,3.0,2.0,1.0,1.0,0.0,8.0
2021-G13,2021,13,2020-12-24,P030,Brandon Gundersen,True,24:18,4-4,1-1,1-1,1.0,3.0,0.0,2.0,0.0,0.0,4.0,10.0
2021-G13,2021,13,2020-12-24,P031,Julian Danforth,True,26:40,0-4,0-3,0-0,1.0,1.0,2.0,1.0,0.0,1.0,0.0,0.0
2021-G13,2021,13,2020-12-24,P032,Ronan Rasmussen,False,5:59,0-2,0-1,0-0,0.0,0.0,1.0,0.0,0.0,0.0,1.0,0.0
2021-G13,2021,13,2020-12-24,P033,Rowan Baptiste,False,DNP,,,,,,,,,,,
2021-G13,2021,13,2020-12-24,P034,Jaden Rasmussen,False,17:10,1-2,0-1,1-1,0.0,1.0,1.0,1.0,3.0,0.0,0.0,3.0
2021-G13,2021,13,2020-12-24,P037,Micah Farrier,False,5:26,0-1,0-0,0-1,0.0,2.0,1.0,0.0,0.0,0.0,0.0,0.0
2021-G13,2021,13,2020-12-24,P038,Julian Whitcomb,True,24:44,6-9,1-3,3-4,0.0,0.0,3.0,1.0,0.0,1.0,1.0,16.0
2021-G13,2021,13,2020-12-24,P039,Grant Grzelak,False,DNP,,,,,,,,,,,
2021-G13,2021,13,2020-12-24,P040,Xavi Hollenbeck,False,26:06,2-11,1-3,4-5,0.0,1.0,1.0,1.0,1.0,1.0,2.0,9.0
2021-G13,2021,13,2020-12-24,P041,Adrien Montoya,True,30:38,3-9,0-1,2-3,1.0,9.0,0.0,5.0,3.0,1.0,0.0,8.0
2021-G13,2021,13,2020-12-24,P042,Brandon Fontaine,False,3:43,1-1,0-0,1-1,0.0,1.0,0.0,2.0,0.0,0.0,0.0,3.0
2021-G13,2021,13,2020-12-24,P043,Cole Ustinov,False,4:36,0-1,0-0,0-0,0.0,1.0,1.0,1.0,0.0,0.0,1.0,0.0
2021-G14,2021,14,2020-12-28,P029,Devin Gundersen,True,35:19,4-5,0-1,4-4,0.0,2.0,4.0,1.0,0.0,0.0,1.0,12.0
2021-G14,2021,14,2020-12-28,P030,Brandon Gundersen,True,28:10,2-4,0-1,2-2,2.0,3.0,2.0,2.0,0.0,1.0,2.0,6.0
2021-G14,2021,14,2020-12-28,P031,Julian Danforth,True,35:43,7-8,3-4,1-1,1.0,4.0,3.0,2.0,0.0,0.0,4.0,18.0
2021-G14,2021,14,2020-12-28,P032,Ronan Rasmussen,False,6:33,0-2,0-1,0-0,0.0,0.0,2.0,0.0,0.0,0.0,0.0,0.0
2021-G14,2021,14,2020-12-28,P033,Rowan Baptiste,False,DNP,,,,,,,,,,,
2021-G14,2021,14,2020-12-28,P034,Jaden Rasmussen,False,DNP,,,,,,,,,,,
2021-G14,2021,14,2020-12-28,P037,Micah Farrier,False,DNP,,,,,,,,,,,
2021-G14,2021,14,2020-12-28,P038,Julian Whitcomb,True,26:37,7-9,2-4,4-4,2.0,1.0,2.0,1.0,1.0,0.0,2.0,20.0
2021-G14,2021,14,2020-12-28,P039,Grant Grzelak,False,DNP,,,,,,,,,,,
2021-G14,2021,14,2020-12-28,P040,Xavi Hollenbeck,False,29:22,4-10,1-3,4-4,2.0,5.0,2.0,0.0,1.0,0.0,3.0,13.0
2021-G14,2021,14,2020-12-28,P041,Adrien Montoya,True,33:53,8-11,1-2,2-2,2.0,5.0,1.0,0.0,0.0,1.0,3.0,19.0
2021-G14,2021,14,2020-12-28,P042,Brandon Fontaine,False,4:24,0-2,0-0,0-0,0.0,0.0,1.0,0.0,0.0,0.0,0.0,0.0
2021-G14,2021,14,2020-12-28,P043,Cole Ustinov,False,DNP,,,,,,,,,,,
2021-G15,2021,15,2021-01-01,P029,Devin Gundersen,True,30:47,1-6,0-2,0-1,3.0,2.0,3.0,2.0,1.0,0.0,1.0,2.0
2021-G15,2021,15,2021-01-01,P030,Brandon Gundersen,True,25:54,3-7,2-3,1-2,3.0,7.0,0.0,7.0,0.0,2.0,2.0,9.0
2021-G15,2021,15,2021-01-01,P031,Julian Danforth,True,29:22,3-7,3-6,1-2,0.0,0.0,6.0,1.0,1.0,2.0,2.0,10.0
2021-G15,2021,15,2021-01-01,P032,Ronan Rasmussen,False,DNP,,,,,,,,,,,
2021-G15,2021,15,2021-01-01,P033,Rowan Baptiste,False,DNP,,,,,,,,,,,
2021-G15,2021,15,2021-01-01,P034,Jaden Rasmussen,False,15:16,4-4,2-2,0-0,1.0,1.0,2.0,1.0,0.0,0.0,0.0,10.0
2021-G15,2021,15,2021-01-01,P037,Micah Farrier,False,DNP,,,,,,,,,,,
2021-G15,2021,15,2021-01-01,P038,Julian Whitcomb,True,28:33,6-11,0-3,2-3,0.0,2.0,2.0,5.0,0.0,1.0,2.0,14.0
2021-G15,2021,15,2021-01-01,P039,Grant Grzelak,False,17:36,2-3,1-2,1-1,0.0,0.0,2.0,2.0,0.0,0.0,2.0,6.0
2021-G15,2021,15,2021-01-01,P040,Xavi Hollenbeck,False,21:41,6-9,0-3,2-3,1.0,5.0,0.0,2.0,0.0,3.0,3.0,14.0
2021-G15,2021,15,2021-01-01,P041,Adrien Montoya,True,27:06,4-9,0-1,3-3,2.0,7.0,4.0,1.0,1.0,4.0,0.0,11.0
2021-G15,2021,15,2021-01-01,P042,Brandon Fontaine,False,3:46,0-0,0-0,0-0,0.0,0.0,0.0,0.0,0.0,0.0,1.0,0.0
2021-G15,2021,15,2021-01-01,P043,Cole Ustinov,False,DNP,,,,,,,,,,,
2021-G16,2021,16,2021-01-05,P029,Devin Gundersen,True,27:51,7-8,2-3,0-0,0.0,2.0,1.0,1.0,0.0,0.0,3.0,16.0
2021-G16,2021,16,2021-01-05,P030,Brandon Gundersen,True,28:14,3-4,0-1,0-0,0.0,6.0,3.0,1.0,2.0,1.0,2.0,6.0
2021-G16,2021,16,2021-01-05,P031,Julian Danforth,True,31:42,5-7,2-4,2-2,1.0,2.0,4.0,1.0,1.0,0.0,2.0,14.0
2021-G16,2021,16,2021-01-05,P032,Ronan Rasmussen,False,DNP,,,,,,,,,,,
2021-G16,2021,16,2021-01-05,P033,Rowan Baptiste,False,DNP,,,,,,,,,,,
2021-G16,2021,16,2021-01-05,P034,Jaden Rasmussen,False,DNP,,,,,,,,,,,
2021-G16,2021,16,2021-01-05,P037,Micah Farrier,False,DNP,,,,,,,,,,,
2021-G16,2021,16,2021-01-05,P038,Julian Whitcomb,True,26:41,4-11,1-5,2-2,1.0,2.0,0.0,2.0,0.0,0.0,2.0,11.0
2021-G16,2021,16,2021-01-05,P039,Grant Grzelak,False,22:54,3-5,2-3,1-2,0.0,2.0,2.0,1.0,1.0,1.0,1.0,9.0
2021-G16,2021,16,2021-01-05,P040,Xavi Hollenbeck,False,22:28,4-7,2-2,1-2,2.0,1.0,1.0,1.0,1.0,1.0,1.0,11.0
2021-G16,2021,16,2021-01-05,P041,Adrien Montoya,True,35:12,4-13,1-1,3-3,4.0,8.0,0.0,3.0,0.0,0.0,3.0,12.0
2021-G16,2021,16,2021-01-05,P042,Brandon Fontaine,False,DNP,,,,,,,,,,,
2021-G16,2021,16,2021-01-05,P043,Cole Ustinov,False,4:59,1-1,0-0,0-0,0.0,0.0,0.0,1.0,0.0,0.0,0.0,2.0
2021-G17,2021,17,2021-01-09,P029,Devin Gundersen,True,26:49,2-5,1-2,4-4,1.0,5.0,3.0,1.0,0.0,1.0,0.0,9.0
2021-G17,2021,17,2021-01-09,P030,Brandon Gundersen,True,25:32,4-4,2-2,0-0,3.0,4.0,1.0,3.0,3.0,0.0,3.0,10.0
2021-G17,2021,17,2021-01-09,P031,Julian Danforth,True,25:51,2-6,1-4,2-4,1.0,0.0,6.0,2.0,1.0,0.0,0.0,7.0
2021-G17,2021,17,2021-01-09,P032,Ronan Rasmussen,False,DNP,,,,,,,,,,,
2021-G17,2021,17,2021-01-09,P033,Rowan Baptiste,False,DNP,,,,,,,,,,,
2021-G17,2021,17,2021-01-09,P034,Jaden Rasmussen,False,17:41,1-3,0-2,0-0,0.0,0.0,2.0,1.0,0.0,2.0,2.0,2.0
2021-G17,2021,17,2021-01-09,P037,Micah Farrier,False,6:03,1-1,0-0,0-0,0.0,0.0,0.0,0.0,0.0,1.0,1.0,2.0
2021-G17,2021,17,2021-01-09,P038,Julian Whitcomb,True,27:07,8-11,3-5,2-2,0.0,3.0,1.0,3.0,1.0,0.0,3.0,21.0
2021-G17,2021,17,2021-01-09,P039,Grant Grzelak,False,19:29,3-5,3-4,2-2,1.0,1.0,4.0,4.0,0.0,0.0,2.0,11.0
2021-G17,2021,17,2021-01-09,P040,Xavi Hollenbeck,False,23:05,5-9,1-4,2-2,0.0,3.0,3.0,3.0,0.0,1.0,1.0,13.0
2021-G17,2021,17,2021-01-09,P041,Adrien Montoya,True,28:22,5-10,0-1,1-1,4.0,3.0,1.0,2.0,3.0,0.0,2.0,11.0
2021-G17,2021,17,2021-01-09,P042,Brandon Fontaine,False,DNP,,,,,,,,,,,
2021-G17,2021,17,2021-01-09,P043,Cole Ustinov,False,DNP,,,,,,,,,,,
2021-G18,2021,18,2021-01-13,P029,Devin Gundersen,True,26:17,2-4,1-2,1-1,0.0,2.0,2.0,1.0,2.0,1.0,1.0,6.0
2021-G18,2021,18,2021-01-13,P030,Brandon Gundersen,True,21:34,2-2,1-1,2-2,0.0,4.0,3.0,0.0,1.0,0.0,3.0,7.0
2021-G18,2021,18,2021-01-13,P031,Julian Danforth,True,23:59,3-6,1-3,1-1,1.0,0.0,3.0,1.0,0.0,0.0,0.0,8.0
2021-G18,2021,18,2021-01-13,P032,Ronan Rasmussen,False,6:12,1-1,1-1,1-1,0.0,2.0,1.0,0.0,0.0,0.0,0.0,4.0
2021-G18,2021,18,2021-01-13,P033,Rowan Baptiste,False,6:08,1-1,1-1,1-1,0.0,2.0,1.0,0.0,0.0,0.0,0.0,4.0
2021-G18,2021,18,2021-01-13,P034,Jaden Rasmussen,False,16:02,3-4,2-2,2-2,2.0,0.0,4.0,0.0,1.0,0.0,0.0,10.0
2021-G18,2021,18,2021-01-13,P037,Micah Farrier,False,DNP,,,,,,,,,,,
2021-G18,2021,18,2021-01-13,P038,Julian Whitcomb,True,28:06,4-10,0-4,3-3,3.0,3.0,1.0,1.0,1.0,0.0,4.0,11.0
2021-G18,2021,18,2021-01-13,P039,Grant Grzelak,False,16:10,2-3,1-2,2-2,0.0,0.0,2.0,4.0,0.0,0.0,0.0,7.0
2021-G18,2021,18,2021-01-13,P040,Xavi Hollenbeck,False,20:31,2-8,0-3,1-1,1.0,3.0,0.0,1.0,2.0,1.0,2.0,5.0
2021-G18,2021,18,2021-01-13,P041,Adrien Montoya,True,30:38,5-9,0-1,2-3,3.0,3.0,1.0,4.0,2.0,0.0,2.0,12.0
2021-G18,2021,18,2021-01-13,P042,Brandon Fontaine,False,DNP,,,,,,,,,,,
2021-G18,2021,18,2021-01-13,P043,Cole Ustinov,False,4:23,0-1,0-0,1-1,1.0,1.0,0.0,0.0,0.0,0.0,0.0,1.0
2021-G19,2021,19,2021-01-17,P029,Devin Gundersen,True,35:50,7-10,2-5,4-5,1.0,1.0,6.0,3.0,2.0,0.0,0.0,20.0
2021-G19,2021,19,2021-01-17,P030,Brandon Gundersen,True,28:09,2-5,1-2,2-3,0.0,6.0,1.0,2.0,0.0,0.0,0.0,7.0
2021-G19,2021,19,2021-01-17,P031,Julian Danforth,True,30:33,4-5,2-3,2-3,0.0,1.0,1.0,1.0,4.0,1.0,2.0,12.0
2021-G19,2021,19,2021-01-17,P032,Ronan Rasmussen,False,DNP,,,,,,,,,,,
2021-G19,2021,19,2021-01-17,P033,Rowan Baptiste,False,DNP,,,,,,,,,,,
2021-G19,2021,19,2021-01-17,P034,Jaden Rasmussen,False,19:49,4-6,3-3,0-0,0.0,0.0,1.0,1.0,0.0,0.0,2.0,11.0
2021-G19,2021,19,2021-01-17,P037,Micah Farrier,False,5:28,0-0,0-0,1-1,0.0,0.0,1.0,0.0,0.0,0.0,0.0,1.0
2021-G19,2021,19,2021-01-17,P038,Julian Whitcomb,True,25:38,6-12,3-5,1-1,1.0,3.0,0.0,3.0,1.0,0.0,1.0,16.0
2021-G19,2021,19,2021-01-17,P039,Grant Grzelak,False,22:32,3-5,1-3,0-0,1.0,3.0,3.0,0.0,0.0,0.0,1.0,7.0
2021-G19,2021,19,2021-01-17,P040,Xavi Hollenbeck,False,24:28,7-9,3-4,2-5,2.0,1.0,0.0,2.0,1.0,0.0,1.0,19.0
2021-G19,2021,19,2021-01-17,P041,Adrien Montoya,True,28:14,11-11,1-1,5-5,3.0,7.0,2.0,1.0,1.0,0.0,4.0,28.0
2021-G19,2021,19,2021-01-17,P042,Brandon Fontaine,False,4:20,0-1,0-0,1-2,0.0,0.0,0.0,1.0,0.0,0.0,1.0,1.0
2021-G19,2021,19,2021-01-17,P043,Cole Ustinov,False,DNP,,,,,,,,,,,
2021-G20,2021,20,2021-01-21,P029,Devin Gundersen,True,26:18,1-4,1-2,0-1,0.0,2.0,3.0,2.0,1.0,0.0,0.0,3.0
2021-G20,2021,20,2021-01-21,P030,Brandon Gundersen,True,23:44,2-4,0-1,0-0,1.0,4.0,1.0,1.0,0.0,0.0,0.0,4.0
2021-G20,2021,20,2021-01-21,P031,Julian Danforth,True,23:55,1-5,0-4,4-4,0.0,1.0,7.0,3.0,1.0,0.0,4.0,6.0
2021-G20,2021,20,2021-01-21,P032,Ronan Rasmussen,False,6:26,1-1,0-0,0-0,0.0,0.0,1.0,0.0,0.0,0.0,0.0,2.0
2021-G20,2021,20,2021-01-21,P033,Rowan Baptiste,False,6:59,1-5,1-3,3-3,0.0,1.0,0.0,0.0,0.0,0.0,1.0,6.0
2021-G20,2021,20,2021-01-21,P034,Jaden Rasmussen,False,15:33,2-4,1-2,0-0,0.0,0.0,1.0,1.0,0.0,0.0,2.0,5.0
2021-G20,2021,20,2021-01-21,P037,Micah Farrier,False,4:23,1-3,0-1,1-1,0.0,0.0,1.0,1.0,0.0,0.0,0.0,3.0
2021-G20,2021,20,2021-01-21,P038,Julian Whitcomb,True,23:43,2-8,2-4,0-3,1.0,3.0,3.0,2.0,1.0,1.0,1.0,6.0
2021-G20,2021,20,2021-01-21,P039,Grant Grzelak,False,15:51,0-4,0-2,1-1,0.0,0.0,2.0,0.0,0.0,0.0,2.0,1.0
2021-G20,2021,20,2021-01-21,P040,Xavi Hollenbeck,False,25:28,3-10,1-3,2-4,2.0,2.0,5.0,3.0,0.0,1.0,0.0,9.0
2021-G20,2021,20,2021-01-21,P041,Adrien Montoya,True,27:38,1-6,1-1,1-3,0.0,2.0,0.0,2.0,2.0,3.0,2.0,4.0
2021-G20,2021,20,2021-01-21,P042,Brandon Fontaine,False,DNP,,,,,,,,,,,
2021-G20,2021,20,2021-01-21,P043,Cole Ustinov,False,DNP,,,,,,,,,,,
2021-G21,2021,21,2021-01-25,P029,Devin Gundersen,True,32:34,3-6,1-2,1-1,3.0,0.0,3.0,0.0,1.0,0.0,2.0,8.0
2021-G21,2021,21,2021-01-25,P030,Brandon Gundersen,True,21:29,3-4,1-2,0-0,0.0,4.0,2.0,2.0,0.0,0.0,2.0,7.0
2021-G21,2021,21,2021-01-25,P031,Julian Danforth,True,28:58,1-5,0-4,0-0,0.0,1.0,4.0,1.0,2.0,1.0,0.0,2.0
2021-G21,2021,21,2021-01-25,P032,Ronan Rasmussen,False,5:08,0-0,0-0,0-0,0.0,1.0,1.0,0.0,0.0,0.0,0.0,0.0
2021-G21,2021,21,2021-01-25,P033,Rowan Baptiste,False,7:05,1-2,0-1,1-1,1.0,0.0,1.0,1.0,0.0,0.0,0.0,3.0
2021-G21,2021,21,2021-01-25,P034,Jaden Rasmussen,False,14:40,1-2,1-1,2-2,2.0,0.0,2.0,0.0,0.0,0.0,1.0,5.0
2021-G21,2021,21,2021-01-25,P037,Micah Farrier,False,5:52,0-0,0-0,0-0,0.0,0.0,0.0,0.0,1.0,0.0,1.0,0.0
2021-G21,2021,21,2021-01-25,P038,Julian Whitcomb,True,23:38,4-8,0-4,0-1,5.0,5.0,1.0,0.0,1.0,0.0,3.0,8.0
2021-G21,2021,21,2021-01-25,P039,Grant Grzelak,False,DNP,,,,,,,,,,,
2021-G21,2021,21,2021-01-25,P040,Xavi Hollenbeck,False,26:48,1-6,1-2,3-3,2.0,2.0,2.0,3.0,1.0,0.0,2.0,6.0
2021-G21,2021,21,2021-01-25,P041,Adrien Montoya,True,29:38,9-9,1-1,3-3,3.0,8.0,5.0,1.0,1.0,1.0,4.0,22.0
2021-G21,2021,21,2021-01-25,P042,Brandon Fontaine,False,DNP,,,,,,,,,,,
2021-G21,2021,21,2021-01-25,P043,Cole Ustinov,False,4:09,0-1,0-0,0-0,0.0,0.0,0.0,0.0,0.0,0.0,0.0,0.0
2021-G22,2021,22,2021-01-29,P029,Devin Gundersen,True,30:42,1-4,0-1,4-4,2.0,0.0,6.0,2.0,2.0,0.0,2.0,6.0
2021-G22,2021,22,2021-01-29,P030,Brandon Gundersen,True,22:27,1-4,1-2,0-0,1.0,4.0,1.0,1.0,2.0,0.0,0.0,3.0
2021-G22,2021,22,2021-01-29,P031,Julian Danforth,True,30:54,3-6,2-5,0-1,0.0,3.0,5.0,0.0,3.0,0.0,1.0,8.0
2021-G22,2021,22,2021-01-29,P032,Ronan Rasmussen,False,DNP,,,,,,,,,,,
2021-G22,2021,22,2021-01-29,P033,Rowan Baptiste,False,8:21,3-4,3-3,2-3,1.0,0.0,1.0,0.0,0.0,0.0,0.0,11.0
2021-G22,2021,22,2021-01-29,P034,Jaden Rasmussen,False,DNP,,,,,,,,,,,
2021-G22,2021,22,2021-01-29,P037,Micah Farrier,False,DNP,,,,,,,,,,,
2021-G22,2021,22,2021-01-29,P038,Julian Whitcomb,True,30:36,6-10,2-4,2-2,3.0,2.0,0.0,1.0,1.0,0.0,2.0,16.0
2021-G22,2021,22,2021-01-29,P039,Grant Grzelak,False,22:04,0-3,0-2,2-2,1.0,0.0,1.0,2.0,1.0,0.0,0.0,2.0
2021-G22,2021,22,2021-01-29,P040,Xavi Hollenbeck,False,22:41,2-8,1-2,2-3,0.0,1.0,2.0,4.0,2.0,0.0,1.0,7.0
2021-G22,2021,22,2021-01-29,P041,Adrien Montoya,True,26:36,6-6,1-1,2-3,1.0,3.0,1.0,2.0,2.0,1.0,1.0,15.0
2021-G22,2021,22,2021-01-29,P042,Brandon Fontaine,False,DNP,,,,,,,,,,,
2021-G22,2021,22,2021-01-29,P043,Cole Ustinov,False,5:40,0-2,0-1,0-0,0.0,0.0,0.0,1.0,1.0,0.0,2.0,0.0
2021-G23,2021,23,2021-02-02,P029,Devin Gundersen,True,31:41,6-6,2-2,0-0,0.0,2.0,5.0,2.0,0.0,1.0,0.0,14.0
2021-G23,2021,23,2021-02-02,P030,Brandon Gundersen,True,25:05,3-7,0-3,0-0,0.0,3.0,0.0,2.0,1.0,0.0,2.0,6.0
2021-G23,2021,23,2021-02-02,P031,Julian Danforth,True,24:58,4-4,3-3,0-0,1.0,0.0,3.0,1.0,1.0,1.0,4.0,11.0
2021-G23,2021,23,2021-02-02,P032,Ronan Rasmussen,False,5:45,0-1,0-0,1-1,0.0,1.0,0.0,1.0,0.0,0.0,0.0,1.0
2021-G23,2021,23,2021-02-02,P033,Rowan Baptiste,False,8:46,0-1,0-1,1-1,0.0,2.0,1.0,0.0,1.0,0.0,0.0,1.0
2021-G23,2021,23,2021-02-02,P034,Jaden Rasmussen,False,DNP,,,,,,,,,,,
2021-G23,2021,23,2021-02-02,P037,Micah Farrier,False,DNP,,,,,,,,,,,
2021-G23,2021,23,2021-02-02,P038,Julian Whitcomb,True,25:27,3-7,2-3,3-3,2.0,4.0,1.0,1.0,0.0,0.0,1.0,11.0
2021-G23,2021,23,2021-02-02,P039,Grant Grzelak,False,19:26,3-5,2-3,1-3,1.0,4.0,3.0,2.0,1.0,2.0,2.0,9.0
2021-G23,2021,23,2021-02-02,P040,Xavi Hollenbeck,False,25:38,3-11,0-3,6-6,2.0,4.0,1.0,2.0,0.0,0.0,1.0,12.0
2021-G23,2021,23,2021-02-02,P041,Adrien Montoya,True,28:32,8-9,1-1,2-2,5.0,4.0,1.0,1.0,3.0,1.0,2.0,19.0
2021-G23,2021,23,2021-02-02,P042,Brandon Fontaine,False,4:43,1-1,0-0,0-0,0.0,2.0,0.0,0.0,0.0,0.0,0.0,2.0
2021-G23,2021,23,2021-02-02,P043,Cole Ustinov,False,DNP,,,,,,,,,,,
2021-G24,2021,24,2021-02-06,P029,Devin Gundersen,True,28:38,4-6,1-2,1-1,2.0,4.0,3.0,3.0,1.0,0.0,1.0,10.0
2021-G24,2021,24,2021-02-06,P030,Brandon Gundersen,True,29:18,5-7,2-2,3-3,1.0,3.0,1.0,5.0,0.0,0.0,3.0,15.0
2021-G24,2021,24,2021-02-06,P031,Julian Danforth,True,33:34,5-7,3-5,2-3,1.0,6.0,3.0,1.0,0.0,0.0,3.0,15.0
2021-G24,2021,24,2021-02-06,P032,Ronan Rasmussen,False,7:25,1-1,0-0,0-0,0.0,1.0,2.0,0.0,0.0,1.0,1.0,2.0
2021-G24,2021,24,2021-02-06,P033,Rowan Baptiste,False,DNP,,,,,,,,,,,
2021-G24,2021,24,2021-02-06,P034,Jaden Rasmussen,False,DNP,,,,,,,,,,,
2021-G24,2021,24,2021-02-06,P037,Micah Farrier,False,5:57,0-0,0-0,0-1,0.0,0.0,2.0,2.0,0.0,0.0,1.0,0.0
2021-G24,2021,24,2021-02-06,P038,Julian Whitcomb,True,31:26,8-12,3-5,5-5,3.0,2.0,1.0,2.0,0.0,0.0,3.0,24.0
2021-G24,2021,24,2021-02-06,P039,Grant Grzelak,False,DNP,,,,,,,,,,,
2021-G24,2021,24,2021-02-06,P040,Xavi Hollenbeck,False,24:02,7-9,2-3,2-3,0.0,1.0,0.0,1.0,1.0,0.0,2.0,18.0
2021-G24,2021,24,2021-02-06,P041,Adrien Montoya,True,34:01,5-8,0-1,3-4,2.0,5.0,2.0,1.0,0.0,3.0,1.0,13.0
2021-G24,2021,24,2021-02-06,P042,Brandon Fontaine,False,DNP,,,,,,,,,,,
2021-G24,2021,24,2021-02-06,P043,Cole Ustinov,False,5:39,0-0,0-0,0-0,0.0,0.0,0.0,1.0,0.0,0.0,1.0,0.0
2021-G25,2021,25,2021-02-10,P029,Devin Gundersen,True,35:36,4-6,1-2,2-2,2.0,0.0,7.0,0.0,0.0,0.0,3.0,11.0
2021-G25,2021,25,2021-02-10,P030,Brandon Gundersen,True,31:18,6-8,2-3,2-3,2.0,4.0,3.0,2.0,1.0,0.0,1.0,16.0
2021-G25,2021,25,2021-02-10,P031,Julian Danforth,True,27:32,1-7,0-5,1-1,0.0,1.0,4.0,0.0,0.0,0.0,0.0,3.0
2021-G25,2021,25,2021-02-10,P032,Ronan Rasmussen,False,DNP,,,,,,,,,,,
2021-G25,2021,25,2021-02-10,P033,Rowan Baptiste,False,DNP,,,,,,,,,,,
2021-G25,2021,25,2021-02-10,P034,Jaden Rasmussen,False,DNP,,,,,,,,,,,
2021-G25,2021,25,2021-02-10,P037,Micah Farrier,False,DNP,,,,,,,,,,,
2021-G25,2021,25,2021-02-10,P038,Julian Whitcomb,True,32:44,8-14,1-4,6-6,6.0,8.0,3.0,4.0,0.0,0.0,2.0,23.0
2021-G25,2021,25,2021-02-10,P039,Grant Grzelak,False,24:10,1-5,0-4,0-1,2.0,3.0,3.0,1.0,0.0,0.0,0.0,2.0
2021-G25,2021,25,2021-02-10,P040,Xavi Hollenbeck,False,30:21,6-12,2-6,3-3,0.0,4.0,4.0,2.0,0.0,1.0,5.0,17.0
2021-G25,2021,25,2021-02-10,P041,Adrien Montoya,True,37:57,5-14,0-1,3-6,4.0,2.0,2.0,3.0,0.0,1.0,4.0,13.0
2021-G25,2021,25,2021-02-10,P042,Brandon Fontaine,False,5:23,0-0,0-0,0-0,1.0,2.0,0.0,0.0,1.0,1.0,0.0,0.0
2021-G25,2021,25,2021-02-10,P043,Cole Ustinov,False,DNP,,,,,,,,,,,
2021-G26,2021,26,2021-02-14,P029,Devin Gundersen,True,35:28,4-6,0-2,4-4,0.0,1.0,4.0,3.0,0.0,0.0,4.0,12.0
2021-G26,2021,26,2021-02-14,P030,Brandon Gundersen,True,25:46,3-5,1-2,1-3,1.0,2.0,0.0,2.0,0.0,1.0,0.0,8.0
2021-G26,2021,26,2021-02-14,P031,Julian Danforth,True,30:51,3-7,2-4,1-2,0.0,2.0,5.0,0.0,2.0,0.0,0.0,9.0
2021-G26,2021,26,2021-02-14,P032,Ronan Rasmussen,False,7:36,1-3,0-2,0-0,0.0,0.0,1.0,0.0,0.0,0.0,2.0,2.0
2021-G26,2021,26,2021-02-14,P033,Rowan Baptiste,False,DNP,,,,,,,,,,,
2021-G26,2021,26,2021-02-14,P034,Jaden Rasmussen,False,DNP,,,,,,,,,,,
2021-G26,2021,26,2021-02-14,P037,Micah Farrier,False,6:02,1-1,0-0,0-0,0.0,0.0,3.0,0.0,0.0,0.0,0.0,2.0
2021-G26,2021,26,2021-02-14,P038,Julian Whitcomb,True,27:26,5-11,1-5,1-2,1.0,4.0,2.0,0.0,1.0,1.0,1.0,12.0
2021-G26,2021,26,2021-02-14,P039,Grant Grzelak,False,DNP,,,,,,,,,,,
2021-G26,2021,26,2021-02-14,P040,Xavi Hollenbeck,False,26:34,6-10,2-4,3-3,0.0,5.0,0.0,1.0,0.0,0.0,2.0,17.0
2021-G26,2021,26,2021-02-14,P041,Adrien Montoya,True,34:07,5-11,1-1,1-2,2.0,5.0,2.0,4.0,0.0,1.0,5.0,12.0
2021-G26,2021,26,2021-02-14,P042,Brandon Fontaine,False,DNP,,,,,,,,,,,
2021-G26,2021,26,2021-02-14,P043,Cole Ustinov,False,6:08,0-1,0-0,0-0,0.0,0.0,0.0,0.0,0.0,0.0,0.0,0.0
2021-G27,2021,27,2021-02-18,P029,Devin Gundersen,True,27:26,4-7,1-2,0-0,0.0,0.0,6.0,0.0,2.0,0.0,2.0,9.0
2021-G27,2021,27,2021-02-18,P030,Brandon Gundersen,True,29:35,1-4,1-2,3-4,0.0,2.0,0.0,3.0,2.0,1.0,1.0,6.0
2021-G27,2021,27,2021-02-18,P031,Julian Danforth,True,27:41,1-4,0-3,1-1,0.0,2.0,2.0,1.0,2.0,1.0,1.0,3.0
2021-G27,2021,27,2021-02-18,P032,Ronan Rasmussen,False,6:48,1-1,0-0,0-1,0.0,0.0,0.0,1.0,0.0,0.0,2.0,2.0
2021-G27,2021,27,2021-02-18,P033,Rowan Baptiste,False,DNP,,,,,,,,,,,
2021-G27,2021,27,2021-02-18,P034,Jaden Rasmussen,False,DNP,,,,,,,,,,,
2021-G27,2021,27,2021-02-18,P037,Micah Farrier,False,DNP,,,,,,,,,,,
2021-G27,2021,27,2021-02-18,P038,Julian Whitcomb,True,32:07,4-10,1-3,0-2,0.0,3.0,2.0,0.0,2.0,1.0,1.0,9.0
2021-G27,2021,27,2021-02-18,P039,Grant Grzelak,False,19:17,2-4,2-2,2-2,1.0,2.0,3.0,0.0,0.0,0.0,2.0,8.0
2021-G27,2021,27,2021-02-18,P040,Xavi Hollenbeck,False,23:03,2-6,1-2,3-4,1.0,1.0,0.0,0.0,1.0,0.0,1.0,8.0
2021-G27,2021,27,2021-02-18,P041,Adrien Montoya,True,28:00,6-8,1-1,2-2,1.0,9.0,0.0,2.0,1.0,2.0,2.0,15.0
2021-G27,2021,27,2021-02-18,P042,Brandon Fontaine,False,DNP,,,,,,,,,,,
2021-G27,2021,27,2021-02-18,P043,Cole Ustinov,False,6:03,1-3,1-1,1-1,0.0,1.0,0.0,0.0,0.0,0.0,1.0,4.0
2021-G28,2021,28,2021-02-22,P029,Devin Gundersen,True,29:11,5-7,2-2,2-2,3.0,3.0,2.0,0.0,2.0,1.0,1.0,14.0
2021-G28,2021,28,2021-02-22,P030,Brandon Gundersen,True,28:59,2-5,1-2,2-2,3.0,3.0,1.0,3.0,1.0,1.0,1.0,7.0
2021-G28,2021,28,2021-02-22,P031,Julian Danforth,True,24:58,6-8,2-4,1-1,2.0,0.0,2.0,0.0,0.0,1.0,2.0,15.0
2021-G28,2021,28,2021-02-22,P032,Ronan Rasmussen,False,DNP,,,,,,,,,,,
2021-G28,2021,28,2021-02-22,P033,Rowan Baptiste,False,DNP,,,,,,,,,,,
2021-G28,2021,28,2021-02-22,P034,Jaden Rasmussen,False,15:35,1-3,0-1,0-0,0.0,2.0,2.0,2.0,0.0,0.0,1.0,2.0
2021-G28,2021,28,2021-02-22,P037,Micah Farrier,False,DNP,,,,,,,,,,,
2021-G28,2021,28,2021-02-22,P038,Julian Whitcomb,True,26:57,3-10,1-3,1-1,3.0,1.0,2.0,4.0,1.0,1.0,2.0,8.0
2021-G28,2021,28,2021-02-22,P039,Grant Grzelak,False,20:55,1-6,0-4,1-1,0.0,1.0,2.0,0.0,1.0,1.0,5.0,3.0
2021-G28,2021,28,2021-02-22,P040,Xavi Hollenbeck,False,22:43,2-8,2-2,1-1,2.0,0.0,2.0,1.0,1.0,0.0,0.0,7.0
2021-G28,2021,28,2021-02-22,P041,Adrien Montoya,True,30:42,7-10,0-1,2-2,0.0,3.0,2.0,3.0,0.0,1.0,4.0,16.0
2021-G28,2021,28,2021-02-22,P042,Brandon Fontaine,False,DNP,,,,,,,,,,,
2021-G28,2021,28,2021-02-22,P043,Cole Ustinov,False,DNP,,,,,,,,,,,
2021-G29,2021,29,2021-02-26,P029,Devin Gundersen,True,30:49,6-8,3-3,0-2,1.0,3.0,2.0,4.0,0.0,1.0,3.0,15.0
2021-G29,2021,29,2021-02-26,P030,Brandon Gundersen,True,25:08,5-5,2-2,1-2,0.0,0.0,0.0,1.0,0.0,1.0,2.0,13.0
2021-G29,2021,29,2021-02-26,P031,Julian Danforth,True,27:48,4-7,2-5,2-2,0.0,1.0,2.0,1.0,1.0,0.0,1.0,12.0
2021-G29,2021,29,2021-02-26,P032,Ronan Rasmussen,False,DNP,,,,,,,,,,,
2021-G29,2021,29,2021-02-26,P033,Rowan Baptiste,False,DNP,,,,,,,,,,,
2021-G29,2021,29,2021-02-26,P034,Jaden Rasmussen,False,DNP,,,,,,,,,,,
2021-G29,2021,29,2021-02-26,P037,Micah Farrier,False,4:51,1-3,0-1,4-4,0.0,0.0,0.0,2.0,0.0,0.0,0.0,6.0
2021-G29,2021,29,2021-02-26,P038,Julian Whitcomb,True,28:46,6-13,1-6,2-2,2.0,3.0,1.0,0.0,1.0,0.0,3.0,15.0
2021-G29,2021,29,2021-02-26,P039,Grant Grzelak,False,19:57,2-5,0-3,0-0,1.0,2.0,3.0,3.0,1.0,0.0,1.0,4.0
2021-G29,2021,29,2021-02-26,P040,Xavi Hollenbeck,False,28:28,4-15,0-4,2-3,3.0,4.0,1.0,1.0,1.0,0.0,3.0,10.0
2021-G29,2021,29,2021-02-26,P041,Adrien Montoya,True,34:12,7-14,1-2,3-3,4.0,7.0,1.0,4.0,3.0,0.0,1.0,18.0
2021-G29,2021,29,2021-02-26,P042,Brandon Fontaine,False,DNP,,,,,,,,,,,
2021-G29,2021,29,2021-02-26,P043,Cole Ustinov,False,DNP,,,,,,,,,,,
2021-G30,2021,30,2021-03-02,P029,Devin Gundersen,True,30:22,1-7,0-3,1-1,3.0,3.0,8.0,1.0,2.0,1.0,4.0,3.0
2021-G30,2021,30,2021-03-02,P030,Brandon Gundersen,True,25:11,1-4,0-2,0-0,2.0,4.0,3.0,2.0,0.0,0.0,0.0,2.0
2021-G30,2021,30,2021-03-02,P031,Julian Danforth,True,23:40,2-5,1-3,1-1,0.0,5.0,5.0,2.0,0.0,1.0,1.0,6.0
2021-G30,2021,30,2021-03-02,P032,Ronan Rasmussen,False,DNP,,,,,,,,,,,
2021-G30,2021,30,2021-03-02,P033,Rowan Baptiste,False,DNP,,,,,,,,,,,
2021-G30,2021,30,2021-03-02,P034,Jaden Rasmussen,False,16:10,3-3,1-1,0-0,0.0,1.0,1.0,1.0,0.0,1.0,1.0,7.0
2021-G30,2021,30,2021-03-02,P037,Micah Farrier,False,4:23,0-0,0-0,0-0,0.0,1.0,0.0,0.0,0.0,0.0,0.0,0.0
2021-G30,2021,30,2021-03-02,P038,Julian Whitcomb,True,25:11,5-9,1-5,0-0,3.0,2.0,1.0,4.0,0.0,0.0,0.0,11.0
2021-G30,2021,30,2021-03-02,P039,Grant Grzelak,False,19:59,0-3,0-2,0-1,1.0,2.0,2.0,2.0,0.0,0.0,2.0,0.0
2021-G30,2021,30,2021-03-02,P040,Xavi Hollenbeck,False,22:35,2-9,2-4,1-1,1.0,5.0,2.0,0.0,2.0,0.0,0.0,7.0
2021-G30,2021,30,2021-03-02,P041,Adrien Montoya,True,28:54,8-10,1-2,1-2,4.0,4.0,1.0,3.0,1.0,1.0,1.0,18.0
2021-G30,2021,30,2021-03-02,P042,Brandon Fontaine,False,3:35,1-3,0-0,1-1,0.0,0.0,0.0,0.0,0.0,0.0,0.0,3.0
2021-G30,2021,30,2021-03-02,P043,Cole Ustinov,False,DNP,,,,,,,,,,,
2021-G31,2021,31,2021-03-06,P029,Devin Gundersen,True,31:49,3-6,1-3,2-2,2.0,2.0,4.0,1.0,2.0,1.0,2.0,9.0
2021-G31,2021,31,2021-03-06,P030,Brandon Gundersen,True,21:53,0-0,0-0,0-0,2.0,1.0,1.0,1.0,0.0,0.0,1.0,0.0
2021-G31,2021,31,2021-03-06,P031,Julian Danforth,True,28:53,2-6,1-4,0-0,0.0,1.0,4.0,0.0,2.0,0.0,2.0,5.0
2021-G31,2021,31,2021-03-06,P032,Ronan Rasmussen,False,6:46,0-5,0-2,1-1,0.0,0.0,2.0,1.0,0.0,0.0,0.0,1.0
2021-G31,2021,31,2021-03-06,P033,Rowan Baptiste,False,DNP,,,,,,,,,,,
2021-G31,2021,31,2021-03-06,P034,Jaden Rasmussen,False,DNP,,,,,,,,,,,
2021-G31,2021,31,2021-03-06,P037,Micah Farrier,False,5:51,0-0,0-0,1-1,0.0,0.0,0.0,1.0,0.0,0.0,0.0,1.0
2021-G31,2021,31,2021-03-06,P038,Julian Whitcomb,True,25:18,9-12,2-5,3-4,3.0,2.0,1.0,3.0,1.0,1.0,1.0,23.0
2021-G31,2021,31,2021-03-06,P039,Grant Grzelak,False,21:56,3-7,1-5,0-0,0.0,1.0,2.0,1.0,1.0,0.0,1.0,7.0
2021-G31,2021,31,2021-03-06,P040,Xavi Hollenbeck,False,20:43,4-8,1-2,2-3,1.0,2.0,0.0,1.0,1.0,0.0,2.0,11.0
2021-G31,2021,31,2021-03-06,P041,Adrien Montoya,True,27:08,5-10,1-1,2-2,4.0,8.0,3.0,1.0,2.0,3.0,2.0,13.0
2021-G31,2021,31,2021-03-06,P042,Brandon Fontaine,False,4:37,1-3,0-0,1-2,3.0,1.0,2.0,1.0,0.0,0.0,1.0,3.0
2021-G31,2021,31,2021-03-06,P043,Cole Ustinov,False,5:06,1-1,0-0,0-2,0.0,1.0,0.0,0.0,1.0,0.0,0.0,2.0
2021-G32,2021,32,2021-03-10,P029,Devin Gundersen,True,31:29,0-8,0-3,0-0,0.0,2.0,2.0,1.0,2.0,1.0,1.0,0.0
2021-G32,2021,32,2021-03-10,P030,Brandon Gundersen,True,21:48,1-3,1-1,0-1,1.0,4.0,0.0,2.0,0.0,0.0,2.0,3.0
2021-G32,2021,32,2021-03-10,P031,Julian Danforth,True,28:42,4-6,1-3,2-3,0.0,2.0,3.0,2.0,0.0,0.0,2.0,11.0
2021-G32,2021,32,2021-03-10,P032,Ronan Rasmussen,False,5:21,1-3,1-1,1-1,0.0,3.0,1.0,0.0,2.0,0.0,0.0,4.0
2021-G32,2021,32,2021-03-10,P033,Rowan Baptiste,False,DNP,,,,,,,,,,,
2021-G32,2021,32,2021-03-10,P034,Jaden Rasmussen,False,15:23,1-4,0-2,1-1,0.0,0.0,1.0,0.0,0.0,0.0,1.0,3.0
2021-G32,2021,32,2021-03-10,P037,Micah Farrier,False,DNP,,,,,,,,,,,
2021-G32,2021,32,2021-03-10,P038,Julian Whitcomb,True,22:12,4-8,3-4,4-4,2.0,2.0,4.0,0.0,0.0,0.0,0.0,15.0
2021-G32,2021,32,2021-03-10,P039,Grant Grzelak,False,16:50,3-5,2-3,1-2,2.0,0.0,6.0,1.0,0.0,1.0,1.0,9.0
2021-G32,2021,32,2021-03-10,P040,Xavi Hollenbeck,False,23:43,4-10,0-3,3-5,2.0,1.0,0.0,2.0,0.0,1.0,1.0,11.0
2021-G32,2021,32,2021-03-10,P041,Adrien Montoya,True,30:44,5-9,1-1,3-3,3.0,3.0,0.0,2.0,0.0,2.0,3.0,14.0
2021-G32,2021,32,2021-03-10,P042,Brandon Fontaine,False,3:49,1-1,0-0,1-1,0.0,1.0,1.0,1.0,1.0,0.0,2.0,3.0
2021-G32,2021,32,2021-03-10,P043,Cole Ustinov,False,DNP,,,,,,,,,,,
2022-G01,2022,1,2021-11-06,P031,Julian Danforth,True,39:36,3-9,1-5,0-0,1.0,5.0,3.0,1.0,1.0,0.0,4.0,7.0
2022-G01,2022,1,2021-11-06,P033,Rowan Baptiste,False,DNP,,,,,,,,,,,
2022-G01,2022,1,2021-11-06,P034,Jaden Rasmussen,False,DNP,,,,,,,,,,,
2022-G01,2022,1,2021-11-06,P037,Micah Farrier,False,DNP,,,,,,,,,,,
2022-G01,2022,1,2021-11-06,P038,Julian Whitcomb,True,34:40,11-14,5-6,4-4,4.0,3.0,3.0,3.0,0.0,1.0,0.0,31.0
2022-G01,2022,1,2021-11-06,P039,Grant Grzelak,True,26:06,3-5,2-3,1-1,0.0,3.0,8.0,0.0,3.0,2.0,1.0,9.0
2022-G01,2022,1,2021-11-06,P040,Xavi Hollenbeck,True,39:36,11-18,5-8,5-7,0.0,4.0,0.0,2.0,4.0,0.0,3.0,32.0
2022-G01,2022,1,2021-11-06,P042,Brandon Fontaine,False,6:58,0-0,0-0,0-0,1.0,2.0,0.0,0.0,0.0,0.0,1.0,0.0
2022-G01,2022,1,2021-11-06,P043,Cole Ustinov,False,DNP,,,,,,,,,,,
2022-G01,2022,1,2021-11-06,P044,Desmond Baptiste,False,16:38,3-3,0-0,0-0,1.0,3.0,2.0,3.0,1.0,0.0,0.0,6.0
2022-G01,2022,1,2021-11-06,P045,Zavier Lindqvist,True,29:44,3-6,1-3,4-4,0.0,2.0,2.0,4.0,1.0,0.0,2.0,11.0
2022-G01,2022,1,2021-11-06,P046,Zavier Cavanaugh,False,6:42,2-3,0-1,1-1,0.0,1.0,0.0,1.0,0.0,0.0,1.0,5.0
2022-G01,2022,1,2021-11-06,P047,Eli Pellegrini,False,DNP,,,,,,,,,,,
2022-G02,2022,2,2021-11-10,P031,Julian Danforth,True,30:26,3-8,0-4,1-1,0.0,3.0,5.0,2.0,1.0,0.0,0.0,7.0
2022-G02,2022,2,2021-11-10,P033,Rowan Baptiste,False,DNP,,,,,,,,,,,
2022-G02,2022,2,2021-11-10,P034,Jaden Rasmussen,False,19:32,3-5,2-2,1-1,0.0,3.0,3.0,2.0,1.0,0.0,3.0,9.0
2022-G02,2022,2,2021-11-10,P037,Micah Farrier,False,8:35,0-0,0-0,0-0,0.0,0.0,0.0,0.0,0.0,0.0,1.0,0.0
2022-G02,2022,2,2021-11-10,P038,Julian Whitcomb,True,37:04,7-15,3-8,3-3,5.0,4.0,1.0,1.0,2.0,0.0,5.0,20.0
2022-G02,2022,2,2021-11-10,P039,Grant Grzelak,True,25:28,3-5,2-3,3-4,1.0,2.0,4.0,0.0,0.0,0.0,4.0,11.0
2022-G02,2022,2,2021-11-10,P040,Xavi Hollenbeck,True,27:40,3-8,0-3,4-4,2.0,4.0,2.0,2.0,1.0,0.0,3.0,10.0
2022-G02,2022,2,2021-11-10,P042,Brandon Fontaine,False,DNP,,,,,,,,,,,
2022-G02,2022,2,2021-11-10,P043,Cole Ustinov,False,6:30,2-5,1-2,1-1,0.0,3.0,1.0,0.0,0.0,1.0,0.0,6.0
2022-G02,2022,2,2021-11-10,P044,Desmond Baptiste,False,12:02,1-3,0-0,0-0,0.0,1.0,0.0,0.0,0.0,1.0,1.0,2.0
2022-G02,2022,2,2021-11-10,P045,Zavier Lindqvist,True,25:32,3-4,0-1,1-1,3.0,3.0,1.0,2.0,0.0,1.0,0.0,7.0
2022-G02,2022,2,2021-11-10,P046,Zavier Cavanaugh,False,7:10,2-3,0-1,0-0,0.0,1.0,1.0,1.0,0.0,0.0,0.0,4.0
2022-G02,2022,2,2021-11-10,P047,Eli Pellegrini,False,DNP,,,,,,,,,,,
2022-G03,2022,3,2021-11-14,P031,Julian Danforth,True,33:32,4-10,1-4,3-3,1.0,1.0,3.0,2.0,1.0,0.0,5.0,12.0
2022-G03,2022,3,2021-11-14,P033,Rowan Baptiste,False,11:12,2-5,1-2,1-1,0.0,0.0,2.0,0.0,0.0,0.0,2.0,6.0
2022-G03,2022,3,2021-11-14,P034,Jaden Rasmussen,False,20:47,3-5,1-3,1-2,0.0,1.0,0.0,1.0,0.0,0.0,0.0,8.0
2022-G03,2022,3,2021-11-14,P037,Micah Farrier,False,DNP,,,,,,,,,,,
2022-G03,2022,3,2021-11-14,P038,Julian Whitcomb,True,33:01,4-13,1-4,3-3,1.0,1.0,2.0,4.0,0.0,0.0,4.0,12.0
2022-G03,2022,3,2021-11-14,P039,Grant Grzelak,True,22:06,5-5,4-4,0-0,0.0,2.0,4.0,4.0,0.0,0.0,3.0,14.0
2022-G03,2022,3,2021-11-14,P040,Xavi Hollenbeck,True,31:08,9-14,2-5,3-4,1.0,3.0,3.0,1.0,1.0,1.0,2.0,23.0
2022-G03,2022,3,2021-11-14,P042,Brandon Fontaine,False,DNP,,,,,,,,,,,
2022-G03,2022,3,2021-11-14,P043,Cole Ustinov,False,DNP,,,,,,,,,,,
2022-G03,2022,3,2021-11-14,P044,Desmond Baptiste,False,14:04,3-4,0-1,1-1,2.0,1.0,1.0,0.0,0.0,2.0,0.0,7.0
2022-G03,2022,3,2021-11-14,P045,Zavier Lindqvist,True,27:28,4-7,2-3,2-3,0.0,6.0,0.0,3.0,0.0,0.0,4.0,12.0
2022-G03,2022,3,2021-11-14,P046,Zavier Cavanaugh,False,6:42,0-0,0-0,0-0,0.0,0.0,0.0,1.0,0.0,0.0,0.0,0.0
2022-G03,2022,3,2021-11-14,P047,Eli Pellegrini,False,DNP,,,,,,,,,,,
2022-G04,2022,4,2021-11-18,P031,Julian Danforth,True,31:11,4-6,4-4,2-2,1.0,5.0,1.0,2.0,1.0,0.0,3.0,14.0
2022-G04,2022,4,2021-11-18,P033,Rowan Baptiste,False,11:52,5-6,3-4,3-3,1.0,0.0,1.0,1.0,0.0,1.0,0.0,16.0
2022-G04,2022,4,2021-11-18,P034,Jaden Rasmussen,False,25:20,2-5,0-3,1-5,1.0,1.0,4.0,1.0,0.0,0.0,1.0,5.0
2022-G04,2022,4,2021-11-18,P037,Micah Farrier,False,DNP,,,,,,,,,,,
2022-G04,2022,4,2021-11-18,P038,Julian Whitcomb,True,35:30,11-17,2-7,2-5,2.0,2.0,3.0,1.0,1.0,0.0,1.0,26.0
2022-G04,2022,4,2021-11-18,P039,Grant Grzelak,True,30:29,3-6,2-3,0-2,1.0,0.0,3.0,4.0,5.0,0.0,3.0,8.0
2022-G04,2022,4,2021-11-18,P040,Xavi Hollenbeck,True,33:17,4-12,1-5,1-2,2.0,2.0,1.0,1.0,0.0,0.0,1.0,10.0
2022-G04,2022,4,2021-11-18,P042,Brandon Fontaine,False,DNP,,,,,,,,,,,
2022-G04,2022,4,2021-11-18,P043,Cole Ustinov,False,DNP,,,,,,,,,,,
2022-G04,2022,4,2021-11-18,P044,Desmond Baptiste,False,DNP,,,,,,,,,,,
2022-G04,2022,4,2021-11-18,P045,Zavier Lindqvist,True,28:32,4-8,1-3,3-3,0.0,0.0,0.0,1.0,2.0,0.0,0.0,12.0
2022-G04,2022,4,2021-11-18,P046,Zavier Cavanaugh,False,DNP,,,,,,,,,,,
2022-G04,2022,4,2021-11-18,P047,Eli Pellegrini,False,3:49,1-1,0-0,0-0,0.0,0.0,0.0,0.0,0.0,0.0,0.0,2.0
2022-G05,2022,5,2021-11-22,P031,Julian Danforth,True,33:01,4-7,1-4,3-3,2.0,1.0,5.0,0.0,1.0,0.0,1.0,12.0
2022-G05,2022,5,2021-11-22,P033,Rowan Baptiste,False,DNP,,,,,,,,,,,
2022-G05,2022,5,2021-11-22,P034,Jaden Rasmussen,False,25:21,2-6,1-3,0-0,3.0,1.0,6.0,2.0,0.0,0.0,1.0,5.0
2022-G05,2022,5,2021-11-22,P037,Micah Farrier,False,8:00,0-1,0-1,0-0,0.0,1.0,1.0,1.0,0.0,0.0,1.0,0.0
2022-G05,2022,5,2021-11-22,P038,Julian Whitcomb,True,34:54,9-14,3-8,5-7,1.0,5.0,3.0,3.0,2.0,0.0,2.0,26.0
2022-G05,2022,5,2021-11-22,P039,Grant Grzelak,True,27:34,1-5,1-3,0-2,0.0,0.0,4.0,3.0,2.0,1.0,4.0,3.0
2022-G05,2022,5,2021-11-22,P040,Xavi Hollenbeck,True,29:14,4-14,1-6,4-4,1.0,4.0,1.0,1.0,0.0,0.0,1.0,13.0
2022-G05,2022,5,2021-11-22,P042,Brandon Fontaine,False,DNP,,,,,,,,,,,
2022-G05,2022,5,2021-11-22,P043,Cole Ustinov,False,DNP,,,,,,,,,,,
2022-G05,2022,5,2021-11-22,P044,Desmond Baptiste,False,14:52,2-5,0-1,2-3,1.0,2.0,1.0,2.0,1.0,2.0,0.0,6.0
2022-G05,2022,5,2021-11-22,P045,Zavier Lindqvist,True,27:04,5-6,1-2,0-0,2.0,2.0,2.0,2.0,2.0,1.0,3.0,11.0
2022-G05,2022,5,2021-11-22,P046,Zavier Cavanaugh,False,DNP,,,,,,,,,,,
2022-G05,2022,5,2021-11-22,P047,Eli Pellegrini,False,DNP,,,,,,,,,,,
2022-G06,2022,6,2021-11-26,P031,Julian Danforth,True,30:32,3-6,2-4,2-3,0.0,0.0,3.0,4.0,1.0,2.0,2.0,10.0
2022-G06,2022,6,2021-11-26,P033,Rowan Baptiste,False,12:09,1-3,0-2,0-1,1.0,1.0,2.0,1.0,0.0,0.0,0.0,2.0
2022-G06,2022,6,2021-11-26,P034,Jaden Rasmussen,False,DNP,,,,,,,,,,,
2022-G06,2022,6,2021-11-26,P037,Micah Farrier,False,7:46,0-1,0-0,0-0,0.0,0.0,3.0,0.0,0.0,0.0,0.0,0.0
2022-G06,2022,6,2021-11-26,P038,Julian Whitcomb,True,38:09,10-14,4-7,4-4,3.0,3.0,1.0,3.0,4.0,1.0,3.0,28.0
2022-G06,2022,6,2021-11-26,P039,Grant Grzelak,True,24:40,2-4,1-2,0-0,0.0,0.0,1.0,0.0,0.0,2.0,1.0,5.0
2022-G06,2022,6,2021-11-26,P040,Xavi Hollenbeck,True,28:18,5-11,3-4,4-5,3.0,1.0,1.0,3.0,2.0,0.0,2.0,17.0
2022-G06,2022,6,2021-11-26,P042,Brandon Fontaine,False,DNP,,,,,,,,,,,
2022-G06,2022,6,2021-11-26,P043,Cole Ustinov,False,7:53,0-3,0-1,0-0,0.0,2.0,0.0,0.0,0.0,0.0,0.0,0.0
2022-G06,2022,6,2021-11-26,P044,Desmond Baptiste,False,14:35,1-2,0-0,1-2,3.0,2.0,0.0,1.0,0.0,1.0,0.0,3.0
2022-G06,2022,6,2021-11-26,P045,Zavier Lindqvist,True,32:46,2-7,1-3,2-2,2.0,6.0,1.0,2.0,0.0,0.0,0.0,7.0
2022-G06,2022,6,2021-11-26,P046,Zavier Cavanaugh,False,DNP,,,,,,,,,,,
2022-G06,2022,6,2021-11-26,P047,Eli Pellegrini,False,3:12,0-1,0-0,0-0,0.0,0.0,1.0,0.0,0.0,0.0,0.0,0.0
2022-G07,2022,7,2021-11-30,P031,Julian Danforth,True,31:34,5-6,2-3,3-4,2.0,0.0,3.0,0.0,2.0,0.0,0.0,15.0
2022-G07,2022,7,2021-11-30,P033,Rowan Baptiste,False,9:11,1-3,0-2,2-4,2.0,1.0,3.0,1.0,1.0,0.0,0.0,4.0
2022-G07,2022,7,2021-11-30,P034,Jaden Rasmussen,False,21:59,3-3,2-2,0-0,3.0,0.0,1.0,4.0,0.0,1.0,1.0,8.0
2022-G07,2022,7,2021-11-30,P037,Micah Farrier,False,7:45,1-3,1-1,0-0,0.0,0.0,0.0,0.0,0.0,0.0,1.0,3.0
2022-G07,2022,7,2021-11-30,P038,Julian Whitcomb,True,30:18,7-10,3-5,1-1,1.0,3.0,2.0,1.0,4.0,0.0,3.0,18.0
2022-G07,2022,7,2021-11-30,P039,Grant Grzelak,True,23:53,1-5,1-3,1-1,1.0,2.0,1.0,3.0,1.0,1.0,2.0,4.0
2022-G07,2022,7,2021-11-30,P040,Xavi Hollenbeck,True,34:07,4-13,0-3,4-4,1.0,3.0,1.0,3.0,1.0,0.0,3.0,12.0
2022-G07,2022,7,2021-11-30,P042,Brandon Fontaine,False,7:26,1-1,0-0,0-0,1.0,1.0,0.0,0.0,0.0,1.0,1.0,2.0
2022-G07,2022,7,2021-11-30,P043,Cole Ustinov,False,DNP,,,,,,,,,,,
2022-G07,2022,7,2021-11-30,P044,Desmond Baptiste,False,DNP,,,,,,,,,,,
2022-G07,2022,7,2021-11-30,P045,Zavier Lindqvist,True,27:04,2-6,0-3,0-0,1.0,1.0,1.0,3.0,1.0,0.0,4.0,4.0
2022-G07,2022,7,2021-11-30,P046,Zavier Cavanaugh,False,6:43,2-5,0-2,0-0,1.0,1.0,1.0,0.0,0.0,0.0,0.0,4.0
2022-G07,2022,7,2021-11-30,P047,Eli Pellegrini,False,DNP,,,,,,,,,,,
2022-G08,2022,8,2021-12-04,P031,Julian Danforth,True,37:46,8-9,6-7,3-3,3.0,1.0,1.0,3.0,0.0,1.0,5.0,25.0
2022-G08,2022,8,2021-12-04,P033,Rowan Baptiste,False,DNP,,,,,,,,,,,
2022-G08,2022,8,2021-12-04,P034,Jaden Rasmussen,False,21:48,2-4,1-2,2-2,1.0,3.0,1.0,1.0,2.0,0.0,1.0,7.0
2022-G08,2022,8,2021-12-04,P037,Micah Farrier,False,DNP,,,,,,,,,,,
2022-G08,2022,8,2021-12-04,P038,Julian Whitcomb,True,35:24,5-12,1-5,2-2,2.0,4.0,0.0,5.0,0.0,0.0,4.0,13.0
2022-G08,2022,8,2021-12-04,P039,Grant Grzelak,True,26:12,3-5,1-3,3-3,3.0,2.0,2.0,0.0,1.0,0.0,2.0,10.0
2022-G08,2022,8,2021-12-04,P040,Xavi Hollenbeck,True,34:53,10-13,4-6,1-4,1.0,3.0,0.0,2.0,0.0,0.0,2.0,25.0
2022-G08,2022,8,2021-12-04,P042,Brandon Fontaine,False,DNP,,,,,,,,,,,
2022-G08,2022,8,2021-12-04,P043,Cole Ustinov,False,7:04,0-3,0-1,1-1,0.0,1.0,0.0,0.0,0.0,0.0,0.0,1.0
2022-G08,2022,8,2021-12-04,P044,Desmond Baptiste,False,DNP,,,,,,,,,,,
2022-G08,2022,8,2021-12-04,P045,Zavier Lindqvist,True,30:39,4-7,0-3,3-3,1.0,5.0,2.0,4.0,2.0,1.0,4.0,11.0
2022-G08,2022,8,2021-12-04,P046,Zavier Cavanaugh,False,6:13,1-1,0-0,0-0,0.0,0.0,0.0,0.0,0.0,0.0,2.0,2.0
2022-G08,2022,8,2021-12-04,P047,Eli Pellegrini,False,DNP,,,,,,,,,,,
2022-G09,2022,9,2021-12-08,P031,Julian Danforth,True,37:43,3-10,2-8,0-0,0.0,4.0,7.0,1.0,2.0,1.0,2.0,8.0
2022-G09,2022,9,2021-12-08,P033,Rowan Baptiste,False,9:25,1-2,0-1,0-0,0.0,0.0,0.0,0.0,0.0,0.0,0.0,2.0
2022-G09,2022,9,2021-12-08,P034,Jaden Rasmussen,False,24:45,1-5,1-3,0-0,0.0,2.0,2.0,1.0,0.0,1.0,2.0,3.0
2022-G09,2022,9,2021-12-08,P037,Micah Farrier,False,9:07,0-3,0-1,0-0,0.0,3.0,1.0,1.0,0.0,0.0,0.0,0.0
2022-G09,2022,9,2021-12-08,P038,Julian Whitcomb,True,31:41,10-12,3-5,7-8,1.0,2.0,3.0,2.0,1.0,1.0,1.0,30.0
2022-G09,2022,9,2021-12-08,P039,Grant Grzelak,True,25:06,6-6,4-4,1-1,0.0,2.0,1.0,3.0,1.0,0.0,2.0,17.0
2022-G09,2022,9,2021-12-08,P040,Xavi Hollenbeck,True,29:03,6-11,0-3,4-5,2.0,5.0,3.0,1.0,1.0,1.0,3.0,16.0
2022-G09,2022,9,2021-12-08,P042,Brandon Fontaine,False,DNP,,,,,,,,,,,
2022-G09,2022,9,2021-12-08,P043,Cole Ustinov,False,DNP,,,,,,,,,,,
2022-G09,2022,9,2021-12-08,P044,Desmond Baptiste,False,DNP,,,,,,,,,,,
2022-G09,2022,9,2021-12-08,P045,Zavier Lindqvist,True,29:20,2-6,2-3,2-2,1.0,2.0,1.0,0.0,1.0,1.0,1.0,8.0
2022-G09,2022,9,2021-12-08,P046,Zavier Cavanaugh,False,DNP,,,,,,,,,,,
2022-G09,2022,9,2021-12-08,P047,Eli Pellegrini,False,3:51,0-4,0-1,0-0,0.0,0.0,1.0,0.0,0.0,0.0,0.0,0.0
2022-G10,2022,10,2021-12-12,P031,Julian Danforth,True,29:57,3-5,1-3,2-3,1.0,0.0,5.0,1.0,1.0,0.0,1.0,9.0
2022-G10,2022,10,2021-12-12,P033,Rowan Baptiste,False,DNP,,,,,,,,,,,
2022-G10,2022,10,2021-12-12,P034,Jaden Rasmussen,False,22:41,2-3,0-1,2-2,1.0,1.0,5.0,0.0,0.0,0.0,2.0,6.0
2022-G10,2022,10,2021-12-12,P037,Micah Farrier,False,DNP,,,,,,,,,,,
2022-G10,2022,10,2021-12-12,P038,Julian Whitcomb,True,34:08,10-13,2-4,3-4,1.0,3.0,0.0,0.0,0.0,1.0,3.0,25.0
2022-G10,2022,10,2021-12-12,P039,Grant Grzelak,True,22:12,1-5,1-2,1-1,1.0,2.0,2.0,1.0,0.0,1.0,3.0,4.0
2022-G10,2022,10,2021-12-12,P040,Xavi Hollenbeck,True,28:30,6-9,3-3,2-3,2.0,4.0,2.0,2.0,0.0,0.0,0.0,17.0
2022-G10,2022,10,2021-12-12,P042,Brandon Fontaine,False,6:59,3-4,0-0,0-0,1.0,2.0,0.0,1.0,1.0,0.0,0.0,6.0
2022-G10,2022,10,2021-12-12,P043,Cole Ustinov,False,7:57,3-4,0-1,1-2,0.0,1.0,0.0,2.0,1.0,0.0,0.0,7.0
2022-G10,2022,10,2021-12-12,P044,Desmond Baptiste,False,11:55,2-3,0-0,3-4,0.0,3.0,0.0,1.0,0.0,0.0,1.0,7.0
2022-G10,2022,10,2021-12-12,P045,Zavier Lindqvist,True,28:16,4-6,2-3,0-0,0.0,5.0,1.0,3.0,0.0,1.0,3.0,10.0
2022-G10,2022,10,2021-12-12,P046,Zavier Cavanaugh,False,7:26,1-1,0-0,2-2,0.0,1.0,0.0,1.0,0.0,0.0,1.0,4.0
2022-G10,2022,10,2021-12-12,P047,Eli Pellegrini,False,DNP,,,,,,,,,,,
2022-G11,2022,11,2021-12-16,P031,Julian Danforth,True,32:26,6-6,4-4,0-0,2.0,1.0,3.0,1.0,1.0,1.0,2.0,16.0
2022-G11,2022,11,2021-12-16,P033,Rowan Baptiste,False,DNP,,,,,,,,,,,
2022-G11,2022,11,2021-12-16,P034,Jaden Rasmussen,False,24:15,4-4,2-2,0-0,0.0,0.0,4.0,1.0,1.0,0.0,1.0,10.0
2022-G11,2022,11,2021-12-16,P037,Micah Farrier,False,DNP,,,,,,,,,,,
2022-G11,2022,11,2021-12-16,P038,Julian Whitcomb,True,38:42,4-12,1-6,3-3,2.0,6.0,2.0,2.0,1.0,0.0,4.0,12.0
2022-G11,2022,11,2021-12-16,P039,Grant Grzelak,True,26:45,4-8,1-4,3-3,0.0,0.0,2.0,2.0,0.0,0.0,5.0,12.0
2022-G11,2022,11,2021-12-16,P040,Xavi Hollenbeck,True,30:16,5-11,1-3,3-4,1.0,3.0,2.0,0.0,1.0,1.0,2.0,14.0
2022-G11,2022,11,2021-12-16,P042,Brandon Fontaine,False,DNP,,,,,,,,,,,
2022-G11,2022,11,2021-12-16,P043,Cole Ustinov,False,DNP,,,,,,,,,,,
2022-G11,2022,11,2021-12-16,P044,Desmond Baptiste,False,15:27,2-3,0-1,2-3,1.0,4.0,0.0,1.0,1.0,1.0,1.0,6.0
2022-G11,2022,11,2021-12-16,P045,Zavier Lindqvist,True,29:00,4-7,1-3,0-1,1.0,3.0,0.0,3.0,1.0,1.0,5.0,9.0
2022-G11,2022,11,2021-12-16,P046,Zavier Cavanaugh,False,DNP,,,,,,,,,,,
2022-G11,2022,11,2021-12-16,P047,Eli Pellegrini,False,3:10,0-2,0-1,0-0,0.0,0.0,0.0,0.0,0.0,0.0,0.0,0.0
2022-G12,2022,12,2021-12-20,P031,Julian Danforth,True,28:19,2-4,1-2,1-1,2.0,1.0,5.0,5.0,4.0,1.0,4.0,6.0
2022-G12,2022,12,2021-12-20,P033,Rowan Baptiste,False,11:16,1-2,1-1,1-1,0.0,0.0,1.0,2.0,2.0,0.0,0.0,4.0
2022-G12,2022,12,2021-12-20,P034,Jaden Rasmussen,False,22:53,1-3,1-2,2-2,0.0,1.0,4.0,0.0,1.0,0.0,2.0,5.0
2022-G12,2022,12,2021-12-20,P037,Micah Farrier,False,7:51,0-2,0-1,0-0,0.0,1.0,2.0,0.0,0.0,0.0,1.0,0.0
2022-G12,2022,12,2021-12-20,P038,Julian Whitcomb,True,33:41,6-12,3-6,6-6,2.0,3.0,0.0,3.0,3.0,1.0,1.0,21.0
2022-G12,2022,12,2021-12-20,P039,Grant Grzelak,True,24:24,2-6,2-3,2-2,0.0,1.0,2.0,3.0,2.0,0.0,2.0,8.0
2022-G12,2022,12,2021-12-20,P040,Xavi Hollenbeck,True,27:53,9-11,3-4,1-1,1.0,4.0,1.0,1.0,4.0,0.0,4.0,22.0
2022-G12,2022,12,2021-12-20,P042,Brandon Fontaine,False,6:09,3-4,0-0,1-1,0.0,1.0,0.0,0.0,0.0,0.0,0.0,7.0
2022-G12,2022,12,2021-12-20,P043,Cole Ustinov,False,DNP,,,,,,,,,,,
2022-G12,2022,12,2021-12-20,P044,Desmond Baptiste,False,13:21,2-3,0-1,0-0,1.0,3.0,0.0,0.0,0.0,0.0,0.0,4.0
2022-G12,2022,12,2021-12-20,P045,Zavier Lindqvist,True,24:12,4-7,1-3,1-1,0.0,3.0,0.0,0.0,2.0,0.0,1.0,10.0
2022-G12,2022,12,2021-12-20,P046,Zavier Cavanaugh,False,DNP,,,,,,,,,,,
2022-G12,2022,12,2021-12-20,P047,Eli Pellegrini,False,DNP,,,,,,,,,,,
2022-G13,2022,13,2021-12-24,P031,Julian Danforth,True,35:31,4-9,2-6,2-3,2.0,2.0,3.0,2.0,4.0,0.0,3.0,12.0
2022-G13,2022,13,2021-12-24,P033,Rowan Baptiste,False,DNP,,,,,,,,,,,
2022-G13,2022,13,2021-12-24,P034,Jaden Rasmussen,False,24:21,3-7,1-3,4-5,1.0,0.0,5.0,1.0,0.0,0.0,1.0,11.0
2022-G13,2022,13,2021-12-24,P037,Micah Farrier,False,8:15,0-0,0-0,1-1,1.0,0.0,1.0,0.0,0.0,0.0,1.0,1.0
2022-G13,2022,13,2021-12-24,P038,Julian Whitcomb,True,37:10,10-15,5-6,1-3,4.0,1.0,1.0,5.0,1.0,1.0,5.0,26.0
2022-G13,2022,13,2021-12-24,P039,Grant Grzelak,True,24:12,3-8,1-5,0-1,0.0,1.0,2.0,0.0,0.0,0.0,1.0,7.0
2022-G13,2022,13,2021-12-24,P040,Xavi Hollenbeck,True,29:44,8-13,2-3,4-4,5.0,6.0,1.0,3.0,3.0,0.0,4.0,22.0
2022-G13,2022,13,2021-12-24,P042,Brandon Fontaine,False,DNP,,,,,,,,,,,
2022-G13,2022,13,2021-12-24,P043,Cole Ustinov,False,DNP,,,,,,,,,,,
2022-G13,2022,13,2021-12-24,P044,Desmond Baptiste,False,15:00,1-3,0-1,1-2,0.0,3.0,0.0,2.0,0.0,1.0,2.0,3.0
2022-G13,2022,13,2021-12-24,P045,Zavier Lindqvist,True,25:47,2-4,0-2,3-3,1.0,2.0,0.0,2.0,0.0,3.0,0.0,7.0
2022-G13,2022,13,2021-12-24,P046,Zavier Cavanaugh,False,DNP,,,,,,,,,,,
2022-G13,2022,13,2021-12-24,P047,Eli Pellegrini,False,DNP,,,,,,,,,,,
2022-G14,2022,14,2021-12-28,P031,Julian Danforth,True,31:35,5-8,3-6,2-3,1.0,2.0,5.0,1.0,2.0,1.0,2.0,15.0
2022-G14,2022,14,2021-12-28,P033,Rowan Baptiste,False,DNP,,,,,,,,,,,
2022-G14,2022,14,2021-12-28,P034,Jaden Rasmussen,False,22:27,3-5,2-3,0-0,2.0,2.0,6.0,1.0,1.0,0.0,5.0,8.0
2022-G14,2022,14,2021-12-28,P037,Micah Farrier,False,DNP,,,,,,,,,,,
2022-G14,2022,14,2021-12-28,P038,Julian Whitcomb,True,33:24,6-13,2-6,3-3,2.0,0.0,0.0,3.0,0.0,0.0,2.0,17.0
2022-G14,2022,14,2021-12-28,P039,Grant Grzelak,True,27:19,3-6,2-5,2-2,0.0,1.0,5.0,0.0,2.0,0.0,1.0,10.0
2022-G14,2022,14,2021-12-28,P040,Xavi Hollenbeck,True,34:59,10-15,4-6,5-5,0.0,4.0,2.0,4.0,3.0,1.0,4.0,29.0
2022-G14,2022,14,2021-12-28,P042,Brandon Fontaine,False,DNP,,,,,,,,,,,
2022-G14,2022,14,2021-12-28,P043,Cole Ustinov,False,8:18,0-5,0-1,3-3,1.0,1.0,3.0,0.0,0.0,1.0,0.0,3.0
2022-G14,2022,14,2021-12-28,P044,Desmond Baptiste,False,13:11,2-3,0-0,0-0,0.0,1.0,1.0,0.0,0.0,1.0,0.0,4.0
2022-G14,2022,14,2021-12-28,P045,Zavier Lindqvist,True,28:47,4-7,2-2,1-1,0.0,2.0,0.0,1.0,0.0,0.0,0.0,11.0
2022-G14,2022,14,2021-12-28,P046,Zavier Cavanaugh,False,DNP,,,,,,,,,,,
2022-G14,2022,14,2021-12-28,P047,Eli Pellegrini,False,DNP,,,,,,,,,,,
2022-G15,2022,15,2022-01-01,P031,Julian Danforth,True,36:21,5-7,3-3,3-3,1.0,2.0,7.0,2.0,0.0,3.0,3.0,16.0
2022-G15,2022,15,2022-01-01,P033,Rowan Baptiste,False,DNP,,,,,,,,,,,
2022-G15,2022,15,2022-01-01,P034,Jaden Rasmussen,False,22:03,3-4,1-2,3-3,0.0,0.0,4.0,0.0,1.0,0.0,0.0,10.0
2022-G15,2022,15,2022-01-01,P037,Micah Farrier,False,DNP,,,,,,,,,,,
2022-G15,2022,15,2022-01-01,P038,Julian Whitcomb,True,36:15,8-15,3-7,2-5,3.0,2.0,3.0,0.0,4.0,2.0,3.0,21.0
2022-G15,2022,15,2022-01-01,P039,Grant Grzelak,True,27:05,4-5,1-2,0-0,0.0,2.0,2.0,3.0,0.0,0.0,2.0,9.0
2022-G15,2022,15,2022-01-01,P040,Xavi Hollenbeck,True,36:45,4-14,1-5,1-1,1.0,5.0,1.0,1.0,2.0,0.0,4.0,10.0
2022-G15,2022,15,2022-01-01,P042,Brandon Fontaine,False,DNP,,,,,,,,,,,
2022-G15,2022,15,2022-01-01,P043,Cole Ustinov,False,DNP,,,,,,,,,,,
2022-G15,2022,15,2022-01-01,P044,Desmond Baptiste,False,DNP,,,,,,,,,,,
2022-G15,2022,15,2022-01-01,P045,Zavier Lindqvist,True,31:54,3-8,0-3,4-4,3.0,3.0,2.0,1.0,0.0,1.0,2.0,10.0
2022-G15,2022,15,2022-01-01,P046,Zavier Cavanaugh,False,6:17,1-2,0-1,1-2,1.0,0.0,1.0,0.0,1.0,0.0,0.0,3.0
2022-G15,2022,15,2022-01-01,P047,Eli Pellegrini,False,3:20,0-1,0-0,0-0,0.0,0.0,0.0,0.0,0.0,0.0,0.0,0.0
2022-G16,2022,16,2022-01-05,P031,Julian Danforth,True,35:46,3-10,0-6,5-5,0.0,1.0,7.0,7.0,2.0,0.0,3.0,11.0
2022-G16,2022,16,2022-01-05,P033,Rowan Baptiste,False,DNP,,,,,,,,,,,
2022-G16,2022,16,2022-01-05,P034,Jaden Rasmussen,False,24:14,3-5,2-3,1-1,2.0,3.0,2.0,0.0,0.0,0.0,1.0,9.0
2022-G16,2022,16,2022-01-05,P037,Micah Farrier,False,DNP,,,,,,,,,,,
2022-G16,2022,16,2022-01-05,P038,Julian Whitcomb,True,29:19,5-14,3-6,4-4,0.0,3.0,0.0,4.0,0.0,0.0,3.0,17.0
2022-G16,2022,16,2022-01-05,P039,Grant Grzelak,True,24:13,7-7,4-4,0-0,0.0,2.0,4.0,1.0,0.0,0.0,4.0,18.0
2022-G16,2022,16,2022-01-05,P040,Xavi Hollenbeck,True,34:00,11-13,3-5,4-4,2.0,4.0,1.0,2.0,0.0,0.0,4.0,29.0
2022-G16,2022,16,2022-01-05,P042,Brandon Fontaine,False,6:53,2-5,0-0,1-2,0.0,1.0,0.0,0.0,0.0,0.0,0.0,5.0
2022-G16,2022,16,2022-01-05,P043,Cole Ustinov,False,DNP,,,,,,,,,,,
2022-G16,2022,16,2022-01-05,P044,Desmond Baptiste,False,14:49,0-1,0-0,0-0,1.0,4.0,1.0,0.0,0.0,0.0,1.0,0.0
2022-G16,2022,16,2022-01-05,P045,Zavier Lindqvist,True,24:16,2-5,0-2,2-2,0.0,4.0,2.0,1.0,2.0,1.0,1.0,6.0
2022-G16,2022,16,2022-01-05,P046,Zavier Cavanaugh,False,6:31,0-1,0-0,0-0,1.0,1.0,0.0,1.0,1.0,0.0,2.0,0.0
2022-G16,2022,16,2022-01-05,P047,Eli Pellegrini,False,DNP,,,,,,,,,,,
2022-G17,2022,17,2022-01-09,P031,Julian Danforth,True,33:18,2-6,1-4,4-5,0.0,3.0,8.0,2.0,1.0,1.0,1.0,9.0
2022-G17,2022,17,2022-01-09,P033,Rowan Baptiste,False,9:55,2-5,2-2,3-3,0.0,0.0,2.0,1.0,2.0,0.0,0.0,9.0
2022-G17,2022,17,2022-01-09,P034,Jaden Rasmussen,False,22:55,1-4,1-2,1-2,0.0,1.0,1.0,2.0,0.0,0.0,2.0,4.0
2022-G17,2022,17,2022-01-09,P037,Micah Farrier,False,6:30,1-2,1-1,0-0,1.0,0.0,0.0,0.0,1.0,0.0,1.0,3.0
2022-G17,2022,17,2022-01-09,P038,Julian Whitcomb,True,32:04,5-13,1-4,2-3,3.0,4.0,0.0,0.0,0.0,0.0,2.0,13.0
2022-G17,2022,17,2022-01-09,P039,Grant Grzelak,True,21:26,2-5,2-4,0-0,1.0,1.0,4.0,3.0,0.0,1.0,4.0,6.0
2022-G17,2022,17,2022-01-09,P040,Xavi Hollenbeck,True,27:18,6-11,3-3,2-3,1.0,3.0,2.0,1.0,1.0,0.0,2.0,17.0
2022-G17,2022,17,2022-01-09,P042,Brandon Fontaine,False,6:05,2-4,0-0,1-1,0.0,1.0,0.0,0.0,0.0,0.0,0.0,5.0
2022-G17,2022,17,2022-01-09,P043,Cole Ustinov,False,6:19,0-0,0-0,1-1,1.0,0.0,0.0,0.0,0.0,0.0,1.0,1.0
2022-G17,2022,17,2022-01-09,P044,Desmond Baptiste,False,DNP,,,,,,,,,,,
2022-G17,2022,17,2022-01-09,P045,Zavier Lindqvist,True,27:33,3-7,1-3,1-1,2.0,2.0,0.0,1.0,0.0,0.0,2.0,8.0
2022-G17,2022,17,2022-01-09,P046,Zavier Cavanaugh,False,6:37,0-0,0-0,0-0,1.0,0.0,0.0,1.0,0.0,0.0,0.0,0.0
2022-G17,2022,17,2022-01-09,P047,Eli Pellegrini,False,DNP,,,,,,,,,,,
2022-G18,2022,18,2022-01-13,P031,Julian Danforth,True,34:02,0-7,0-5,2-2,1.0,1.0,10.0,2.0,1.0,2.0,1.0,2.0
2022-G18,2022,18,2022-01-13,P033,Rowan Baptiste,False,8:55,0-4,0-3,0-0,0.0,0.0,0.0,1.0,2.0,0.0,1.0,0.0
2022-G18,2022,18,2022-01-13,P034,Jaden Rasmussen,False,19:45,3-4,1-1,2-2,0.0,2.0,1.0,1.0,0.0,0.0,1.0,9.0
2022-G18,2022,18,2022-01-13,P037,Micah Farrier,False,6:22,0-2,0-1,2-2,0.0,1.0,1.0,0.0,0.0,0.0,0.0,2.0
2022-G18,2022,18,2022-01-13,P038,Julian Whitcomb,True,29:02,9-12,3-5,1-1,1.0,5.0,0.0,4.0,0.0,0.0,3.0,22.0
2022-G18,2022,18,2022-01-13,P039,Grant Grzelak,True,25:42,3-5,2-3,1-1,0.0,0.0,5.0,1.0,2.0,0.0,4.0,9.0
2022-G18,2022,18,2022-01-13,P040,Xavi Hollenbeck,True,28:22,6-13,0-5,1-1,3.0,3.0,1.0,0.0,0.0,0.0,2.0,13.0
2022-G18,2022,18,2022-01-13,P042,Brandon Fontaine,False,6:43,3-3,0-0,0-0,0.0,0.0,0.0,0.0,0.0,2.0,2.0,6.0
2022-G18,2022,18,2022-01-13,P043,Cole Ustinov,False,DNP,,,,,,,,,,,
2022-G18,2022,18,2022-01-13,P044,Desmond Baptiste,False,13:26,2-2,0-0,3-4,1.0,1.0,0.0,1.0,0.0,0.0,0.0,7.0
2022-G18,2022,18,2022-01-13,P045,Zavier Lindqvist,True,25:01,5-8,1-4,4-4,4.0,3.0,0.0,1.0,1.0,0.0,2.0,15.0
2022-G18,2022,18,2022-01-13,P046,Zavier Cavanaugh,False,DNP,,,,,,,,,,,
2022-G18,2022,18,2022-01-13,P047,Eli Pellegrini,False,2:39,0-0,0-0,0-0,0.0,0.0,0.0,1.0,0.0,1.0,0.0,0.0
2022-G19,2022,19,2022-01-17,P031,Julian Danforth,True,34:02,4-8,1-4,4-4,2.0,1.0,2.0,1.0,1.0,2.0,1.0,13.0
2022-G19,2022,19,2022-01-17,P033,Rowan Baptiste,False,9:15,1-1,0-0,1-1,0.0,0.0,1.0,0.0,1.0,0.0,1.0,3.0
2022-G19,2022,19,2022-01-17,P034,Jaden Rasmussen,False,21:28,4-6,1-3,0-0,0.0,0.0,1.0,3.0,1.0,1.0,1.0,9.0
2022-G19,2022,19,2022-01-17,P037,Micah Farrier,False,DNP,,,,,,,,,,,
2022-G19,2022,19,2022-01-17,P038,Julian Whitcomb,True,29:05,9-12,3-5,3-3,0.0,3.0,0.0,2.0,0.0,1.0,2.0,24.0
2022-G19,2022,19,2022-01-17,P039,Grant Grzelak,True,21:01,3-7,1-3,2-4,2.0,4.0,3.0,0.0,0.0,0.0,2.0,9.0
2022-G19,2022,19,2022-01-17,P040,Xavi Hollenbeck,True,33:09,10-15,3-4,2-3,2.0,6.0,0.0,0.0,2.0,0.0,1.0,25.0
2022-G19,2022,19,2022-01-17,P042,Brandon Fontaine,False,5:57,0-0,0-0,3-3,1.0,1.0,0.0,0.0,0.0,0.0,1.0,3.0
2022-G19,2022,19,2022-01-17,P043,Cole Ustinov,False,6:13,0-2,0-1,0-0,0.0,1.0,1.0,0.0,0.0,0.0,1.0,0.0
2022-G19,2022,19,2022-01-17,P044,Desmond Baptiste,False,DNP,,,,,,,,,,,
2022-G19,2022,19,2022-01-17,P045,Zavier Lindqvist,True,30:00,5-7,2-3,4-4,2.0,1.0,3.0,1.0,0.0,0.0,1.0,16.0
2022-G19,2022,19,2022-01-17,P046,Zavier Cavanaugh,False,6:41,3-4,1-2,2-2,1.0,2.0,0.0,0.0,2.0,0.0,2.0,9.0
2022-G19,2022,19,2022-01-17,P047,Eli Pellegrini,False,3:09,0-0,0-0,2-2,0.0,0.0,0.0,0.0,0.0,0.0,1.0,2.0
2022-G20,2022,20,2022-01-21,P031,Julian Danforth,True,38:13,2-8,1-5,1-1,4.0,1.0,10.0,2.0,1.0,0.0,2.0,6.0
2022-G20,2022,20,2022-01-21,P033,Rowan Baptiste,False,11:27,3-7,0-3,0-2,0.0,0.0,2.0,0.0,0.0,0.0,0.0,6.0
2022-G20,2022,20,2022-01-21,P034,Jaden Rasmussen,False,20:45,2-3,1-2,0-0,0.0,0.0,3.0,0.0,0.0,0.0,0.0,5.0
2022-G20,2022,20,2022-01-21,P037,Micah Farrier,False,7:34,1-3,0-1,1-1,1.0,0.0,0.0,0.0,0.0,0.0,1.0,3.0
2022-G20,2022,20,2022-01-21,P038,Julian Whitcomb,True,30:25,7-12,4-6,5-5,1.0,3.0,3.0,0.0,3.0,1.0,5.0,23.0
2022-G20,2022,20,2022-01-21,P039,Grant Grzelak,True,26:50,4-4,3-3,1-1,1.0,2.0,4.0,2.0,1.0,1.0,3.0,12.0
2022-G20,2022,20,2022-01-21,P040,Xavi Hollenbeck,True,35:08,7-14,2-4,4-5,4.0,7.0,0.0,3.0,0.0,0.0,1.0,20.0
2022-G20,2022,20,2022-01-21,P042,Brandon Fontaine,False,DNP,,,,,,,,,,,
2022-G20,2022,20,2022-01-21,P043,Cole Ustinov,False,DNP,,,,,,,,,,,
2022-G20,2022,20,2022-01-21,P044,Desmond Baptiste,False,DNP,,,,,,,,,,,
2022-G20,2022,20,2022-01-21,P045,Zavier Lindqvist,True,29:39,3-6,1-3,3-4,3.0,6.0,0.0,3.0,0.0,1.0,3.0,10.0
2022-G20,2022,20,2022-01-21,P046,Zavier Cavanaugh,False,DNP,,,,,,,,,,,
2022-G20,2022,20,2022-01-21,P047,Eli Pellegrini,False,DNP,,,,,,,,,,,
2022-G21,2022,21,2022-01-25,P031,Julian Danforth,True,37:09,2-9,1-7,5-5,1.0,5.0,6.0,3.0,1.0,1.0,1.0,10.0
2022-G21,2022,21,2022-01-25,P033,Rowan Baptiste,False,11:18,2-4,1-3,0-0,0.0,3.0,1.0,1.0,0.0,0.0,0.0,5.0
2022-G21,2022,21,2022-01-25,P034,Jaden Rasmussen,False,DNP,,,,,,,,,,,
2022-G21,2022,21,2022-01-25,P037,Micah Farrier,False,7:40,0-1,0-0,0-0,0.0,1.0,0.0,1.0,0.0,0.0,1.0,0.0
2022-G21,2022,21,2022-01-25,P038,Julian Whitcomb,True,29:50,3-10,1-5,1-1,1.0,4.0,2.0,2.0,1.0,0.0,3.0,8.0
2022-G21,2022,21,2022-01-25,P039,Grant Grzelak,True,26:10,4-7,2-4,4-4,1.0,1.0,2.0,2.0,1.0,0.0,1.0,14.0
2022-G21,2022,21,2022-01-25,P040,Xavi Hollenbeck,True,37:23,3-11,0-4,4-5,3.0,6.0,1.0,6.0,2.0,1.0,2.0,10.0
2022-G21,2022,21,2022-01-25,P042,Brandon Fontaine,False,7:02,0-4,0-0,0-0,0.0,2.0,0.0,2.0,0.0,0.0,0.0,0.0
2022-G21,2022,21,2022-01-25,P043,Cole Ustinov,False,7:14,1-2,0-1,0-0,2.0,0.0,0.0,1.0,0.0,0.0,0.0,2.0
2022-G21,2022,21,2022-01-25,P044,Desmond Baptiste,False,DNP,,,,,,,,,,,
2022-G21,2022,21,2022-01-25,P045,Zavier Lindqvist,True,32:39,2-6,0-3,4-4,2.0,5.0,1.0,4.0,0.0,1.0,3.0,8.0
2022-G21,2022,21,2022-01-25,P046,Zavier Cavanaugh,False,DNP,,,,,,,,,,,
2022-G21,2022,21,2022-01-25,P047,Eli Pellegrini,False,3:35,0-2,0-1,2-4,0.0,0.0,1.0,0.0,0.0,0.0,0.0,2.0
2022-G22,2022,22,2022-01-29,P031,Julian Danforth,True,31:50,2-7,2-6,5-5,1.0,1.0,5.0,1.0,0.0,0.0,2.0,11.0
2022-G22,2022,22,2022-01-29,P033,Rowan Baptiste,False,9:09,0-2,0-1,1-2,0.0,0.0,1.0,1.0,0.0,0.0,1.0,1.0
2022-G22,2022,22,2022-01-29,P034,Jaden Rasmussen,False,21:35,3-4,1-2,0-0,1.0,3.0,5.0,0.0,1.0,0.0,0.0,7.0
2022-G22,2022,22,2022-01-29,P037,Micah Farrier,False,7:35,0-0,0-0,0-0,0.0,1.0,0.0,1.0,0.0,0.0,1.0,0.0
2022-G22,2022,22,2022-01-29,P038,Julian Whitcomb,True,31:21,7-14,1-5,5-6,1.0,6.0,0.0,4.0,1.0,0.0,3.0,20.0
2022-G22,2022,22,2022-01-29,P039,Grant Grzelak,True,26:36,3-5,2-3,1-1,2.0,2.0,3.0,5.0,0.0,0.0,3.0,9.0
2022-G22,2022,22,2022-01-29,P040,Xavi Hollenbeck,True,28:21,9-12,3-5,4-4,2.0,0.0,2.0,0.0,1.0,0.0,2.0,25.0
2022-G22,2022,22,2022-01-29,P042,Brandon Fontaine,False,DNP,,,,,,,,,,,
2022-G22,2022,22,2022-01-29,P043,Cole Ustinov,False,DNP,,,,,,,,,,,
2022-G22,2022,22,2022-01-29,P044,Desmond Baptiste,False,12:05,1-1,0-0,0-1,0.0,2.0,2.0,1.0,0.0,0.0,0.0,2.0
2022-G22,2022,22,2022-01-29,P045,Zavier Lindqvist,True,22:40,4-7,0-3,1-1,0.0,0.0,0.0,0.0,0.0,1.0,2.0,9.0
2022-G22,2022,22,2022-01-29,P046,Zavier Cavanaugh,False,5:51,0-1,0-0,1-2,0.0,1.0,0.0,1.0,0.0,0.0,0.0,1.0
2022-G22,2022,22,2022-01-29,P047,Eli Pellegrini,False,2:56,0-0,0-0,1-2,0.0,0.0,0.0,0.0,0.0,0.0,0.0,1.0
2022-G23,2022,23,2022-02-02,P031,Julian Danforth,True,33:44,6-9,4-5,2-3,1.0,0.0,3.0,2.0,1.0,0.0,1.0,18.0
2022-G23,2022,23,2022-02-02,P033,Rowan Baptiste,False,8:45,3-4,2-3,0-0,1.0,0.0,3.0,1.0,0.0,0.0,0.0,8.0
2022-G23,2022,23,2022-02-02,P034,Jaden Rasmussen,False,23:17,3-5,1-3,1-2,1.0,3.0,4.0,1.0,1.0,2.0,1.0,8.0
2022-G23,2022,23,2022-02-02,P037,Micah Farrier,False,DNP,,,,,,,,,,,
2022-G23,2022,23,2022-02-02,P038,Julian Whitcomb,True,33:08,7-14,4-5,5-5,1.0,1.0,3.0,4.0,1.0,1.0,3.0,23.0
2022-G23,2022,23,2022-02-02,P039,Grant Grzelak,True,24:31,2-8,1-5,3-4,0.0,3.0,5.0,0.0,0.0,0.0,3.0,8.0
2022-G23,2022,23,2022-02-02,P040,Xavi Hollenbeck,True,29:26,8-15,1-7,2-2,1.0,4.0,2.0,2.0,1.0,0.0,1.0,19.0
2022-G23,2022,23,2022-02-02,P042,Brandon Fontaine,False,DNP,,,,,,,,,,,
2022-G23,2022,23,2022-02-02,P043,Cole Ustinov,False,6:07,2-4,1-1,0-0,0.0,1.0,0.0,0.0,0.0,0.0,0.0,5.0
2022-G23,2022,23,2022-02-02,P044,Desmond Baptiste,False,12:50,1-4,0-1,0-3,0.0,1.0,1.0,1.0,0.0,0.0,1.0,2.0
2022-G23,2022,23,2022-02-02,P045,Zavier Lindqvist,True,23:11,4-6,2-2,3-4,1.0,5.0,2.0,3.0,0.0,0.0,0.0,13.0
2022-G23,2022,23,2022-02-02,P046,Zavier Cavanaugh,False,5:01,0-4,0-1,2-2,0.0,1.0,1.0,0.0,0.0,0.0,0.0,2.0
2022-G23,2022,23,2022-02-02,P047,Eli Pellegrini,False,DNP,,,,,,,,,,,
2022-G24,2022,24,2022-02-06,P031,Julian Danforth,True,33:01,2-5,1-3,2-3,0.0,0.0,5.0,3.0,0.0,1.0,1.0,7.0
2022-G24,2022,24,2022-02-06,P033,Rowan Baptiste,False,9:54,1-1,0-0,0-0,0.0,1.0,0.0,3.0,1.0,0.0,1.0,2.0
2022-G24,2022,24,2022-02-06,P034,Jaden Rasmussen,False,19:21,3-6,1-3,3-3,1.0,0.0,2.0,2.0,2.0,0.0,1.0,10.0
2022-G24,2022,24,2022-02-06,P037,Micah Farrier,False,DNP,,,,,,,,,,,
2022-G24,2022,24,2022-02-06,P038,Julian Whitcomb,True,35:25,10-13,3-4,4-5,1.0,7.0,6.0,5.0,1.0,1.0,0.0,27.0
2022-G24,2022,24,2022-02-06,P039,Grant Grzelak,True,21:34,2-5,1-3,1-2,2.0,0.0,2.0,0.0,1.0,0.0,4.0,6.0
2022-G24,2022,24,2022-02-06,P040,Xavi Hollenbeck,True,29:47,8-12,2-6,4-4,0.0,4.0,3.0,1.0,0.0,1.0,3.0,22.0
2022-G24,2022,24,2022-02-06,P042,Brandon Fontaine,False,6:57,2-2,0-0,0-1,0.0,2.0,0.0,0.0,0.0,0.0,1.0,4.0
2022-G24,2022,24,2022-02-06,P043,Cole Ustinov,False,DNP,,,,,,,,,,,
2022-G24,2022,24,2022-02-06,P044,Desmond Baptiste,False,11:26,2-2,0-0,0-0,0.0,3.0,1.0,1.0,0.0,1.0,0.0,4.0
2022-G24,2022,24,2022-02-06,P045,Zavier Lindqvist,True,24:00,4-4,2-2,1-1,2.0,1.0,0.0,0.0,1.0,0.0,0.0,11.0
2022-G24,2022,24,2022-02-06,P046,Zavier Cavanaugh,False,5:25,1-2,0-1,0-0,0.0,1.0,0.0,0.0,1.0,0.0,0.0,2.0
2022-G24,2022,24,2022-02-06,P047,Eli Pellegrini,False,3:10,0-1,0-0,1-2,0.0,1.0,1.0,0.0,0.0,0.0,0.0,1.0
2022-G25,2022,25,2022-02-10,P031,Julian Danforth,True,27:11,3-7,3-5,4-5,1.0,0.0,3.0,3.0,1.0,0.0,3.0,13.0
2022-G25,2022,25,2022-02-10,P033,Rowan Baptiste,False,10:11,1-3,1-1,1-1,0.0,0.0,0.0,0.0,0.0,0.0,3.0,4.0
2022-G25,2022,25,2022-02-10,P034,Jaden Rasmussen,False,22:19,4-5,2-3,2-4,1.0,1.0,3.0,1.0,2.0,1.0,0.0,12.0
2022-G25,2022,25,2022-02-10,P037,Micah Farrier,False,DNP,,,,,,,,,,,
2022-G25,2022,25,2022-02-10,P038,Julian Whitcomb,True,35:07,7-14,4-8,5-5,3.0,7.0,0.0,1.0,0.0,1.0,5.0,23.0
2022-G25,2022,25,2022-02-10,P039,Grant Grzelak,True,26:26,4-5,2-3,0-1,0.0,2.0,0.0,3.0,0.0,0.0,0.0,10.0
2022-G25,2022,25,2022-02-10,P040,Xavi Hollenbeck,True,30:27,6-13,0-4,3-5,1.0,5.0,0.0,3.0,1.0,3.0,2.0,15.0
2022-G25,2022,25,2022-02-10,P042,Brandon Fontaine,False,DNP,,,,,,,,,,,
2022-G25,2022,25,2022-02-10,P043,Cole Ustinov,False,DNP,,,,,,,,,,,
2022-G25,2022,25,2022-02-10,P044,Desmond Baptiste,False,11:06,1-5,0-1,3-3,1.0,3.0,1.0,2.0,0.0,0.0,0.0,5.0
2022-G25,2022,25,2022-02-10,P045,Zavier Lindqvist,True,29:22,3-9,0-3,4-4,0.0,2.0,1.0,0.0,2.0,0.0,1.0,10.0
2022-G25,2022,25,2022-02-10,P046,Zavier Cavanaugh,False,5:05,0-2,0-1,0-1,1.0,0.0,0.0,2.0,0.0,0.0,0.0,0.0
2022-G25,2022,25,2022-02-10,P047,Eli Pellegrini,False,2:46,1-2,0-1,0-0,1.0,0.0,0.0,0.0,0.0,0.0,0.0,2.0
2022-G26,2022,26,2022-02-14,P031,Julian Danforth,True,34:14,2-7,2-5,2-3,0.0,3.0,6.0,3.0,1.0,1.0,4.0,8.0
2022-G26,2022,26,2022-02-14,P033,Rowan Baptiste,False,DNP,,,,,,,,,,,
2022-G26,2022,26,2022-02-14,P034,Jaden Rasmussen,False,21:35,1-6,0-2,2-3,1.0,2.0,2.0,1.0,1.0,0.0,4.0,4.0
2022-G26,2022,26,2022-02-14,P037,Micah Farrier,False,DNP,,,,,,,,,,,
2022-G26,2022,26,2022-02-14,P038,Julian Whitcomb,True,35:59,10-12,5-6,5-5,3.0,8.0,4.0,4.0,4.0,1.0,3.0,30.0
2022-G26,2022,26,2022-02-14,P039,Grant Grzelak,True,23:47,1-6,0-4,1-2,1.0,4.0,2.0,0.0,3.0,0.0,5.0,3.0
2022-G26,2022,26,2022-02-14,P040,Xavi Hollenbeck,True,33:33,3-11,1-4,4-4,1.0,5.0,1.0,1.0,1.0,0.0,2.0,11.0
2022-G26,2022,26,2022-02-14,P042,Brandon Fontaine,False,5:54,1-2,0-0,1-3,1.0,0.0,0.0,1.0,0.0,0.0,1.0,3.0
2022-G26,2022,26,2022-02-14,P043,Cole Ustinov,False,DNP,,,,,,,,,,,
2022-G26,2022,26,2022-02-14,P044,Desmond Baptiste,False,14:42,1-3,0-1,2-3,1.0,4.0,2.0,0.0,1.0,1.0,0.0,4.0
2022-G26,2022,26,2022-02-14,P045,Zavier Lindqvist,True,30:15,4-7,1-2,2-2,2.0,4.0,0.0,3.0,0.0,0.0,2.0,11.0
2022-G26,2022,26,2022-02-14,P046,Zavier Cavanaugh,False,DNP,,,,,,,,,,,
2022-G26,2022,26,2022-02-14,P047,Eli Pellegrini,False,DNP,,,,,,,,,,,
2022-G27,2022,27,2022-02-18,P031,Julian Danforth,True,31:47,4-7,2-5,0-0,0.0,2.0,5.0,3.0,4.0,2.0,3.0,10.0
2022-G27,2022,27,2022-02-18,P033,Rowan Baptiste,False,10:47,2-4,1-2,2-3,0.0,0.0,1.0,0.0,1.0,0.0,3.0,7.0
2022-G27,2022,27,2022-02-18,P034,Jaden Rasmussen,False,19:32,4-5,2-3,2-3,0.0,1.0,2.0,0.0,0.0,0.0,2.0,12.0
2022-G27,2022,27,2022-02-18,P037,Micah Farrier,False,6:50,0-0,0-0,0-0,0.0,1.0,0.0,0.0,0.0,0.0,0.0,0.0
2022-G27,2022,27,2022-02-18,P038,Julian Whitcomb,True,33:19,5-12,1-6,0-0,3.0,4.0,3.0,1.0,0.0,0.0,4.0,11.0
2022-G27,2022,27,2022-02-18,P039,Grant Grzelak,True,20:48,4-7,2-4,3-3,0.0,1.0,3.0,4.0,1.0,0.0,0.0,13.0
2022-G27,2022,27,2022-02-18,P040,Xavi Hollenbeck,True,26:43,7-11,2-4,1-2,0.0,8.0,3.0,2.0,2.0,0.0,0.0,17.0
2022-G27,2022,27,2022-02-18,P042,Brandon Fontaine,False,DNP,,,,,,,,,,,
2022-G27,2022,27,2022-02-18,P043,Cole Ustinov,False,6:40,2-4,0-1,3-4,2.0,2.0,0.0,0.0,0.0,0.0,0.0,7.0
2022-G27,2022,27,2022-02-18,P044,Desmond Baptiste,False,11:41,1-5,0-1,2-3,0.0,1.0,1.0,0.0,0.0,0.0,1.0,4.0
2022-G27,2022,27,2022-02-18,P045,Zavier Lindqvist,True,25:44,4-7,1-3,1-1,1.0,1.0,0.0,3.0,0.0,0.0,3.0,10.0
2022-G27,2022,27,2022-02-18,P046,Zavier Cavanaugh,False,6:08,0-2,0-1,0-0,0.0,1.0,0.0,0.0,0.0,0.0,1.0,0.0
2022-G27,2022,27,2022-02-18,P047,Eli Pellegrini,False,DNP,,,,,,,,,,,
2022-G28,2022,28,2022-02-22,P031,Julian Danforth,True,30:18,4-8,2-4,3-4,1.0,3.0,4.0,0.0,0.0,2.0,1.0,13.0
2022-G28,2022,28,2022-02-22,P033,Rowan Baptiste,False,DNP,,,,,,,,,,,
2022-G28,2022,28,2022-02-22,P034,Jaden Rasmussen,False,23:02,3-6,1-2,2-3,0.0,2.0,6.0,2.0,2.0,0.0,4.0,9.0
2022-G28,2022,28,2022-02-22,P037,Micah Farrier,False,7:45,0-0,0-0,0-0,1.0,1.0,1.0,0.0,0.0,0.0,1.0,0.0
2022-G28,2022,28,2022-02-22,P038,Julian Whitcomb,True,35:24,6-12,2-4,3-4,3.0,7.0,2.0,0.0,1.0,1.0,3.0,17.0
2022-G28,2022,28,2022-02-22,P039,Grant Grzelak,True,20:26,2-4,1-3,0-0,1.0,1.0,3.0,2.0,0.0,0.0,1.0,5.0
2022-G28,2022,28,2022-02-22,P040,Xavi Hollenbeck,True,30:32,5-13,2-4,2-4,2.0,9.0,1.0,4.0,0.0,0.0,3.0,14.0
2022-G28,2022,28,2022-02-22,P042,Brandon Fontaine,False,6:05,0-0,0-0,0-1,0.0,4.0,0.0,2.0,0.0,1.0,0.0,0.0
2022-G28,2022,28,2022-02-22,P043,Cole Ustinov,False,DNP,,,,,,,,,,,
2022-G28,2022,28,2022-02-22,P044,Desmond Baptiste,False,13:04,1-2,0-0,1-1,1.0,2.0,1.0,1.0,0.0,0.0,2.0,3.0
2022-G28,2022,28,2022-02-22,P045,Zavier Lindqvist,True,25:08,1-5,1-2,0-2,0.0,4.0,2.0,1.0,0.0,0.0,0.0,3.0
2022-G28,2022,28,2022-02-22,P046,Zavier Cavanaugh,False,5:33,0-1,0-0,1-1,0.0,0.0,0.0,1.0,0.0,0.0,1.0,1.0
2022-G28,2022,28,2022-02-22,P047,Eli Pellegrini,False,2:44,0-1,0-0,0-0,0.0,0.0,0.0,0.0,0.0,0.0,0.0,0.0
2022-G29,2022,29,2022-02-26,P031,Julian Danforth,True,37:34,4-9,1-5,3-4,2.0,3.0,4.0,2.0,2.0,0.0,3.0,12.0
2022-G29,2022,29,2022-02-26,P033,Rowan Baptiste,False,9:13,4-5,1-2,1-1,0.0,0.0,1.0,0.0,1.0,0.0,0.0,10.0
2022-G29,2022,29,2022-02-26,P034,Jaden Rasmussen,False,DNP,,,,,,,,,,,
2022-G29,2022,29,2022-02-26,P037,Micah Farrier,False,DNP,,,,,,,,,,,
2022-G29,2022,29,2022-02-26,P038,Julian Whitcomb,True,31:25,6-13,3-5,3-4,2.0,3.0,0.0,3.0,0.0,0.0,2.0,18.0
2022-G29,2022,29,2022-02-26,P039,Grant Grzelak,True,28:54,2-7,1-5,2-2,1.0,3.0,4.0,3.0,1.0,1.0,2.0,7.0
2022-G29,2022,29,2022-02-26,P040,Xavi Hollenbeck,True,34:31,8-14,3-5,3-5,2.0,6.0,2.0,5.0,1.0,0.0,2.0,22.0
2022-G29,2022,29,2022-02-26,P042,Brandon Fontaine,False,DNP,,,,,,,,,,,
2022-G29,2022,29,2022-02-26,P043,Cole Ustinov,False,DNP,,,,,,,,,,,
2022-G29,2022,29,2022-02-26,P044,Desmond Baptiste,False,13:39,2-3,0-0,2-3,0.0,0.0,0.0,0.0,0.0,0.0,0.0,6.0
2022-G29,2022,29,2022-02-26,P045,Zavier Lindqvist,True,34:09,5-9,0-3,0-1,0.0,5.0,2.0,0.0,0.0,0.0,2.0,10.0
2022-G29,2022,29,2022-02-26,P046,Zavier Cavanaugh,False,7:28,0-1,0-0,0-0,0.0,0.0,1.0,0.0,0.0,0.0,0.0,0.0
2022-G29,2022,29,2022-02-26,P047,Eli Pellegrini,False,3:06,1-2,0-1,2-3,0.0,0.0,1.0,1.0,0.0,0.0,0.0,4.0
2022-G30,2022,30,2022-03-02,P031,Julian Danforth,True,33:21,5-8,3-6,4-5,3.0,0.0,2.0,3.0,2.0,2.0,1.0,17.0
2022-G30,2022,30,2022-03-02,P033,Rowan Baptiste,False,DNP,,,,,,,,,,,
2022-G30,2022,30,2022-03-02,P034,Jaden Rasmussen,False,22:28,4-7,3-4,2-2,3.0,0.0,0.0,1.0,0.0,1.0,4.0,13.0
2022-G30,2022,30,2022-03-02,P037,Micah Farrier,False,DNP,,,,,,,,,,,
2022-G30,2022,30,2022-03-02,P038,Julian Whitcomb,True,33:16,5-13,2-6,3-3,3.0,3.0,1.0,2.0,0.0,0.0,2.0,15.0
2022-G30,2022,30,2022-03-02,P039,Grant Grzelak,True,28:45,1-6,1-4,6-7,0.0,3.0,2.0,2.0,0.0,0.0,3.0,9.0
2022-G30,2022,30,2022-03-02,P040,Xavi Hollenbeck,True,33:19,10-14,4-5,3-3,3.0,2.0,0.0,3.0,1.0,0.0,2.0,27.0
2022-G30,2022,30,2022-03-02,P042,Brandon Fontaine,False,DNP,,,,,,,,,,,
2022-G30,2022,30,2022-03-02,P043,Cole Ustinov,False,9:29,1-4,0-1,0-0,0.0,1.0,1.0,1.0,0.0,1.0,2.0,2.0
2022-G30,2022,30,2022-03-02,P044,Desmond Baptiste,False,DNP,,,,,,,,,,,
2022-G30,2022,30,2022-03-02,P045,Zavier Lindqvist,True,29:06,4-7,2-2,2-2,2.0,4.0,0.0,4.0,0.0,1.0,2.0,12.0
2022-G30,2022,30,2022-03-02,P046,Zavier Cavanaugh,False,6:28,1-2,0-1,0-0,0.0,0.0,0.0,0.0,0.0,1.0,0.0,2.0
2022-G30,2022,30,2022-03-02,P047,Eli Pellegrini,False,3:48,0-1,0-0,0-0,0.0,0.0,1.0,0.0,0.0,0.0,1.0,0.0
2022-G31,2022,31,2022-03-06,P031,Julian Danforth,True,27:42,4-7,2-3,2-2,2.0,1.0,7.0,0.0,0.0,0.0,0.0,12.0
2022-G31,2022,31,2022-03-06,P033,Rowan Baptiste,False,9:07,1-2,1-1,2-2,0.0,0.0,3.0,1.0,1.0,1.0,0.0,5.0
2022-G31,2022,31,2022-03-06,P034,Jaden Rasmussen,False,23:41,3-6,1-3,1-1,1.0,0.0,3.0,3.0,1.0,0.0,1.0,8.0
2022-G31,2022,31,2022-03-06,P037,Micah Farrier,False,6:50,2-2,1-1,0-0,1.0,1.0,1.0,0.0,0.0,0.0,1.0,5.0
2022-G31,2022,31,2022-03-06,P038,Julian Whitcomb,True,28:17,5-10,2-3,4-6,1.0,3.0,1.0,1.0,0.0,0.0,1.0,16.0
2022-G31,2022,31,2022-03-06,P039,Grant Grzelak,True,23:11,2-5,1-2,2-2,0.0,1.0,2.0,1.0,1.0,0.0,2.0,7.0
2022-G31,2022,31,2022-03-06,P040,Xavi Hollenbeck,True,32:29,8-15,4-5,3-5,0.0,5.0,4.0,1.0,1.0,2.0,3.0,23.0
2022-G31,2022,31,2022-03-06,P042,Brandon Fontaine,False,DNP,,,,,,,,,,,
2022-G31,2022,31,2022-03-06,P043,Cole Ustinov,False,7:28,2-3,0-1,2-2,1.0,1.0,0.0,2.0,0.0,0.0,0.0,6.0
2022-G31,2022,31,2022-03-06,P044,Desmond Baptiste,False,13:54,0-1,0-0,0-0,1.0,1.0,0.0,1.0,2.0,0.0,1.0,0.0
2022-G31,2022,31,2022-03-06,P045,Zavier Lindqvist,True,24:40,2-4,1-1,2-2,1.0,2.0,1.0,1.0,2.0,1.0,4.0,7.0
2022-G31,2022,31,2022-03-06,P046,Zavier Cavanaugh,False,DNP,,,,,,,,,,,
2022-G31,2022,31,2022-03-06,P047,Eli Pellegrini,False,2:42,0-1,0-0,0-0,0.0,0.0,0.0,0.0,0.0,0.0,0.0,0.0
2022-G32,2022,32,2022-03-10,P031,Julian Danforth,True,38:51,5-9,3-6,2-3,2.0,5.0,2.0,1.0,3.0,1.0,1.0,15.0
2022-G32,2022,32,2022-03-10,P033,Rowan Baptiste,False,DNP,,,,,,,,,,,
2022-G32,2022,32,2022-03-10,P034,Jaden Rasmussen,False,24:39,5-7,3-5,4-4,0.0,2.0,4.0,1.0,0.0,1.0,2.0,17.0
2022-G32,2022,32,2022-03-10,P037,Micah Farrier,False,DNP,,,,,,,,,,,
2022-G32,2022,32,2022-03-10,P038,Julian Whitcomb,True,38:51,7-16,3-8,4-5,6.0,5.0,1.0,2.0,1.0,0.0,5.0,21.0
2022-G32,2022,32,2022-03-10,P039,Grant Grzelak,True,35:24,5-8,3-4,3-3,0.0,3.0,5.0,4.0,1.0,1.0,5.0,16.0
2022-G32,2022,32,2022-03-10,P040,Xavi Hollenbeck,True,35:45,7-17,5-7,2-2,2.0,3.0,2.0,1.0,2.0,0.0,1.0,21.0
2022-G32,2022,32,2022-03-10,P042,Brandon Fontaine,False,DNP,,,,,,,,,,,
2022-G32,2022,32,2022-03-10,P043,Cole Ustinov,False,8:58,2-5,1-1,0-0,1.0,1.0,0.0,1.0,0.0,0.0,0.0,5.0
2022-G32,2022,32,2022-03-10,P044,Desmond Baptiste,False,DNP,,,,,,,,,,,
2022-G32,2022,32,2022-03-10,P045,Zavier Lindqvist,True,31:10,5-8,0-2,0-2,1.0,7.0,3.0,0.0,3.0,1.0,5.0,10.0
2022-G32,2022,32,2022-03-10,P046,Zavier Cavanaugh,False,7:01,1-2,0-1,1-1,0.0,0.0,0.0,0.0,0.0,0.0,2.0,3.0
2022-G32,2022,32,2022-03-10,P047,Eli Pellegrini,False,4:23,1-1,0-0,0-0,0.0,0.0,0.0,0.0,0.0,0.0,0.0,2.0
2023-G01,2023,1,2022-11-06,P037,Micah Farrier,False,10:34,1-1,0-0,0-0,1.0,0.0,1.0,0.0,2.0,0.0,0.0,2.0
2023-G01,2023,1,2022-11-06,P038,Julian Whitcomb,True,30:36,9-13,3-5,4-5,2.0,3.0,0.0,0.0,1.0,0.0,5.0,25.0
2023-G01,2023,1,2022-11-06,P039,Grant Grzelak,True,26:21,4-5,3-3,0-0,0.0,2.0,6.0,1.0,2.0,0.0,0.0,11.0
2023-G01,2023,1,2022-11-06,P040,Xavi Hollenbeck,True,31:34,9-14,2-6,4-4,0.0,5.0,1.0,0.0,1.0,0.0,1.0,24.0
2023-G01,2023,1,2022-11-06,P042,Brandon Fontaine,False,6:41,0-0,0-0,0-0,0.0,1.0,0.0,0.0,0.0,0.0,0.0,0.0
2023-G01,2023,1,2022-11-06,P043,Cole Ustinov,False,DNP,,,,,,,,,,,
2023-G01,2023,1,2022-11-06,P044,Desmond Baptiste,False,DNP,,,,,,,,,,,
2023-G01,2023,1,2022-11-06,P045,Zavier Lindqvist,True,25:40,4-7,1-3,2-2,2.0,3.0,0.0,3.0,0.0,0.0,0.0,11.0
2023-G01,2023,1,2022-11-06,P046,Zavier Cavanaugh,False,8:44,1-5,1-2,0-1,0.0,1.0,0.0,0.0,0.0,0.0,4.0,3.0
2023-G01,2023,1,2022-11-06,P047,Eli Pellegrini,False,DNP,,,,,,,,,,,
2023-G01,2023,1,2022-11-06,P048,Moussa Baptiste,True,31:06,5-9,1-2,4-6,1.0,3.0,3.0,4.0,1.0,1.0,5.0,15.0
2023-G01,2023,1,2022-11-06,P050,Jaden Larsson,False,7:10,0-1,0-0,0-0,0.0,0.0,2.0,0.0,0.0,1.0,0.0,0.0
2023-G01,2023,1,2022-11-06,P051,Wesley Hollenbeck,False,21:34,5-6,2-2,4-4,0.0,2.0,4.0,0.0,0.0,0.0,0.0,16.0
2023-G02,2023,2,2022-11-10,P037,Micah Farrier,False,DNP,,,,,,,,,,,
2023-G02,2023,2,2022-11-10,P038,Julian Whitcomb,True,31:50,3-11,0-4,3-3,8.0,3.0,1.0,1.0,1.0,1.0,4.0,9.0
2023-G02,2023,2,2022-11-10,P039,Grant Grzelak,True,26:07,3-5,2-3,1-1,0.0,1.0,6.0,0.0,1.0,2.0,3.0,9.0
2023-G02,2023,2,2022-11-10,P040,Xavi Hollenbeck,True,32:37,8-14,0-4,1-5,3.0,1.0,4.0,1.0,1.0,0.0,5.0,17.0
2023-G02,2023,2,2022-11-10,P042,Brandon Fontaine,False,DNP,,,,,,,,,,,
2023-G02,2023,2,2022-11-10,P043,Cole Ustinov,False,DNP,,,,,,,,,,,
2023-G02,2023,2,2022-11-10,P044,Desmond Baptiste,False,16:31,0-2,0-0,0-0,4.0,1.0,1.0,3.0,0.0,0.0,0.0,0.0
2023-G02,2023,2,2022-11-10,P045,Zavier Lindqvist,True,34:06,3-7,1-4,3-3,3.0,2.0,3.0,3.0,3.0,1.0,0.0,10.0
2023-G02,2023,2,2022-11-10,P046,Zavier Cavanaugh,False,DNP,,,,,,,,,,,
2023-G02,2023,2,2022-11-10,P047,Eli Pellegrini,False,DNP,,,,,,,,,,,
2023-G02,2023,2,2022-11-10,P048,Moussa Baptiste,True,30:18,5-7,0-1,3-4,0.0,1.0,0.0,5.0,2.0,0.0,0.0,13.0
2023-G02,2023,2,2022-11-10,P050,Jaden Larsson,False,7:08,1-1,0-0,0-0,0.0,0.0,1.0,0.0,0.0,0.0,0.0,2.0
2023-G02,2023,2,2022-11-10,P051,Wesley Hollenbeck,False,21:23,4-7,1-3,2-3,0.0,1.0,2.0,0.0,0.0,0.0,3.0,11.0
2023-G03,2023,3,2022-11-14,P037,Micah Farrier,False,8:36,0-0,0-0,0-0,0.0,0.0,1.0,0.0,0.0,0.0,0.0,0.0
2023-G03,2023,3,2022-11-14,P038,Julian Whitcomb,True,29:20,4-11,1-4,4-4,1.0,5.0,1.0,3.0,0.0,2.0,3.0,13.0
2023-G03,2023,3,2022-11-14,P039,Grant Grzelak,True,27:58,1-5,0-4,0-0,1.0,1.0,4.0,4.0,0.0,0.0,1.0,2.0
2023-G03,2023,3,2022-11-14,P040,Xavi Hollenbeck,True,29:54,8-12,2-5,2-2,0.0,5.0,3.0,0.0,1.0,0.0,1.0,20.0
2023-G03,2023,3,2022-11-14,P042,Brandon Fontaine,False,6:19,2-2,0-0,0-0,0.0,1.0,1.0,4.0,0.0,0.0,0.0,4.0
2023-G03,2023,3,2022-11-14,P043,Cole Ustinov,False,DNP,,,,,,,,,,,
2023-G03,2023,3,2022-11-14,P044,Desmond Baptiste,False,13:31,1-5,0-1,0-2,1.0,1.0,0.0,2.0,0.0,1.0,3.0,2.0
2023-G03,2023,3,2022-11-14,P045,Zavier Lindqvist,True,26:17,4-6,2-3,3-3,2.0,4.0,0.0,0.0,2.0,0.0,1.0,13.0
2023-G03,2023,3,2022-11-14,P046,Zavier Cavanaugh,False,7:07,0-3,0-1,0-0,0.0,1.0,0.0,0.0,0.0,0.0,0.0,0.0
2023-G03,2023,3,2022-11-14,P047,Eli Pellegrini,False,3:31,0-0,0-0,0-0,0.0,0.0,1.0,0.0,0.0,0.0,0.0,0.0
2023-G03,2023,3,2022-11-14,P048,Moussa Baptiste,True,25:02,4-4,1-1,0-0,1.0,2.0,0.0,3.0,0.0,0.0,1.0,9.0
2023-G03,2023,3,2022-11-14,P050,Jaden Larsson,False,DNP,,,,,,,,,,,
2023-G03,2023,3,2022-11-14,P051,Wesley Hollenbeck,False,22:25,1-5,0-1,1-1,0.0,0.0,3.0,1.0,0.0,0.0,1.0,3.0
2023-G04,2023,4,2022-11-18,P037,Micah Farrier,False,DNP,,,,,,,,,,,
2023-G04,2023,4,2022-11-18,P038,Julian Whitcomb,True,34:34,4-10,3-5,2-3,2.0,5.0,0.0,2.0,0.0,1.0,5.0,13.0
2023-G04,2023,4,2022-11-18,P039,Grant Grzelak,True,28:21,2-3,1-2,4-4,0.0,2.0,7.0,1.0,1.0,0.0,1.0,9.0
2023-G04,2023,4,2022-11-18,P040,Xavi Hollenbeck,True,34:45,6-12,2-5,3-4,0.0,6.0,0.0,1.0,0.0,0.0,2.0,17.0
2023-G04,2023,4,2022-11-18,P042,Brandon Fontaine,False,7:35,1-2,0-0,0-0,0.0,2.0,0.0,0.0,0.0,0.0,0.0,2.0
2023-G04,2023,4,2022-11-18,P043,Cole Ustinov,False,DNP,,,,,,,,,,,
2023-G04,2023,4,2022-11-18,P044,Desmond Baptiste,False,DNP,,,,,,,,,,,
2023-G04,2023,4,2022-11-18,P045,Zavier Lindqvist,True,34:06,5-8,3-3,3-3,1.0,3.0,0.0,2.0,1.0,0.0,0.0,16.0
2023-G04,2023,4,2022-11-18,P046,Zavier Cavanaugh,False,DNP,,,,,,,,,,,
2023-G04,2023,4,2022-11-18,P047,Eli Pellegrini,False,4:23,1-1,0-0,0-0,1.0,0.0,0.0,0.0,0.0,0.0,0.0,2.0
2023-G04,2023,4,2022-11-18,P048,Moussa Baptiste,True,31:05,3-6,1-1,2-3,1.0,6.0,0.0,1.0,2.0,1.0,5.0,9.0
2023-G04,2023,4,2022-11-18,P050,Jaden Larsson,False,6:31,0-0,0-0,0-0,0.0,2.0,1.0,0.0,1.0,0.0,0.0,0.0
2023-G04,2023,4,2022-11-18,P051,Wesley Hollenbeck,False,18:41,1-5,0-2,2-2,1.0,1.0,5.0,1.0,0.0,0.0,2.0,4.0
2023-G05,2023,5,2022-11-22,P037,Micah Farrier,False,DNP,,,,,,,,,,,
2023-G05,2023,5,2022-11-22,P038,Julian Whitcomb,True,33:47,9-14,2-5,2-4,3.0,2.0,1.0,2.0,0.0,1.0,4.0,22.0
2023-G05,2023,5,2022-11-22,P039,Grant Grzelak,True,27:16,5-8,4-6,4-4,0.0,2.0,2.0,4.0,2.0,1.0,0.0,18.0
2023-G05,2023,5,2022-11-22,P040,Xavi Hollenbeck,True,38:10,13-15,5-5,2-5,2.0,5.0,3.0,4.0,1.0,0.0,3.0,33.0
2023-G05,2023,5,2022-11-22,P042,Brandon Fontaine,False,9:59,1-2,0-0,0-0,0.0,0.0,0.0,1.0,0.0,1.0,2.0,2.0
2023-G05,2023,5,2022-11-22,P043,Cole Ustinov,False,DNP,,,,,,,,,,,
2023-G05,2023,5,2022-11-22,P044,Desmond Baptiste,False,DNP,,,,,,,,,,,
2023-G05,2023,5,2022-11-22,P045,Zavier Lindqvist,True,34:32,4-8,1-3,3-5,1.0,1.0,1.0,0.0,2.0,0.0,0.0,12.0
2023-G05,2023,5,2022-11-22,P046,Zavier Cavanaugh,False,10:05,1-1,0-0,0-0,0.0,1.0,0.0,0.0,0.0,0.0,1.0,2.0
2023-G05,2023,5,2022-11-22,P047,Eli Pellegrini,False,5:08,1-1,0-0,1-3,0.0,0.0,1.0,0.0,0.0,0.0,1.0,3.0
2023-G05,2023,5,2022-11-22,P048,Moussa Baptiste,True,31:54,4-8,0-2,3-3,4.0,0.0,0.0,1.0,1.0,0.0,1.0,11.0
2023-G05,2023,5,2022-11-22,P050,Jaden Larsson,False,9:10,1-3,0-1,1-2,0.0,0.0,1.0,0.0,0.0,0.0,2.0,3.0
2023-G05,2023,5,2022-11-22,P051,Wesley Hollenbeck,False,DNP,,,,,,,,,,,
2023-G06,2023,6,2022-11-26,P037,Micah Farrier,False,DNP,,,,,,,,,,,
2023-G06,2023,6,2022-11-26,P038,Julian Whitcomb,True,34:24,7-13,3-5,0-0,5.0,2.0,1.0,4.0,1.0,0.0,2.0,17.0
2023-G06,2023,6,2022-11-26,P039,Grant Grzelak,True,30:48,5-5,3-3,1-1,2.0,4.0,4.0,6.0,1.0,0.0,0.0,14.0
2023-G06,2023,6,2022-11-26,P040,Xavi Hollenbeck,True,32:55,6-12,2-4,0-0,3.0,2.0,2.0,0.0,0.0,0.0,4.0,14.0
2023-G06,2023,6,2022-11-26,P042,Brandon Fontaine,False,DNP,,,,,,,,,,,
2023-G06,2023,6,2022-11-26,P043,Cole Ustinov,False,DNP,,,,,,,,,,,
2023-G06,2023,6,2022-11-26,P044,Desmond Baptiste,False,13:35,1-4,0-1,0-0,0.0,3.0,1.0,2.0,0.0,1.0,1.0,2.0
2023-G06,2023,6,2022-11-26,P045,Zavier Lindqvist,True,27:19,1-4,0-2,0-0,0.0,2.0,0.0,2.0,2.0,0.0,5.0,2.0
2023-G06,2023,6,2022-11-26,P046,Zavier Cavanaugh,False,DNP,,,,,,,,,,,
2023-G06,2023,6,2022-11-26,P047,Eli Pellegrini,False,DNP,,,,,,,,,,,
2023-G06,2023,6,2022-11-26,P048,Moussa Baptiste,True,28:54,5-7,1-2,1-1,5.0,2.0,1.0,2.0,1.0,0.0,3.0,12.0
2023-G06,2023,6,2022-11-26,P050,Jaden Larsson,False,6:40,1-3,0-1,1-1,0.0,1.0,0.0,0.0,0.0,0.0,0.0,3.0
2023-G06,2023,6,2022-11-26,P051,Wesley Hollenbeck,False,25:24,6-6,2-2,1-1,0.0,4.0,3.0,0.0,3.0,0.0,0.0,15.0
2023-G07,2023,7,2022-11-30,P037,Micah Farrier,False,DNP,,,,,,,,,,,
2023-G07,2023,7,2022-11-30,P038,Julian Whitcomb,True,34:02,7-12,1-4,4-7,3.0,3.0,2.0,5.0,1.0,0.0,5.0,19.0
2023-G07,2023,7,2022-11-30,P039,Grant Grzelak,True,27:00,1-3,0-2,0-0,1.0,0.0,4.0,2.0,0.0,0.0,4.0,2.0
2023-G07,2023,7,2022-11-30,P040,Xavi Hollenbeck,True,26:36,3-7,0-3,2-2,2.0,6.0,3.0,1.0,0.0,0.0,2.0,8.0
2023-G07,2023,7,2022-11-30,P042,Brandon Fontaine,False,DNP,,,,,,,,,,,
2023-G07,2023,7,2022-11-30,P043,Cole Ustinov,False,8:42,0-3,0-1,3-4,0.0,0.0,1.0,1.0,0.0,0.0,0.0,3.0
2023-G07,2023,7,2022-11-30,P044,Desmond Baptiste,False,13:22,1-2,0-0,0-0,4.0,4.0,1.0,0.0,0.0,1.0,0.0,2.0
2023-G07,2023,7,2022-11-30,P045,Zavier Lindqvist,True,27:18,6-7,4-4,2-2,1.0,2.0,1.0,1.0,1.0,0.0,3.0,18.0
2023-G07,2023,7,2022-11-30,P046,Zavier Cavanaugh,False,8:42,1-2,0-1,0-0,0.0,0.0,2.0,0.0,0.0,0.0,0.0,2.0
2023-G07,2023,7,2022-11-30,P047,Eli Pellegrini,False,4:35,1-3,0-1,1-1,0.0,0.0,1.0,0.0,0.0,0.0,1.0,3.0
2023-G07,2023,7,2022-11-30,P048,Moussa Baptiste,True,28:55,5-6,1-2,3-3,2.0,5.0,0.0,2.0,2.0,0.0,2.0,14.0
2023-G07,2023,7,2022-11-30,P050,Jaden Larsson,False,DNP,,,,,,,,,,,
2023-G07,2023,7,2022-11-30,P051,Wesley Hollenbeck,False,20:49,2-4,1-1,2-2,0.0,2.0,4.0,1.0,0.0,0.0,2.0,7.0
2023-G08,2023,8,2022-12-04,P037,Micah Farrier,False,DNP,,,,,,,,,,,
2023-G08,2023,8,2022-12-04,P038,Julian Whitcomb,True,29:39,8-10,1-3,1-2,2.0,2.0,0.0,2.0,1.0,0.0,0.0,18.0
2023-G08,2023,8,2022-12-04,P039,Grant Grzelak,True,29:23,1-3,1-2,1-1,3.0,1.0,4.0,1.0,1.0,0.0,1.0,4.0
2023-G08,2023,8,2022-12-04,P040,Xavi Hollenbeck,True,34:42,6-14,2-6,2-3,3.0,4.0,3.0,2.0,0.0,1.0,1.0,16.0
2023-G08,2023,8,2022-12-04,P042,Brandon Fontaine,False,DNP,,,,,,,,,,,
2023-G08,2023,8,2022-12-04,P043,Cole Ustinov,False,DNP,,,,,,,,,,,
2023-G08,2023,8,2022-12-04,P044,Desmond Baptiste,False,16:14,2-4,0-1,0-1,0.0,1.0,2.0,1.0,1.0,1.0,0.0,4.0
2023-G08,2023,8,2022-12-04,P045,Zavier Lindqvist,True,27:01,5-7,1-2,3-4,3.0,1.0,2.0,0.0,0.0,1.0,2.0,14.0
2023-G08,2023,8,2022-12-04,P046,Zavier Cavanaugh,False,DNP,,,,,,,,,,,
2023-G08,2023,8,2022-12-04,P047,Eli Pellegrini,False,5:09,0-0,0-0,0-0,0.0,0.0,0.0,0.0,0.0,0.0,0.0,0.0
2023-G08,2023,8,2022-12-04,P048,Moussa Baptiste,True,31:33,4-8,1-2,5-5,3.0,3.0,2.0,1.0,0.0,0.0,3.0,14.0
2023-G08,2023,8,2022-12-04,P050,Jaden Larsson,False,DNP,,,,,,,,,,,
2023-G08,2023,8,2022-12-04,P051,Wesley Hollenbeck,False,26:18,2-6,1-3,1-3,1.0,1.0,1.0,2.0,0.0,0.0,2.0,6.0
2023-G09,2023,9,2022-12-08,P037,Micah Farrier,False,8:39,0-0,0-0,1-1,0.0,1.0,2.0,1.0,0.0,0.0,0.0,1.0
2023-G09,2023,9,2022-12-08,P038,Julian Whitcomb,True,29:44,5-10,1-5,3-4,0.0,2.0,2.0,2.0,1.0,0.0,5.0,14.0
2023-G09,2023,9,2022-12-08,P039,Grant Grzelak,True,31:00,3-7,0-4,3-4,1.0,1.0,5.0,1.0,1.0,0.0,2.0,9.0
2023-G09,2023,9,2022-12-08,P040,Xavi Hollenbeck,True,29:45,5-12,1-6,2-2,3.0,2.0,2.0,3.0,1.0,0.0,1.0,13.0
2023-G09,2023,9,2022-12-08,P042,Brandon Fontaine,False,8:22,4-4,0-0,1-1,0.0,3.0,0.0,1.0,1.0,0.0,0.0,9.0
2023-G09,2023,9,2022-12-08,P043,Cole Ustinov,False,DNP,,,,,,,,,,,
2023-G09,2023,9,2022-12-08,P044,Desmond Baptiste,False,DNP,,,,,,,,,,,
2023-G09,2023,9,2022-12-08,P045,Zavier Lindqvist,True,36:07,2-8,1-3,2-2,1.0,3.0,2.0,2.0,0.0,0.0,4.0,7.0
2023-G09,2023,9,2022-12-08,P046,Zavier Cavanaugh,False,DNP,,,,,,,,,,,
2023-G09,2023,9,2022-12-08,P047,Eli Pellegrini,False,DNP,,,,,,,,,,,
2023-G09,2023,9,2022-12-08,P048,Moussa Baptiste,True,35:59,2-8,1-2,2-2,1.0,3.0,1.0,1.0,0.0,1.0,4.0,7.0
2023-G09,2023,9,2022-12-08,P050,Jaden Larsson,False,DNP,,,,,,,,,,,
2023-G09,2023,9,2022-12-08,P051,Wesley Hollenbeck,False,20:24,5-6,2-2,2-3,0.0,1.0,1.0,0.0,0.0,1.0,2.0,14.0
2023-G10,2023,10,2022-12-12,P037,Micah Farrier,False,9:48,1-1,0-0,0-1,0.0,1.0,0.0,0.0,1.0,0.0,0.0,2.0
2023-G10,2023,10,2022-12-12,P038,Julian Whitcomb,True,30:00,9-13,3-6,3-4,2.0,2.0,3.0,1.0,1.0,0.0,2.0,24.0
2023-G10,2023,10,2022-12-12,P039,Grant Grzelak,True,25:34,3-5,1-3,1-2,0.0,1.0,4.0,1.0,1.0,0.0,4.0,8.0
2023-G10,2023,10,2022-12-12,P040,Xavi Hollenbeck,True,28:27,7-12,3-4,3-4,0.0,2.0,2.0,1.0,3.0,0.0,3.0,20.0
2023-G10,2023,10,2022-12-12,P042,Brandon Fontaine,False,8:36,1-4,0-0,0-0,2.0,3.0,2.0,0.0,0.0,0.0,2.0,2.0
2023-G10,2023,10,2022-12-12,P043,Cole Ustinov,False,DNP,,,,,,,,,,,
2023-G10,2023,10,2022-12-12,P044,Desmond Baptiste,False,13:56,1-4,0-1,0-0,1.0,1.0,0.0,1.0,0.0,0.0,1.0,2.0
2023-G10,2023,10,2022-12-12,P045,Zavier Lindqvist,True,26:48,3-5,1-3,1-1,0.0,4.0,0.0,3.0,0.0,0.0,2.0,8.0
2023-G10,2023,10,2022-12-12,P046,Zavier Cavanaugh,False,DNP,,,,,,,,,,,
2023-G10,2023,10,2022-12-12,P047,Eli Pellegrini,False,DNP,,,,,,,,,,,
2023-G10,2023,10,2022-12-12,P048,Moussa Baptiste,True,28:50,2-6,0-1,0-0,2.0,3.0,3.0,1.0,0.0,0.0,0.0,4.0
2023-G10,2023,10,2022-12-12,P050,Jaden Larsson,False,5:52,1-1,0-0,0-0,0.0,1.0,0.0,0.0,0.0,0.0,0.0,2.0
2023-G10,2023,10,2022-12-12,P051,Wesley Hollenbeck,False,22:10,2-6,0-2,1-1,1.0,1.0,2.0,2.0,1.0,0.0,2.0,5.0
2023-G11,2023,11,2022-12-16,P037,Micah Farrier,False,DNP,,,,,,,,,,,
2023-G11,2023,11,2022-12-16,P038,Julian Whitcomb,True,29:56,6-11,1-4,5-6,2.0,4.0,0.0,1.0,0.0,1.0,0.0,18.0
2023-G11,2023,11,2022-12-16,P039,Grant Grzelak,True,22:02,2-3,1-1,2-3,3.0,2.0,0.0,2.0,0.0,0.0,0.0,7.0
2023-G11,2023,11,2022-12-16,P040,Xavi Hollenbeck,True,29:24,6-9,1-2,5-5,1.0,3.0,0.0,3.0,2.0,0.0,2.0,18.0
2023-G11,2023,11,2022-12-16,P042,Brandon Fontaine,False,6:40,1-3,0-0,0-1,1.0,3.0,0.0,0.0,1.0,0.0,0.0,2.0
2023-G11,2023,11,2022-12-16,P043,Cole Ustinov,False,8:28,2-4,0-1,1-1,0.0,1.0,0.0,0.0,1.0,0.0,0.0,5.0
2023-G11,2023,11,2022-12-16,P044,Desmond Baptiste,False,14:41,2-5,1-1,3-6,1.0,1.0,0.0,1.0,2.0,0.0,2.0,8.0
2023-G11,2023,11,2022-12-16,P045,Zavier Lindqvist,True,30:53,6-7,2-3,1-1,2.0,5.0,0.0,2.0,1.0,0.0,2.0,15.0
2023-G11,2023,11,2022-12-16,P046,Zavier Cavanaugh,False,6:23,1-1,0-0,1-1,0.0,0.0,0.0,0.0,0.0,0.0,2.0,3.0
2023-G11,2023,11,2022-12-16,P047,Eli Pellegrini,False,DNP,,,,,,,,,,,
2023-G11,2023,11,2022-12-16,P048,Moussa Baptiste,True,29:04,3-7,0-2,1-1,3.0,7.0,1.0,0.0,2.0,1.0,1.0,7.0
2023-G11,2023,11,2022-12-16,P050,Jaden Larsson,False,5:31,0-1,0-0,1-1,0.0,0.0,0.0,0.0,0.0,0.0,1.0,1.0
2023-G11,2023,11,2022-12-16,P051,Wesley Hollenbeck,False,16:58,3-3,1-1,0-0,0.0,2.0,1.0,1.0,0.0,0.0,0.0,7.0
2023-G12,2023,12,2022-12-20,P037,Micah Farrier,False,8:36,0-2,0-1,2-2,0.0,0.0,0.0,0.0,1.0,0.0,2.0,2.0
2023-G12,2023,12,2022-12-20,P038,Julian Whitcomb,True,35:26,8-13,1-4,1-2,2.0,5.0,2.0,0.0,0.0,0.0,0.0,18.0
2023-G12,2023,12,2022-12-20,P039,Grant Grzelak,True,27:08,4-4,3-3,0-0,0.0,1.0,6.0,2.0,1.0,1.0,1.0,11.0
2023-G12,2023,12,2022-12-20,P040,Xavi Hollenbeck,True,35:00,10-14,3-4,3-3,2.0,3.0,1.0,5.0,1.0,0.0,1.0,26.0
2023-G12,2023,12,2022-12-20,P042,Brandon Fontaine,False,DNP,,,,,,,,,,,
2023-G12,2023,12,2022-12-20,P043,Cole Ustinov,False,DNP,,,,,,,,,,,
2023-G12,2023,12,2022-12-20,P044,Desmond Baptiste,False,DNP,,,,,,,,,,,
2023-G12,2023,12,2022-12-20,P045,Zavier Lindqvist,True,29:51,4-7,0-3,2-2,2.0,1.0,2.0,5.0,0.0,0.0,2.0,10.0
2023-G12,2023,12,2022-12-20,P046,Zavier Cavanaugh,False,DNP,,,,,,,,,,,
2023-G12,2023,12,2022-12-20,P047,Eli Pellegrini,False,4:50,0-3,0-1,2-3,0.0,0.0,2.0,0.0,1.0,0.0,0.0,2.0
2023-G12,2023,12,2022-12-20,P048,Moussa Baptiste,True,31:52,4-7,0-2,2-2,1.0,2.0,1.0,5.0,1.0,1.0,0.0,10.0
2023-G12,2023,12,2022-12-20,P050,Jaden Larsson,False,6:30,0-1,0-0,0-0,0.0,1.0,0.0,0.0,1.0,0.0,0.0,0.0
2023-G12,2023,12,2022-12-20,P051,Wesley Hollenbeck,False,20:48,1-4,0-1,0-0,0.0,1.0,0.0,0.0,2.0,0.0,0.0,2.0
2023-G13,2023,13,2022-12-24,P037,Micah Farrier,False,8:50,1-1,0-0,3-3,1.0,1.0,1.0,0.0,0.0,0.0,1.0,5.0
2023-G13,2023,13,2022-12-24,P038,Julian Whitcomb,True,33:10,6-13,2-4,4-4,1.0,8.0,2.0,2.0,2.0,0.0,3.0,18.0
2023-G13,2023,13,2022-12-24,P039,Grant Grzelak,True,24:04,2-5,1-3,2-4,1.0,2.0,2.0,3.0,3.0,0.0,1.0,7.0
2023-G13,2023,13,2022-12-24,P040,Xavi Hollenbeck,True,30:45,11-12,3-4,4-4,2.0,3.0,3.0,1.0,2.0,0.0,1.0,29.0
2023-G13,2023,13,2022-12-24,P042,Brandon Fontaine,False,DNP,,,,,,,,,,,
2023-G13,2023,13,2022-12-24,P043,Cole Ustinov,False,DNP,,,,,,,,,,,
2023-G13,2023,13,2022-12-24,P044,Desmond Baptiste,False,13:46,0-4,0-1,0-0,0.0,3.0,0.0,0.0,0.0,0.0,1.0,0.0
2023-G13,2023,13,2022-12-24,P045,Zavier Lindqvist,True,32:04,5-9,2-5,2-2,4.0,4.0,1.0,2.0,0.0,1.0,4.0,14.0
2023-G13,2023,13,2022-12-24,P046,Zavier Cavanaugh,False,DNP,,,,,,,,,,,
2023-G13,2023,13,2022-12-24,P047,Eli Pellegrini,False,DNP,,,,,,,,,,,
2023-G13,2023,13,2022-12-24,P048,Moussa Baptiste,True,33:17,2-8,0-2,4-4,1.0,1.0,1.0,2.0,1.0,0.0,1.0,8.0
2023-G13,2023,13,2022-12-24,P050,Jaden Larsson,False,DNP,,,,,,,,,,,
2023-G13,2023,13,2022-12-24,P051,Wesley Hollenbeck,False,24:04,1-5,0-2,2-2,2.0,2.0,0.0,0.0,0.0,0.0,1.0,4.0
2023-G14,2023,14,2022-12-28,P037,Micah Farrier,False,7:46,2-3,1-1,0-0,1.0,0.0,0.0,1.0,0.0,0.0,0.0,5.0
2023-G14,2023,14,2022-12-28,P038,Julian Whitcomb,True,32:06,9-12,4-6,1-2,2.0,4.0,1.0,1.0,0.0,0.0,1.0,23.0
2023-G14,2023,14,2022-12-28,P039,Grant Grzelak,True,22:36,2-5,1-3,1-1,0.0,0.0,2.0,0.0,0.0,0.0,0.0,6.0
2023-G14,2023,14,2022-12-28,P040,Xavi Hollenbeck,True,28:56,8-11,3-4,3-3,0.0,7.0,1.0,5.0,1.0,0.0,5.0,22.0
2023-G14,2023,14,2022-12-28,P042,Brandon Fontaine,False,DNP,,,,,,,,,,,
2023-G14,2023,14,2022-12-28,P043,Cole Ustinov,False,8:37,3-3,1-1,2-2,0.0,0.0,1.0,0.0,1.0,0.0,0.0,9.0
2023-G14,2023,14,2022-12-28,P044,Desmond Baptiste,False,12:21,2-5,0-1,4-4,1.0,1.0,1.0,1.0,0.0,0.0,0.0,8.0
2023-G14,2023,14,2022-12-28,P045,Zavier Lindqvist,True,28:38,3-6,1-2,2-2,1.0,0.0,1.0,0.0,0.0,0.0,4.0,9.0
2023-G14,2023,14,2022-12-28,P046,Zavier Cavanaugh,False,7:00,1-1,0-0,0-0,1.0,1.0,0.0,0.0,0.0,0.0,2.0,2.0
2023-G14,2023,14,2022-12-28,P047,Eli Pellegrini,False,DNP,,,,,,,,,,,
2023-G14,2023,14,2022-12-28,P048,Moussa Baptiste,True,31:06,3-6,0-1,1-1,1.0,2.0,1.0,3.0,2.0,1.0,1.0,7.0
2023-G14,2023,14,2022-12-28,P050,Jaden Larsson,False,DNP,,,,,,,,,,,
2023-G14,2023,14,2022-12-28,P051,Wesley Hollenbeck,False,20:54,3-5,2-2,3-4,2.0,0.0,3.0,1.0,0.0,0.0,1.0,11.0
2023-G15,2023,15,2023-01-01,P037,Micah Farrier,False,9:41,0-1,0-0,2-2,1.0,0.0,0.0,0.0,0.0,1.0,1.0,2.0
2023-G15,2023,15,2023-01-01,P038,Julian Whitcomb,True,30:39,6-11,3-6,2-2,3.0,0.0,2.0,2.0,3.0,0.0,2.0,17.0
2023-G15,2023,15,2023-01-01,P039,Grant Grzelak,True,23:22,2-4,2-3,0-0,0.0,0.0,4.0,1.0,0.0,0.0,1.0,6.0
2023-G15,2023,15,2023-01-01,P040,Xavi Hollenbeck,True,25:35,3-9,1-4,0-0,1.0,4.0,2.0,1.0,1.0,1.0,1.0,7.0
2023-G15,2023,15,2023-01-01,P042,Brandon Fontaine,False,6:35,3-3,0-0,0-0,0.0,3.0,0.0,0.0,0.0,0.0,0.0,6.0
2023-G15,2023,15,2023-01-01,P043,Cole Ustinov,False,7:59,1-1,0-0,0-0,0.0,1.0,0.0,0.0,0.0,0.0,0.0,2.0
2023-G15,2023,15,2023-01-01,P044,Desmond Baptiste,False,14:00,1-3,0-0,0-0,1.0,4.0,0.0,0.0,0.0,1.0,0.0,2.0
2023-G15,2023,15,2023-01-01,P045,Zavier Lindqvist,True,26:48,2-5,0-2,2-2,3.0,2.0,2.0,1.0,1.0,0.0,1.0,6.0
2023-G15,2023,15,2023-01-01,P046,Zavier Cavanaugh,False,DNP,,,,,,,,,,,
2023-G15,2023,15,2023-01-01,P047,Eli Pellegrini,False,3:53,1-2,0-1,2-2,0.0,0.0,0.0,0.0,0.0,0.0,0.0,4.0
2023-G15,2023,15,2023-01-01,P048,Moussa Baptiste,True,31:29,5-7,0-2,2-2,1.0,2.0,3.0,1.0,1.0,1.0,2.0,12.0
2023-G15,2023,15,2023-01-01,P050,Jaden Larsson,False,DNP,,,,,,,,,,,
2023-G15,2023,15,2023-01-01,P051,Wesley Hollenbeck,False,20:00,2-5,0-1,1-1,0.0,1.0,1.0,2.0,0.0,0.0,3.0,5.0
2023-G16,2023,16,2023-01-05,P037,Micah Farrier,False,DNP,,,,,,,,,,,
2023-G16,2023,16,2023-01-05,P038,Julian Whitcomb,True,27:43,5-10,2-4,7-7,1.0,3.0,1.0,3.0,1.0,0.0,2.0,19.0
2023-G16,2023,16,2023-01-05,P039,Grant Grzelak,True,27:45,5-7,4-5,4-4,1.0,0.0,1.0,1.0,1.0,0.0,0.0,18.0
2023-G16,2023,16,2023-01-05,P040,Xavi Hollenbeck,True,31:33,7-13,2-4,5-5,1.0,5.0,1.0,3.0,0.0,0.0,0.0,21.0
2023-G16,2023,16,2023-01-05,P042,Brandon Fontaine,False,8:36,1-2,0-0,2-2,0.0,3.0,0.0,0.0,0.0,0.0,0.0,4.0
2023-G16,2023,16,2023-01-05,P043,Cole Ustinov,False,DNP,,,,,,,,,,,
2023-G16,2023,16,2023-01-05,P044,Desmond Baptiste,False,DNP,,,,,,,,,,,
2023-G16,2023,16,2023-01-05,P045,Zavier Lindqvist,True,31:28,5-8,2-4,1-1,2.0,3.0,2.0,7.0,3.0,0.0,2.0,13.0
2023-G16,2023,16,2023-01-05,P046,Zavier Cavanaugh,False,8:07,0-2,0-1,1-1,0.0,1.0,0.0,1.0,0.0,0.0,4.0,1.0
2023-G16,2023,16,2023-01-05,P047,Eli Pellegrini,False,4:55,0-1,0-0,1-1,0.0,0.0,1.0,0.0,0.0,0.0,0.0,1.0
2023-G16,2023,16,2023-01-05,P048,Moussa Baptiste,True,31:47,4-8,2-2,2-3,1.0,5.0,3.0,0.0,1.0,0.0,2.0,12.0
2023-G16,2023,16,2023-01-05,P050,Jaden Larsson,False,6:52,0-1,0-0,0-0,1.0,1.0,0.0,1.0,1.0,1.0,0.0,0.0
2023-G16,2023,16,2023-01-05,P051,Wesley Hollenbeck,False,21:15,2-5,0-2,0-0,1.0,0.0,3.0,2.0,1.0,1.0,2.0,4.0
2023-G17,2023,17,2023-01-09,P037,Micah Farrier,False,9:28,0-4,0-2,0-0,0.0,2.0,1.0,1.0,0.0,0.0,0.0,0.0
2023-G17,2023,17,2023-01-09,P038,Julian Whitcomb,True,24:20,4-9,3-3,1-2,0.0,4.0,2.0,3.0,1.0,1.0,1.0,12.0
2023-G17,2023,17,2023-01-09,P039,Grant Grzelak,True,22:13,3-5,2-3,0-1,0.0,2.0,2.0,3.0,1.0,0.0,2.0,8.0
2023-G17,2023,17,2023-01-09,P040,Xavi Hollenbeck,True,29:33,8-12,2-3,3-5,1.0,6.0,3.0,2.0,1.0,0.0,2.0,21.0
2023-G17,2023,17,2023-01-09,P042,Brandon Fontaine,False,8:00,1-1,0-0,2-2,1.0,2.0,0.0,1.0,1.0,0.0,1.0,4.0
2023-G17,2023,17,2023-01-09,P043,Cole Ustinov,False,7:52,2-4,1-1,2-2,0.0,0.0,2.0,0.0,0.0,0.0,1.0,7.0
2023-G17,2023,17,2023-01-09,P044,Desmond Baptiste,False,12:45,1-2,0-0,2-2,1.0,4.0,0.0,1.0,0.0,1.0,0.0,4.0
2023-G17,2023,17,2023-01-09,P045,Zavier Lindqvist,True,31:07,5-7,0-2,2-3,3.0,2.0,1.0,1.0,2.0,0.0,5.0,12.0
2023-G17,2023,17,2023-01-09,P046,Zavier Cavanaugh,False,DNP,,,,,,,,,,,
2023-G17,2023,17,2023-01-09,P047,Eli Pellegrini,False,DNP,,,,,,,,,,,
2023-G17,2023,17,2023-01-09,P048,Moussa Baptiste,True,28:32,6-7,1-2,2-2,3.0,4.0,0.0,3.0,2.0,2.0,4.0,15.0
2023-G17,2023,17,2023-01-09,P050,Jaden Larsson,False,6:43,1-2,0-1,0-0,1.0,0.0,1.0,0.0,0.0,0.0,0.0,2.0
2023-G17,2023,17,2023-01-09,P051,Wesley Hollenbeck,False,19:29,4-6,0-2,0-0,0.0,1.0,2.0,2.0,1.0,0.0,2.0,8.0
2023-G18,2023,18,2023-01-13,P037,Micah Farrier,False,DNP,,,,,,,,,,,
2023-G18,2023,18,2023-01-13,P038,Julian Whitcomb,True,29:38,8-11,4-6,4-5,0.0,1.0,3.0,2.0,0.0,0.0,0.0,24.0
2023-G18,2023,18,2023-01-13,P039,Grant Grzelak,True,28:49,2-5,1-2,2-2,1.0,3.0,3.0,2.0,1.0,0.0,0.0,7.0
2023-G18,2023,18,2023-01-13,P040,Xavi Hollenbeck,True,29:52,5-12,2-4,2-3,4.0,4.0,2.0,1.0,3.0,1.0,3.0,14.0
2023-G18,2023,18,2023-01-13,P042,Brandon Fontaine,False,7:13,1-2,0-0,0-0,0.0,0.0,0.0,1.0,1.0,0.0,0.0,2.0
2023-G18,2023,18,2023-01-13,P043,Cole Ustinov,False,9:03,1-4,1-1,0-1,0.0,1.0,1.0,1.0,0.0,0.0,1.0,3.0
2023-G18,2023,18,2023-01-13,P044,Desmond Baptiste,False,15:42,5-6,0-1,1-3,1.0,0.0,0.0,1.0,0.0,2.0,0.0,11.0
2023-G18,2023,18,2023-01-13,P045,Zavier Lindqvist,True,34:45,2-6,0-2,0-0,2.0,6.0,3.0,3.0,0.0,1.0,1.0,4.0
2023-G18,2023,18,2023-01-13,P046,Zavier Cavanaugh,False,8:51,3-4,1-2,2-2,0.0,1.0,0.0,0.0,0.0,0.0,0.0,9.0
2023-G18,2023,18,2023-01-13,P047,Eli Pellegrini,False,DNP,,,,,,,,,,,
2023-G18,2023,18,2023-01-13,P048,Moussa Baptiste,True,36:07,5-8,1-2,2-4,2.0,0.0,0.0,0.0,1.0,3.0,1.0,13.0
2023-G18,2023,18,2023-01-13,P050,Jaden Larsson,False,DNP,,,,,,,,,,,
2023-G18,2023,18,2023-01-13,P051,Wesley Hollenbeck,False,DNP,,,,,,,,,,,
2023-G19,2023,19,2023-01-17,P037,Micah Farrier,False,7:20,0-0,0-0,0-0,1.0,1.0,2.0,0.0,0.0,0.0,1.0,0.0
2023-G19,2023,19,2023-01-17,P038,Julian Whitcomb,True,31:08,6-10,0-3,3-4,2.0,6.0,1.0,2.0,0.0,0.0,3.0,15.0
2023-G19,2023,19,2023-01-17,P039,Grant Grzelak,True,27:36,4-4,3-3,2-2,2.0,4.0,4.0,0.0,0.0,0.0,1.0,13.0
2023-G19,2023,19,2023-01-17,P040,Xavi Hollenbeck,True,27:04,4-10,1-4,3-4,0.0,2.0,2.0,3.0,2.0,0.0,2.0,12.0
2023-G19,2023,19,2023-01-17,P042,Brandon Fontaine,False,7:07,1-2,0-0,0-2,0.0,2.0,0.0,0.0,0.0,0.0,1.0,2.0
2023-G19,2023,19,2023-01-17,P043,Cole Ustinov,False,8:08,1-4,1-1,1-1,0.0,0.0,0.0,0.0,0.0,0.0,0.0,4.0
2023-G19,2023,19,2023-01-17,P044,Desmond Baptiste,False,DNP,,,,,,,,,,,
2023-G19,2023,19,2023-01-17,P045,Zavier Lindqvist,True,31:14,3-5,2-2,1-1,2.0,2.0,3.0,3.0,2.0,2.0,2.0,9.0
2023-G19,2023,19,2023-01-17,P046,Zavier Cavanaugh,False,7:09,0-0,0-0,0-0,1.0,3.0,0.0,2.0,0.0,0.0,0.0,0.0
2023-G19,2023,19,2023-01-17,P047,Eli Pellegrini,False,3:20,0-2,0-1,1-1,0.0,0.0,0.0,0.0,0.0,0.0,0.0,1.0
2023-G19,2023,19,2023-01-17,P048,Moussa Baptiste,True,29:23,4-6,0-1,2-2,3.0,3.0,1.0,2.0,0.0,1.0,4.0,10.0
2023-G19,2023,19,2023-01-17,P050,Jaden Larsson,False,DNP,,,,,,,,,,,
2023-G19,2023,19,2023-01-17,P051,Wesley Hollenbeck,False,20:31,2-6,2-3,2-3,0.0,2.0,4.0,1.0,2.0,0.0,1.0,8.0
2023-G20,2023,20,2023-01-21,P037,Micah Farrier,False,DNP,,,,,,,,,,,
2023-G20,2023,20,2023-01-21,P038,Julian Whitcomb,True,34:46,11-14,5-6,5-6,1.0,4.0,0.0,2.0,2.0,0.0,3.0,32.0
2023-G20,2023,20,2023-01-21,P039,Grant Grzelak,True,26:45,0-8,0-6,2-3,1.0,4.0,5.0,3.0,1.0,0.0,1.0,2.0
2023-G20,2023,20,2023-01-21,P040,Xavi Hollenbeck,True,28:37,5-10,0-4,1-3,1.0,2.0,0.0,0.0,3.0,1.0,0.0,11.0
2023-G20,2023,20,2023-01-21,P042,Brandon Fontaine,False,DNP,,,,,,,,,,,
2023-G20,2023,20,2023-01-21,P043,Cole Ustinov,False,9:31,2-5,1-2,2-2,2.0,1.0,1.0,2.0,0.0,0.0,1.0,7.0
2023-G20,2023,20,2023-01-21,P044,Desmond Baptiste,False,14:17,2-2,0-0,0-0,0.0,2.0,1.0,0.0,0.0,1.0,0.0,4.0
2023-G20,2023,20,2023-01-21,P045,Zavier Lindqvist,True,28:08,4-8,2-4,3-3,0.0,7.0,0.0,1.0,0.0,0.0,5.0,13.0
2023-G20,2023,20,2023-01-21,P046,Zavier Cavanaugh,False,DNP,,,,,,,,,,,
2023-G20,2023,20,2023-01-21,P047,Eli Pellegrini,False,DNP,,,,,,,,,,,
2023-G20,2023,20,2023-01-21,P048,Moussa Baptiste,True,36:57,4-8,0-2,3-4,0.0,5.0,2.0,1.0,1.0,1.0,1.0,11.0
2023-G20,2023,20,2023-01-21,P050,Jaden Larsson,False,DNP,,,,,,,,,,,
2023-G20,2023,20,2023-01-21,P051,Wesley Hollenbeck,False,20:59,4-6,2-3,2-2,0.0,3.0,2.0,1.0,1.0,0.0,2.0,12.0
2023-G21,2023,21,2023-01-25,P037,Micah Farrier,False,11:14,0-2,0-1,0-0,0.0,2.0,3.0,2.0,1.0,0.0,4.0,0.0
2023-G21,2023,21,2023-01-25,P038,Julian Whitcomb,True,37:52,9-15,2-7,4-5,5.0,3.0,2.0,3.0,2.0,0.0,4.0,24.0
2023-G21,2023,21,2023-01-25,P039,Grant Grzelak,True,28:28,1-4,1-3,1-1,1.0,2.0,2.0,3.0,2.0,0.0,2.0,4.0
2023-G21,2023,21,2023-01-25,P040,Xavi Hollenbeck,True,32:38,9-12,2-5,4-5,1.0,2.0,1.0,0.0,0.0,0.0,3.0,24.0
2023-G21,2023,21,2023-01-25,P042,Brandon Fontaine,False,8:25,1-1,0-0,0-1,1.0,2.0,1.0,1.0,0.0,0.0,2.0,2.0
2023-G21,2023,21,2023-01-25,P043,Cole Ustinov,False,DNP,,,,,,,,,,,
2023-G21,2023,21,2023-01-25,P044,Desmond Baptiste,False,DNP,,,,,,,,,,,
2023-G21,2023,21,2023-01-25,P045,Zavier Lindqvist,True,36:15,2-9,0-3,0-0,3.0,5.0,1.0,0.0,1.0,0.0,4.0,4.0
2023-G21,2023,21,2023-01-25,P046,Zavier Cavanaugh,False,8:10,2-4,0-1,2-2,0.0,1.0,0.0,0.0,0.0,0.0,2.0,6.0
2023-G21,2023,21,2023-01-25,P047,Eli Pellegrini,False,DNP,,,,,,,,,,,
2023-G21,2023,21,2023-01-25,P048,Moussa Baptiste,True,36:58,4-11,2-3,3-4,4.0,3.0,3.0,3.0,0.0,0.0,4.0,13.0
2023-G21,2023,21,2023-01-25,P050,Jaden Larsson,False,DNP,,,,,,,,,,,
2023-G21,2023,21,2023-01-25,P051,Wesley Hollenbeck,False,DNP,,,,,,,,,,,
2023-G22,2023,22,2023-01-29,P037,Micah Farrier,False,DNP,,,,,,,,,,,
2023-G22,2023,22,2023-01-29,P038,Julian Whitcomb,True,26:45,7-10,3-5,1-1,2.0,5.0,3.0,3.0,1.0,3.0,2.0,18.0
2023-G22,2023,22,2023-01-29,P039,Grant Grzelak,True,27:15,2-5,1-4,3-3,0.0,4.0,5.0,1.0,0.0,1.0,3.0,8.0
2023-G22,2023,22,2023-01-29,P040,Xavi Hollenbeck,True,29:31,6-12,3-4,3-4,0.0,2.0,1.0,1.0,0.0,2.0,1.0,18.0
2023-G22,2023,22,2023-01-29,P042,Brandon Fontaine,False,7:28,1-3,0-0,1-2,1.0,0.0,1.0,0.0,0.0,0.0,1.0,3.0
2023-G22,2023,22,2023-01-29,P043,Cole Ustinov,False,8:06,0-2,0-0,0-0,0.0,1.0,0.0,0.0,0.0,0.0,1.0,0.0
2023-G22,2023,22,2023-01-29,P044,Desmond Baptiste,False,16:17,1-3,0-0,1-1,2.0,3.0,2.0,0.0,0.0,0.0,1.0,3.0
2023-G22,2023,22,2023-01-29,P045,Zavier Lindqvist,True,33:06,4-8,0-2,1-2,1.0,6.0,2.0,4.0,1.0,1.0,0.0,9.0
2023-G22,2023,22,2023-01-29,P046,Zavier Cavanaugh,False,DNP,,,,,,,,,,,
2023-G22,2023,22,2023-01-29,P047,Eli Pellegrini,False,3:48,0-0,0-0,1-1,0.0,0.0,0.0,0.0,0.0,0.0,1.0,1.0
2023-G22,2023,22,2023-01-29,P048,Moussa Baptiste,True,28:16,4-6,0-1,3-4,1.0,7.0,0.0,1.0,0.0,1.0,0.0,11.0
2023-G22,2023,22,2023-01-29,P050,Jaden Larsson,False,DNP,,,,,,,,,,,
2023-G22,2023,22,2023-01-29,P051,Wesley Hollenbeck,False,19:28,2-6,2-2,0-0,2.0,1.0,5.0,0.0,1.0,0.0,1.0,6.0
2023-G23,2023,23,2023-02-02,P037,Micah Farrier,False,10:01,1-2,0-1,2-2,1.0,0.0,2.0,0.0,0.0,0.0,1.0,4.0
2023-G23,2023,23,2023-02-02,P038,Julian Whitcomb,True,30:10,5-12,2-6,4-4,1.0,1.0,2.0,0.0,0.0,0.0,1.0,16.0
2023-G23,2023,23,2023-02-02,P039,Grant Grzelak,True,25:31,2-6,1-3,0-2,1.0,4.0,6.0,1.0,2.0,0.0,0.0,5.0
2023-G23,2023,23,2023-02-02,P040,Xavi Hollenbeck,True,29:19,8-13,4-5,6-6,1.0,3.0,0.0,3.0,1.0,0.0,3.0,26.0
2023-G23,2023,23,2023-02-02,P042,Brandon Fontaine,False,8:18,0-0,0-0,0-0,2.0,3.0,1.0,0.0,0.0,0.0,2.0,0.0
2023-G23,2023,23,2023-02-02,P043,Cole Ustinov,False,DNP,,,,,,,,,,,
2023-G23,2023,23,2023-02-02,P044,Desmond Baptiste,False,DNP,,,,,,,,,,,
2023-G23,2023,23,2023-02-02,P045,Zavier Lindqvist,True,31:40,6-6,2-2,0-0,0.0,1.0,3.0,3.0,0.0,1.0,2.0,14.0
2023-G23,2023,23,2023-02-02,P046,Zavier Cavanaugh,False,8:22,2-2,1-1,0-0,0.0,1.0,1.0,0.0,0.0,0.0,1.0,5.0
2023-G23,2023,23,2023-02-02,P047,Eli Pellegrini,False,DNP,,,,,,,,,,,
2023-G23,2023,23,2023-02-02,P048,Moussa Baptiste,True,34:40,6-9,1-3,3-3,0.0,5.0,0.0,4.0,2.0,4.0,3.0,16.0
2023-G23,2023,23,2023-02-02,P050,Jaden Larsson,False,DNP,,,,,,,,,,,
2023-G23,2023,23,2023-02-02,P051,Wesley Hollenbeck,False,21:58,1-7,1-2,4-4,1.0,0.0,3.0,2.0,0.0,0.0,0.0,7.0
2023-G24,2023,24,2023-02-06,P037,Micah Farrier,False,7:59,0-0,0-0,2-3,0.0,0.0,2.0,1.0,0.0,0.0,0.0,2.0
2023-G24,2023,24,2023-02-06,P038,Julian Whitcomb,True,27:19,4-10,1-4,2-3,1.0,1.0,0.0,3.0,2.0,1.0,4.0,11.0
2023-G24,2023,24,2023-02-06,P039,Grant Grzelak,True,27:24,2-5,1-4,2-2,3.0,1.0,7.0,2.0,1.0,1.0,0.0,7.0
2023-G24,2023,24,2023-02-06,P040,Xavi Hollenbeck,True,30:49,9-13,0-4,4-5,2.0,2.0,0.0,3.0,0.0,2.0,1.0,22.0
2023-G24,2023,24,2023-02-06,P042,Brandon Fontaine,False,7:50,2-3,0-0,1-1,0.0,2.0,0.0,1.0,1.0,0.0,0.0,5.0
2023-G24,2023,24,2023-02-06,P043,Cole Ustinov,False,DNP,,,,,,,,,,,
2023-G24,2023,24,2023-02-06,P044,Desmond Baptiste,False,12:56,2-2,0-0,0-0,3.0,1.0,0.0,0.0,3.0,1.0,3.0,4.0
2023-G24,2023,24,2023-02-06,P045,Zavier Lindqvist,True,27:40,5-7,2-3,3-4,1.0,1.0,4.0,5.0,3.0,0.0,2.0,15.0
2023-G24,2023,24,2023-02-06,P046,Zavier Cavanaugh,False,7:42,0-2,0-1,0-0,1.0,2.0,0.0,1.0,1.0,0.0,1.0,0.0
2023-G24,2023,24,2023-02-06,P047,Eli Pellegrini,False,DNP,,,,,,,,,,,
2023-G24,2023,24,2023-02-06,P048,Moussa Baptiste,True,31:04,4-8,0-1,1-2,1.0,8.0,1.0,2.0,1.0,0.0,2.0,9.0
2023-G24,2023,24,2023-02-06,P050,Jaden Larsson,False,DNP,,,,,,,,,,,
2023-G24,2023,24,2023-02-06,P051,Wesley Hollenbeck,False,19:17,4-8,0-3,0-0,2.0,0.0,2.0,2.0,0.0,0.0,0.0,8.0
2023-G25,2023,25,2023-02-10,P037,Micah Farrier,False,9:34,0-0,0-0,0-0,0.0,1.0,2.0,0.0,0.0,0.0,0.0,0.0
2023-G25,2023,25,2023-02-10,P038,Julian Whitcomb,True,30:25,7-13,1-6,2-2,5.0,2.0,1.0,0.0,0.0,0.0,1.0,17.0
2023-G25,2023,25,2023-02-10,P039,Grant Grzelak,True,29:11,2-8,2-6,0-0,1.0,2.0,3.0,0.0,0.0,0.0,2.0,6.0
2023-G25,2023,25,2023-02-10,P040,Xavi Hollenbeck,True,32:18,7-14,0-6,2-3,0.0,3.0,2.0,4.0,1.0,0.0,0.0,16.0
2023-G25,2023,25,2023-02-10,P042,Brandon Fontaine,False,DNP,,,,,,,,,,,
2023-G25,2023,25,2023-02-10,P043,Cole Ustinov,False,DNP,,,,,,,,,,,
2023-G25,2023,25,2023-02-10,P044,Desmond Baptiste,False,17:05,1-3,0-0,2-2,0.0,2.0,0.0,1.0,1.0,1.0,3.0,4.0
2023-G25,2023,25,2023-02-10,P045,Zavier Lindqvist,True,29:09,3-6,0-2,3-4,2.0,1.0,2.0,0.0,0.0,0.0,2.0,9.0
2023-G25,2023,25,2023-02-10,P046,Zavier Cavanaugh,False,DNP,,,,,,,,,,,
2023-G25,2023,25,2023-02-10,P047,Eli Pellegrini,False,DNP,,,,,,,,,,,
2023-G25,2023,25,2023-02-10,P048,Moussa Baptiste,True,28:25,5-7,2-2,2-2,1.0,1.0,0.0,3.0,1.0,0.0,5.0,14.0
2023-G25,2023,25,2023-02-10,P050,Jaden Larsson,False,DNP,,,,,,,,,,,
2023-G25,2023,25,2023-02-10,P051,Wesley Hollenbeck,False,23:53,4-7,1-2,1-2,2.0,0.0,2.0,2.0,0.0,0.0,2.0,10.0
2023-G26,2023,26,2023-02-14,P037,Micah Farrier,False,DNP,,,,,,,,,,,
2023-G26,2023,26,2023-02-14,P038,Julian Whitcomb,True,27:53,9-13,5-7,2-2,1.0,5.0,0.0,1.0,0.0,1.0,2.0,25.0
2023-G26,2023,26,2023-02-14,P039,Grant Grzelak,True,27:05,2-7,2-3,1-3,0.0,2.0,7.0,2.0,2.0,2.0,1.0,7.0
2023-G26,2023,26,2023-02-14,P040,Xavi Hollenbeck,True,32:08,6-12,2-5,1-1,0.0,4.0,1.0,2.0,1.0,0.0,0.0,15.0
2023-G26,2023,26,2023-02-14,P042,Brandon Fontaine,False,DNP,,,,,,,,,,,
2023-G26,2023,26,2023-02-14,P043,Cole Ustinov,False,DNP,,,,,,,,,,,
2023-G26,2023,26,2023-02-14,P044,Desmond Baptiste,False,16:36,3-6,0-1,3-4,1.0,5.0,1.0,1.0,1.0,0.0,1.0,9.0
2023-G26,2023,26,2023-02-14,P045,Zavier Lindqvist,True,33:21,6-10,1-3,3-3,1.0,4.0,1.0,0.0,1.0,0.0,4.0,16.0
2023-G26,2023,26,2023-02-14,P046,Zavier Cavanaugh,False,DNP,,,,,,,,,,,
2023-G26,2023,26,2023-02-14,P047,Eli Pellegrini,False,DNP,,,,,,,,,,,
2023-G26,2023,26,2023-02-14,P048,Moussa Baptiste,True,33:46,7-8,2-2,3-3,0.0,4.0,2.0,2.0,4.0,0.0,3.0,19.0
2023-G26,2023,26,2023-02-14,P050,Jaden Larsson,False,6:52,0-4,0-1,0-1,0.0,1.0,0.0,1.0,0.0,0.0,0.0,0.0
2023-G26,2023,26,2023-02-14,P051,Wesley Hollenbeck,False,22:18,2-7,1-3,0-0,1.0,3.0,3.0,2.0,0.0,1.0,2.0,5.0
2023-G27,2023,27,2023-02-18,P037,Micah Farrier,False,DNP,,,,,,,,,,,
2023-G27,2023,27,2023-02-18,P038,Julian Whitcomb,True,31:36,5-11,0-5,3-4,1.0,2.0,1.0,5.0,1.0,1.0,2.0,13.0
2023-G27,2023,27,2023-02-18,P039,Grant Grzelak,True,27:45,2-7,1-6,2-3,0.0,3.0,5.0,2.0,0.0,1.0,2.0,7.0
2023-G27,2023,27,2023-02-18,P040,Xavi Hollenbeck,True,32:15,4-11,2-5,2-3,3.0,6.0,1.0,5.0,0.0,0.0,0.0,12.0
2023-G27,2023,27,2023-02-18,P042,Brandon Fontaine,False,DNP,,,,,,,,,,,
2023-G27,2023,27,2023-02-18,P043,Cole Ustinov,False,9:11,3-4,1-1,1-1,1.0,3.0,0.0,0.0,0.0,0.0,0.0,8.0
2023-G27,2023,27,2023-02-18,P044,Desmond Baptiste,False,DNP,,,,,,,,,,,
2023-G27,2023,27,2023-02-18,P045,Zavier Lindqvist,True,31:47,5-6,3-3,0-1,1.0,3.0,2.0,0.0,2.0,1.0,5.0,13.0
2023-G27,2023,27,2023-02-18,P046,Zavier Cavanaugh,False,7:08,1-1,0-0,0-0,0.0,3.0,0.0,0.0,0.0,0.0,0.0,2.0
2023-G27,2023,27,2023-02-18,P047,Eli Pellegrini,False,DNP,,,,,,,,,,,
2023-G27,2023,27,2023-02-18,P048,Moussa Baptiste,True,31:34,2-5,0-1,0-3,1.0,5.0,2.0,4.0,1.0,1.0,2.0,4.0
2023-G27,2023,27,2023-02-18,P050,Jaden Larsson,False,5:57,2-4,1-2,0-0,0.0,2.0,1.0,1.0,0.0,0.0,2.0,5.0
2023-G27,2023,27,2023-02-18,P051,Wesley Hollenbeck,False,22:47,3-4,0-1,1-1,1.0,2.0,3.0,6.0,1.0,0.0,2.0,7.0
2023-G28,2023,28,2023-02-22,P037,Micah Farrier,False,DNP,,,,,,,,,,,
2023-G28,2023,28,2023-02-22,P038,Julian Whitcomb,True,29:03,7-12,1-4,1-1,0.0,7.0,3.0,0.0,1.0,0.0,2.0,16.0
2023-G28,2023,28,2023-02-22,P039,Grant Grzelak,True,26:31,2-6,1-4,2-3,0.0,1.0,3.0,0.0,1.0,0.0,5.0,7.0
2023-G28,2023,28,2023-02-22,P040,Xavi Hollenbeck,True,29:56,9-14,2-5,3-4,2.0,3.0,0.0,1.0,1.0,0.0,2.0,23.0
2023-G28,2023,28,2023-02-22,P042,Brandon Fontaine,False,DNP,,,,,,,,,,,
2023-G28,2023,28,2023-02-22,P043,Cole Ustinov,False,10:49,0-4,0-1,0-0,1.0,2.0,1.0,0.0,0.0,0.0,1.0,0.0
2023-G28,2023,28,2023-02-22,P044,Desmond Baptiste,False,DNP,,,,,,,,,,,
2023-G28,2023,28,2023-02-22,P045,Zavier Lindqvist,True,37:23,6-11,2-5,3-3,3.0,4.0,4.0,1.0,1.0,0.0,4.0,17.0
2023-G28,2023,28,2023-02-22,P046,Zavier Cavanaugh,False,DNP,,,,,,,,,,,
2023-G28,2023,28,2023-02-22,P047,Eli Pellegrini,False,5:21,1-2,0-1,1-2,0.0,0.0,0.0,0.0,0.0,0.0,1.0,3.0
2023-G28,2023,28,2023-02-22,P048,Moussa Baptiste,True,38:03,5-9,2-2,4-4,1.0,3.0,1.0,1.0,2.0,2.0,3.0,16.0
2023-G28,2023,28,2023-02-22,P050,Jaden Larsson,False,DNP,,,,,,,,,,,
2023-G28,2023,28,2023-02-22,P051,Wesley Hollenbeck,False,22:54,3-7,1-2,2-3,1.0,1.0,3.0,2.0,2.0,1.0,1.0,9.0
2023-G29,2023,29,2023-02-26,P037,Micah Farrier,False,8:29,0-2,0-1,1-1,1.0,1.0,0.0,1.0,0.0,0.0,0.0,1.0
2023-G29,2023,29,2023-02-26,P038,Julian Whitcomb,True,26:48,9-12,2-4,5-5,1.0,2.0,1.0,4.0,0.0,0.0,1.0,25.0
2023-G29,2023,29,2023-02-26,P039,Grant Grzelak,True,22:33,1-4,0-3,0-0,0.0,2.0,1.0,3.0,0.0,1.0,1.0,2.0
2023-G29,2023,29,2023-02-26,P040,Xavi Hollenbeck,True,28:33,8-11,3-5,0-0,3.0,3.0,1.0,1.0,1.0,0.0,2.0,19.0
2023-G29,2023,29,2023-02-26,P042,Brandon Fontaine,False,8:24,2-3,0-0,0-0,2.0,1.0,1.0,2.0,0.0,0.0,0.0,4.0
2023-G29,2023,29,2023-02-26,P043,Cole Ustinov,False,7:47,2-4,1-1,0-0,0.0,0.0,2.0,0.0,1.0,0.0,1.0,5.0
2023-G29,2023,29,2023-02-26,P044,Desmond Baptiste,False,16:37,1-3,0-0,3-3,0.0,3.0,2.0,3.0,0.0,1.0,2.0,5.0
2023-G29,2023,29,2023-02-26,P045,Zavier Lindqvist,True,27:49,2-7,1-4,1-2,1.0,5.0,3.0,2.0,2.0,0.0,4.0,6.0
2023-G29,2023,29,2023-02-26,P046,Zavier Cavanaugh,False,DNP,,,,,,,,,,,
2023-G29,2023,29,2023-02-26,P047,Eli Pellegrini,False,DNP,,,,,,,,,,,
2023-G29,2023,29,2023-02-26,P048,Moussa Baptiste,True,30:08,3-7,2-2,2-2,3.0,3.0,2.0,1.0,1.0,0.0,3.0,10.0
2023-G29,2023,29,2023-02-26,P050,Jaden Larsson,False,DNP,,,,,,,,,,,
2023-G29,2023,29,2023-02-26,P051,Wesley Hollenbeck,False,22:51,3-3,1-1,4-4,3.0,1.0,1.0,0.0,1.0,1.0,1.0,11.0
2023-G30,2023,30,2023-03-02,P037,Micah Farrier,False,DNP,,,,,,,,,,,
2023-G30,2023,30,2023-03-02,P038,Julian Whitcomb,True,27:10,6-8,3-3,1-1,1.0,5.0,0.0,1.0,1.0,1.0,0.0,16.0
2023-G30,2023,30,2023-03-02,P039,Grant Grzelak,True,29:11,3-4,3-3,1-1,0.0,5.0,5.0,1.0,0.0,0.0,3.0,10.0
2023-G30,2023,30,2023-03-02,P040,Xavi Hollenbeck,True,30:11,9-10,4-5,3-3,4.0,3.0,0.0,4.0,0.0,0.0,4.0,25.0
2023-G30,2023,30,2023-03-02,P042,Brandon Fontaine,False,7:48,0-2,0-0,2-2,1.0,2.0,0.0,0.0,0.0,0.0,0.0,2.0
2023-G30,2023,30,2023-03-02,P043,Cole Ustinov,False,DNP,,,,,,,,,,,
2023-G30,2023,30,2023-03-02,P044,Desmond Baptiste,False,14:36,1-3,0-0,2-2,1.0,2.0,0.0,0.0,0.0,0.0,0.0,4.0
2023-G30,2023,30,2023-03-02,P045,Zavier Lindqvist,True,29:12,3-5,1-2,2-3,1.0,1.0,1.0,0.0,2.0,1.0,3.0,9.0
2023-G30,2023,30,2023-03-02,P046,Zavier Cavanaugh,False,7:36,1-2,1-1,2-2,1.0,0.0,2.0,0.0,0.0,0.0,2.0,5.0
2023-G30,2023,30,2023-03-02,P047,Eli Pellegrini,False,DNP,,,,,,,,,,,
2023-G30,2023,30,2023-03-02,P048,Moussa Baptiste,True,30:20,4-7,2-2,2-2,0.0,1.0,1.0,2.0,2.0,0.0,3.0,12.0
2023-G30,2023,30,2023-03-02,P050,Jaden Larsson,False,DNP,,,,,,,,,,,
2023-G30,2023,30,2023-03-02,P051,Wesley Hollenbeck,False,23:55,4-5,1-2,2-2,2.0,4.0,7.0,4.0,2.0,0.0,1.0,11.0
2023-G31,2023,31,2023-03-06,P037,Micah Farrier,False,11:27,2-2,1-1,1-2,0.0,0.0,0.0,1.0,0.0,1.0,1.0,6.0
2023-G31,2023,31,2023-03-06,P038,Julian Whitcomb,True,32:34,4-13,0-5,1-2,3.0,3.0,1.0,0.0,3.0,0.0,3.0,9.0
2023-G31,2023,31,2023-03-06,P039,Grant Grzelak,True,29:24,6-8,4-5,2-3,0.0,1.0,6.0,1.0,1.0,0.0,5.0,18.0
2023-G31,2023,31,2023-03-06,P040,Xavi Hollenbeck,True,29:43,9-12,3-4,5-5,3.0,1.0,5.0,4.0,1.0,0.0,2.0,26.0
2023-G31,2023,31,2023-03-06,P042,Brandon Fontaine,False,DNP,,,,,,,,,,,
2023-G31,2023,31,2023-03-06,P043,Cole Ustinov,False,9:19,2-5,1-1,1-1,0.0,2.0,0.0,0.0,0.0,0.0,1.0,6.0
2023-G31,2023,31,2023-03-06,P044,Desmond Baptiste,False,18:42,1-5,0-1,0-0,0.0,1.0,2.0,1.0,0.0,2.0,1.0,2.0
2023-G31,2023,31,2023-03-06,P045,Zavier Lindqvist,True,31:15,4-10,0-3,1-2,0.0,5.0,0.0,3.0,0.0,1.0,4.0,9.0
2023-G31,2023,31,2023-03-06,P046,Zavier Cavanaugh,False,DNP,,,,,,,,,,,
2023-G31,2023,31,2023-03-06,P047,Eli Pellegrini,False,4:53,1-2,1-1,0-0,0.0,0.0,0.0,0.0,0.0,0.0,0.0,3.0
2023-G31,2023,31,2023-03-06,P048,Moussa Baptiste,True,32:43,5-6,0-1,2-2,4.0,1.0,2.0,0.0,0.0,0.0,3.0,12.0
2023-G31,2023,31,2023-03-06,P050,Jaden Larsson,False,DNP,,,,,,,,,,,
2023-G31,2023,31,2023-03-06,P051,Wesley Hollenbeck,False,DNP,,,,,,,,,,,
2023-G32,2023,32,2023-03-10,P037,Micah Farrier,False,DNP,,,,,,,,,,,
2023-G32,2023,32,2023-03-10,P038,Julian Whitcomb,True,27:36,5-12,1-5,2-4,2.0,5.0,0.0,1.0,1.0,0.0,2.0,13.0
2023-G32,2023,32,2023-03-10,P039,Grant Grzelak,True,30:39,1-3,1-2,0-0,1.0,2.0,5.0,0.0,2.0,0.0,2.0,3.0
2023-G32,2023,32,2023-03-10,P040,Xavi Hollenbeck,True,28:00,6-9,0-3,4-5,1.0,5.0,2.0,1.0,1.0,0.0,2.0,16.0
2023-G32,2023,32,2023-03-10,P042,Brandon Fontaine,False,DNP,,,,,,,,,,,
2023-G32,2023,32,2023-03-10,P043,Cole Ustinov,False,9:56,0-3,0-1,0-0,0.0,2.0,3.0,0.0,0.0,0.0,1.0,0.0
2023-G32,2023,32,2023-03-10,P044,Desmond Baptiste,False,14:06,4-4,0-0,0-0,0.0,6.0,1.0,1.0,1.0,0.0,1.0,8.0
2023-G32,2023,32,2023-03-10,P045,Zavier Lindqvist,True,26:05,4-7,1-3,3-3,0.0,3.0,1.0,3.0,0.0,0.0,2.0,12.0
2023-G32,2023,32,2023-03-10,P046,Zavier Cavanaugh,False,DNP,,,,,,,,,,,
2023-G32,2023,32,2023-03-10,P047,Eli Pellegrini,False,4:09,0-0,0-0,1-1,0.0,1.0,1.0,0.0,0.0,0.0,0.0,1.0
2023-G32,2023,32,2023-03-10,P048,Moussa Baptiste,True,29:13,4-6,1-2,0-0,1.0,4.0,0.0,1.0,2.0,0.0,0.0,9.0
2023-G32,2023,32,2023-03-10,P050,Jaden Larsson,False,8:03,0-3,0-1,0-0,0.0,2.0,2.0,1.0,0.0,0.0,0.0,0.0
2023-G32,2023,32,2023-03-10,P051,Wesley Hollenbeck,False,22:13,5-5,2-2,1-3,0.0,1.0,1.0,1.0,1.0,0.0,2.0,13.0
2024-G01,2024,1,2023-11-06,P042,Brandon Fontaine,False,DNP,,,,,,,,,,,
2024-G01,2024,1,2023-11-06,P043,Cole Ustinov,False,15:58,2-8,2-3,2-2,0.0,1.0,0.0,1.0,2.0,1.0,4.0,8.0
2024-G01,2024,1,2023-11-06,P044,Desmond Baptiste,True,21:43,4-5,0-1,2-2,4.0,4.0,2.0,1.0,0.0,2.0,2.0,10.0
2024-G01,2024,1,2023-11-06,P045,Zavier Lindqvist,True,35:10,3-8,0-4,0-1,2.0,6.0,1.0,2.0,1.0,1.0,2.0,6.0
2024-G01,2024,1,2023-11-06,P047,Eli Pellegrini,False,DNP,,,,,,,,,,,
2024-G01,2024,1,2023-11-06,P048,Moussa Baptiste,True,37:28,7-10,2-2,2-2,2.0,5.0,2.0,3.0,1.0,0.0,5.0,18.0
2024-G01,2024,1,2023-11-06,P050,Jaden Larsson,False,9:54,0-1,0-0,0-0,0.0,1.0,1.0,0.0,0.0,0.0,1.0,0.0
2024-G01,2024,1,2023-11-06,P051,Wesley Hollenbeck,True,33:14,7-9,3-4,1-4,0.0,3.0,6.0,2.0,0.0,0.0,2.0,18.0
2024-G01,2024,1,2023-11-06,P053,Duncan Hollenbeck,False,6:09,2-2,1-1,1-1,0.0,0.0,4.0,0.0,0.0,0.0,1.0,6.0
2024-G01,2024,1,2023-11-06,P054,Cole Lindqvist,True,21:37,3-4,1-2,1-1,1.0,0.0,4.0,0.0,0.0,0.0,2.0,8.0
2024-G01,2024,1,2023-11-06,P055,Amir Montoya,False,7:42,0-1,0-0,0-1,0.0,0.0,0.0,1.0,0.0,0.0,0.0,0.0
2024-G01,2024,1,2023-11-06,P056,Caleb Gundersen,False,6:35,0-2,0-1,0-0,0.0,2.0,1.0,0.0,0.0,0.0,1.0,0.0
2024-G01,2024,1,2023-11-06,P057,Lucas Stankovic,False,4:29,0-0,0-0,0-0,0.0,0.0,1.0,0.0,0.0,0.0,0.0,0.0
2024-G02,2024,2,2023-11-10,P042,Brandon Fontaine,False,12:42,3-3,0-0,1-1,0.0,1.0,0.0,0.0,0.0,0.0,0.0,7.0
2024-G02,2024,2,2023-11-10,P043,Cole Ustinov,False,16:03,2-7,1-2,3-3,1.0,0.0,1.0,1.0,0.0,0.0,4.0,8.0
2024-G02,2024,2,2023-11-10,P044,Desmond Baptiste,True,22:22,6-7,0-1,1-1,1.0,2.0,1.0,3.0,0.0,1.0,0.0,13.0
2024-G02,2024,2,2023-11-10,P045,Zavier Lindqvist,True,38:26,5-10,3-5,6-6,2.0,5.0,0.0,0.0,1.0,0.0,0.0,19.0
2024-G02,2024,2,2023-11-10,P047,Eli Pellegrini,False,7:19,2-4,1-2,1-2,0.0,1.0,0.0,0.0,0.0,0.0,0.0,6.0
2024-G02,2024,2,2023-11-10,P048,Moussa Baptiste,True,35:08,3-7,1-1,3-3,6.0,2.0,3.0,3.0,0.0,1.0,1.0,10.0
2024-G02,2024,2,2023-11-10,P050,Jaden Larsson,False,10:23,1-2,0-1,0-0,3.0,1.0,1.0,0.0,0.0,0.0,0.0,2.0
2024-G02,2024,2,2023-11-10,P051,Wesley Hollenbeck,True,31:42,6-10,0-4,3-4,0.0,1.0,3.0,0.0,0.0,1.0,1.0,15.0
2024-G02,2024,2,2023-11-10,P053,Duncan Hollenbeck,False,DNP,,,,,,,,,,,
2024-G02,2024,2,2023-11-10,P054,Cole Lindqvist,True,21:52,3-5,2-3,0-1,0.0,4.0,6.0,4.0,0.0,1.0,0.0,8.0
2024-G02,2024,2,2023-11-10,P055,Amir Montoya,False,DNP,,,,,,,,,,,
2024-G02,2024,2,2023-11-10,P056,Caleb Gundersen,False,DNP,,,,,,,,,,,
2024-G02,2024,2,2023-11-10,P057,Lucas Stankovic,False,4:02,0-1,0-0,1-2,0.0,1.0,0.0,0.0,0.0,0.0,0.0,1.0
2024-G03,2024,3,2023-11-14,P042,Brandon Fontaine,False,DNP,,,,,,,,,,,
2024-G03,2024,3,2023-11-14,P043,Cole Ustinov,False,14:06,6-8,2-3,3-3,0.0,1.0,2.0,3.0,3.0,0.0,1.0,17.0
2024-G03,2024,3,2023-11-14,P044,Desmond Baptiste,True,20:40,5-6,1-1,0-0,5.0,2.0,2.0,0.0,1.0,0.0,0.0,11.0
2024-G03,2024,3,2023-11-14,P045,Zavier Lindqvist,True,39:39,7-10,2-4,2-5,1.0,9.0,3.0,4.0,1.0,0.0,4.0,18.0
2024-G03,2024,3,2023-11-14,P047,Eli Pellegrini,False,6:58,1-3,0-1,0-1,0.0,0.0,0.0,0.0,0.0,0.0,1.0,2.0
2024-G03,2024,3,2023-11-14,P048,Moussa Baptiste,True,39:39,7-11,2-3,3-3,3.0,6.0,1.0,2.0,1.0,0.0,3.0,19.0
2024-G03,2024,3,2023-11-14,P050,Jaden Larsson,False,DNP,,,,,,,,,,,
2024-G03,2024,3,2023-11-14,P051,Wesley Hollenbeck,True,29:09,9-11,4-5,5-5,2.0,3.0,4.0,1.0,0.0,0.0,2.0,27.0
2024-G03,2024,3,2023-11-14,P053,Duncan Hollenbeck,False,7:08,0-1,0-0,1-1,0.0,0.0,1.0,1.0,0.0,0.0,1.0,1.0
2024-G03,2024,3,2023-11-14,P054,Cole Lindqvist,True,27:38,2-7,1-4,1-1,1.0,0.0,3.0,2.0,0.0,2.0,4.0,6.0
2024-G03,2024,3,2023-11-14,P055,Amir Montoya,False,7:54,0-2,0-1,2-2,0.0,1.0,0.0,0.0,0.0,1.0,0.0,2.0
2024-G03,2024,3,2023-11-14,P056,Caleb Gundersen,False,7:09,2-2,1-1,2-2,0.0,0.0,2.0,1.0,0.0,0.0,0.0,7.0
2024-G03,2024,3,2023-11-14,P057,Lucas Stankovic,False,DNP,,,,,,,,,,,
2024-G04,2024,4,2023-11-18,P042,Brandon Fontaine,False,10:28,3-5,0-0,2-2,0.0,0.0,0.0,0.0,0.0,0.0,2.0,8.0
2024-G04,2024,4,2023-11-18,P043,Cole Ustinov,False,11:21,3-5,0-1,2-2,1.0,2.0,0.0,4.0,1.0,0.0,1.0,8.0
2024-G04,2024,4,2023-11-18,P044,Desmond Baptiste,True,22:40,2-5,0-1,1-1,0.0,6.0,2.0,3.0,0.0,2.0,3.0,5.0
2024-G04,2024,4,2023-11-18,P045,Zavier Lindqvist,True,33:58,3-8,0-3,2-2,2.0,2.0,1.0,0.0,1.0,0.0,1.0,8.0
2024-G04,2024,4,2023-11-18,P047,Eli Pellegrini,False,DNP,,,,,,,,,,,
2024-G04,2024,4,2023-11-18,P048,Moussa Baptiste,True,38:07,3-9,2-2,2-2,1.0,5.0,1.0,3.0,1.0,1.0,3.0,10.0
2024-G04,2024,4,2023-11-18,P050,Jaden Larsson,False,10:24,2-4,0-1,0-0,0.0,1.0,1.0,0.0,0.0,0.0,1.0,4.0
2024-G04,2024,4,2023-11-18,P051,Wesley Hollenbeck,True,31:35,4-8,2-4,2-4,1.0,1.0,7.0,1.0,1.0,0.0,5.0,12.0
2024-G04,2024,4,2023-11-18,P053,Duncan Hollenbeck,False,5:25,0-1,0-0,1-1,0.0,0.0,0.0,1.0,0.0,1.0,0.0,1.0
2024-G04,2024,4,2023-11-18,P054,Cole Lindqvist,True,24:19,2-5,0-2,3-3,1.0,1.0,5.0,0.0,0.0,1.0,1.0,7.0
2024-G04,2024,4,2023-11-18,P055,Amir Montoya,False,7:41,0-1,0-0,1-1,1.0,1.0,1.0,1.0,1.0,0.0,0.0,1.0
2024-G04,2024,4,2023-11-18,P056,Caleb Gundersen,False,DNP,,,,,,,,,,,
2024-G04,2024,4,2023-11-18,P057,Lucas Stankovic,False,4:02,0-3,0-1,0-1,1.0,0.0,0.0,0.0,0.0,0.0,2.0,0.0
2024-G05,2024,5,2023-11-22,P042,Brandon Fontaine,False,12:15,1-4,0-0,1-1,0.0,1.0,0.0,0.0,0.0,2.0,2.0,3.0
2024-G05,2024,5,2023-11-22,P043,Cole Ustinov,False,14:49,5-8,0-2,1-2,0.0,0.0,2.0,1.0,0.0,0.0,4.0,11.0
2024-G05,2024,5,2023-11-22,P044,Desmond Baptiste,True,21:25,5-6,1-1,3-3,1.0,2.0,3.0,1.0,0.0,2.0,0.0,14.0
2024-G05,2024,5,2023-11-22,P045,Zavier Lindqvist,True,39:10,3-9,1-5,2-3,2.0,4.0,2.0,0.0,1.0,1.0,5.0,9.0
2024-G05,2024,5,2023-11-22,P047,Eli Pellegrini,False,DNP,,,,,,,,,,,
2024-G05,2024,5,2023-11-22,P048,Moussa Baptiste,True,39:10,3-10,0-2,1-3,1.0,4.0,2.0,3.0,1.0,0.0,4.0,7.0
2024-G05,2024,5,2023-11-22,P050,Jaden Larsson,False,DNP,,,,,,,,,,,
2024-G05,2024,5,2023-11-22,P051,Wesley Hollenbeck,True,29:24,4-7,0-2,2-2,1.0,4.0,3.0,3.0,1.0,0.0,2.0,10.0
2024-G05,2024,5,2023-11-22,P053,Duncan Hollenbeck,False,7:02,1-2,0-1,2-2,0.0,0.0,3.0,0.0,0.0,0.0,0.0,4.0
2024-G05,2024,5,2023-11-22,P054,Cole Lindqvist,True,23:30,5-7,2-3,2-2,1.0,0.0,4.0,1.0,1.0,0.0,2.0,14.0
2024-G05,2024,5,2023-11-22,P055,Amir Montoya,False,8:38,0-1,0-0,0-0,1.0,0.0,0.0,0.0,1.0,1.0,1.0,0.0
2024-G05,2024,5,2023-11-22,P056,Caleb Gundersen,False,DNP,,,,,,,,,,,
2024-G05,2024,5,2023-11-22,P057,Lucas Stankovic,False,4:37,0-0,0-0,1-1,0.0,1.0,0.0,1.0,0.0,0.0,0.0,1.0
2024-G06,2024,6,2023-11-26,P042,Brandon Fontaine,False,DNP,,,,,,,,,,,
2024-G06,2024,6,2023-11-26,P043,Cole Ustinov,False,16:30,5-8,1-2,2-2,0.0,2.0,1.0,0.0,2.0,2.0,1.0,13.0
2024-G06,2024,6,2023-11-26,P044,Desmond Baptiste,True,24:21,4-7,1-1,1-2,4.0,6.0,1.0,2.0,1.0,1.0,2.0,10.0
2024-G06,2024,6,2023-11-26,P045,Zavier Lindqvist,True,40:24,8-9,3-3,3-3,1.0,4.0,2.0,2.0,1.0,1.0,0.0,22.0
2024-G06,2024,6,2023-11-26,P047,Eli Pellegrini,False,7:10,0-0,0-0,0-0,0.0,1.0,0.0,0.0,0.0,0.0,1.0,0.0
2024-G06,2024,6,2023-11-26,P048,Moussa Baptiste,True,40:24,5-10,0-2,3-3,2.0,8.0,3.0,5.0,0.0,1.0,5.0,13.0
2024-G06,2024,6,2023-11-26,P050,Jaden Larsson,False,DNP,,,,,,,,,,,
2024-G06,2024,6,2023-11-26,P051,Wesley Hollenbeck,True,40:24,3-12,0-4,4-4,1.0,3.0,12.0,6.0,1.0,0.0,3.0,10.0
2024-G06,2024,6,2023-11-26,P053,Duncan Hollenbeck,False,DNP,,,,,,,,,,,
2024-G06,2024,6,2023-11-26,P054,Cole Lindqvist,True,23:46,6-8,2-3,0-0,1.0,3.0,3.0,3.0,0.0,0.0,0.0,14.0
2024-G06,2024,6,2023-11-26,P055,Amir Montoya,False,DNP,,,,,,,,,,,
2024-G06,2024,6,2023-11-26,P056,Caleb Gundersen,False,7:01,0-1,0-0,1-2,1.0,0.0,0.0,0.0,0.0,0.0,4.0,1.0
2024-G06,2024,6,2023-11-26,P057,Lucas Stankovic,False,DNP,,,,,,,,,,,
2024-G07,2024,7,2023-11-30,P042,Brandon Fontaine,False,13:00,1-4,0-0,0-0,3.0,0.0,2.0,1.0,0.0,0.0,0.0,2.0
2024-G07,2024,7,2023-11-30,P043,Cole Ustinov,False,DNP,,,,,,,,,,,
2024-G07,2024,7,2023-11-30,P044,Desmond Baptiste,True,23:41,1-5,0-1,1-2,1.0,3.0,2.0,0.0,0.0,3.0,3.0,3.0
2024-G07,2024,7,2023-11-30,P045,Zavier Lindqvist,True,38:36,7-8,2-3,2-2,2.0,7.0,0.0,5.0,1.0,1.0,4.0,18.0
2024-G07,2024,7,2023-11-30,P047,Eli Pellegrini,False,7:10,2-2,1-1,1-1,0.0,0.0,1.0,0.0,0.0,0.0,0.0,6.0
2024-G07,2024,7,2023-11-30,P048,Moussa Baptiste,True,38:52,4-9,1-2,2-2,3.0,5.0,2.0,5.0,4.0,0.0,0.0,11.0
2024-G07,2024,7,2023-11-30,P050,Jaden Larsson,False,12:53,4-5,2-2,0-0,0.0,3.0,0.0,0.0,0.0,1.0,0.0,10.0
2024-G07,2024,7,2023-11-30,P051,Wesley Hollenbeck,True,36:22,9-12,2-5,2-3,2.0,3.0,7.0,1.0,1.0,1.0,3.0,22.0
2024-G07,2024,7,2023-11-30,P053,Duncan Hollenbeck,False,6:41,3-3,2-2,0-0,0.0,0.0,2.0,0.0,0.0,0.0,1.0,8.0
2024-G07,2024,7,2023-11-30,P054,Cole Lindqvist,True,22:45,4-8,1-3,0-1,0.0,2.0,2.0,2.0,1.0,0.0,2.0,9.0
2024-G07,2024,7,2023-11-30,P055,Amir Montoya,False,DNP,,,,,,,,,,,
2024-G07,2024,7,2023-11-30,P056,Caleb Gundersen,False,DNP,,,,,,,,,,,
2024-G07,2024,7,2023-11-30,P057,Lucas Stankovic,False,DNP,,,,,,,,,,,
2024-G08,2024,8,2023-12-04,P042,Brandon Fontaine,False,14:27,3-5,0-0,1-2,0.0,1.0,2.0,0.0,0.0,1.0,3.0,7.0
2024-G08,2024,8,2023-12-04,P043,Cole Ustinov,False,DNP,,,,,,,,,,,
2024-G08,2024,8,2023-12-04,P044,Desmond Baptiste,True,24:33,2-5,1-1,0-2,2.0,4.0,0.0,0.0,0.0,1.0,4.0,5.0
2024-G08,2024,8,2023-12-04,P045,Zavier Lindqvist,True,39:43,8-11,1-3,5-6,1.0,4.0,1.0,3.0,1.0,0.0,2.0,22.0
2024-G08,2024,8,2023-12-04,P047,Eli Pellegrini,False,8:29,2-3,1-1,1-2,0.0,2.0,2.0,1.0,0.0,1.0,0.0,6.0
2024-G08,2024,8,2023-12-04,P048,Moussa Baptiste,True,39:43,6-8,1-2,3-3,1.0,4.0,4.0,3.0,1.0,0.0,4.0,16.0
2024-G08,2024,8,2023-12-04,P050,Jaden Larsson,False,DNP,,,,,,,,,,,
2024-G08,2024,8,2023-12-04,P051,Wesley Hollenbeck,True,33:18,8-8,2-2,0-0,1.0,1.0,5.0,1.0,1.0,1.0,1.0,18.0
2024-G08,2024,8,2023-12-04,P053,Duncan Hollenbeck,False,6:08,1-2,0-1,1-1,0.0,0.0,0.0,0.0,0.0,0.0,0.0,3.0
2024-G08,2024,8,2023-12-04,P054,Cole Lindqvist,True,26:36,2-7,2-3,1-2,0.0,0.0,3.0,0.0,0.0,2.0,3.0,7.0
2024-G08,2024,8,2023-12-04,P055,Amir Montoya,False,7:03,2-3,1-1,0-0,0.0,1.0,0.0,0.0,0.0,0.0,0.0,5.0
2024-G08,2024,8,2023-12-04,P056,Caleb Gundersen,False,DNP,,,,,,,,,,,
2024-G08,2024,8,2023-12-04,P057,Lucas Stankovic,False,DNP,,,,,,,,,,,
2024-G09,2024,9,2023-12-08,P042,Brandon Fontaine,False,DNP,,,,,,,,,,,
2024-G09,2024,9,2023-12-08,P043,Cole Ustinov,False,17:20,5-8,0-2,2-3,1.0,3.0,1.0,0.0,1.0,0.0,0.0,12.0
2024-G09,2024,9,2023-12-08,P044,Desmond Baptiste,True,25:09,6-7,0-1,0-1,3.0,9.0,1.0,1.0,2.0,0.0,0.0,12.0
2024-G09,2024,9,2023-12-08,P045,Zavier Lindqvist,True,38:01,6-9,2-4,0-0,0.0,1.0,1.0,2.0,1.0,2.0,1.0,14.0
2024-G09,2024,9,2023-12-08,P047,Eli Pellegrini,False,8:17,0-2,0-1,1-1,0.0,0.0,1.0,0.0,1.0,0.0,0.0,1.0
2024-G09,2024,9,2023-12-08,P048,Moussa Baptiste,True,38:06,8-9,2-2,3-3,2.0,6.0,2.0,1.0,1.0,0.0,1.0,21.0
2024-G09,2024,9,2023-12-08,P050,Jaden Larsson,False,10:53,2-3,1-1,1-1,0.0,0.0,0.0,1.0,0.0,0.0,0.0,6.0
2024-G09,2024,9,2023-12-08,P051,Wesley Hollenbeck,True,36:21,6-11,2-4,1-3,1.0,3.0,7.0,1.0,0.0,0.0,1.0,15.0
2024-G09,2024,9,2023-12-08,P053,Duncan Hollenbeck,False,6:59,1-3,0-1,2-3,0.0,0.0,1.0,0.0,0.0,0.0,0.0,4.0
2024-G09,2024,9,2023-12-08,P054,Cole Lindqvist,True,30:22,8-10,3-5,1-2,0.0,3.0,2.0,0.0,0.0,0.0,3.0,20.0
2024-G09,2024,9,2023-12-08,P055,Amir Montoya,False,9:18,0-1,0-0,0-0,1.0,1.0,0.0,0.0,1.0,0.0,0.0,0.0
2024-G09,2024,9,2023-12-08,P056,Caleb Gundersen,False,DNP,,,,,,,,,,,
2024-G09,2024,9,2023-12-08,P057,Lucas Stankovic,False,4:14,0-0,0-0,0-0,0.0,0.0,0.0,0.0,0.0,0.0,0.0,0.0
2024-G10,2024,10,2023-12-12,P042,Brandon Fontaine,False,11:00,1-5,0-0,2-2,1.0,2.0,0.0,0.0,0.0,1.0,2.0,4.0
2024-G10,2024,10,2023-12-12,P043,Cole Ustinov,False,14:20,3-6,1-1,0-0,1.0,3.0,0.0,2.0,1.0,1.0,1.0,7.0
2024-G10,2024,10,2023-12-12,P044,Desmond Baptiste,True,20:56,2-4,1-1,2-2,1.0,2.0,2.0,2.0,1.0,1.0,0.0,7.0
2024-G10,2024,10,2023-12-12,P045,Zavier Lindqvist,True,36:34,7-11,2-5,3-4,2.0,6.0,1.0,4.0,1.0,0.0,0.0,19.0
2024-G10,2024,10,2023-12-12,P047,Eli Pellegrini,False,DNP,,,,,,,,,,,
2024-G10,2024,10,2023-12-12,P048,Moussa Baptiste,True,36:17,3-10,0-2,1-3,1.0,6.0,1.0,2.0,0.0,0.0,2.0,7.0
2024-G10,2024,10,2023-12-12,P050,Jaden Larsson,False,10:46,0-4,0-1,1-1,0.0,3.0,0.0,0.0,1.0,0.0,1.0,1.0
2024-G10,2024,10,2023-12-12,P051,Wesley Hollenbeck,True,28:58,4-9,2-3,5-5,0.0,3.0,3.0,6.0,0.0,0.0,1.0,15.0
2024-G10,2024,10,2023-12-12,P053,Duncan Hollenbeck,False,6:00,2-4,0-2,2-2,0.0,0.0,2.0,2.0,0.0,0.0,0.0,6.0
2024-G10,2024,10,2023-12-12,P054,Cole Lindqvist,True,27:08,3-7,0-3,2-2,1.0,2.0,4.0,2.0,0.0,1.0,4.0,8.0
2024-G10,2024,10,2023-12-12,P055,Amir Montoya,False,8:01,0-0,0-0,0-0,0.0,0.0,0.0,1.0,0.0,0.0,0.0,0.0
2024-G10,2024,10,2023-12-12,P056,Caleb Gundersen,False,DNP,,,,,,,,,,,
2024-G10,2024,10,2023-12-12,P057,Lucas Stankovic,False,DNP,,,,,,,,,,,
2024-G11,2024,11,2023-12-16,P042,Brandon Fontaine,False,DNP,,,,,,,,,,,
2024-G11,2024,11,2023-12-16,P043,Cole Ustinov,False,14:08,1-5,0-1,0-0,1.0,3.0,1.0,0.0,0.0,1.0,2.0,2.0
2024-G11,2024,11,2023-12-16,P044,Desmond Baptiste,True,26:53,2-4,0-1,1-1,0.0,6.0,1.0,3.0,3.0,1.0,0.0,5.0
2024-G11,2024,11,2023-12-16,P045,Zavier Lindqvist,True,39:28,4-10,3-5,5-5,2.0,6.0,1.0,1.0,0.0,1.0,3.0,16.0
2024-G11,2024,11,2023-12-16,P047,Eli Pellegrini,False,DNP,,,,,,,,,,,
2024-G11,2024,11,2023-12-16,P048,Moussa Baptiste,True,39:28,6-9,2-3,1-2,3.0,4.0,2.0,10.0,3.0,2.0,2.0,15.0
2024-G11,2024,11,2023-12-16,P050,Jaden Larsson,False,11:40,2-4,1-1,0-0,0.0,0.0,1.0,1.0,0.0,0.0,0.0,5.0
2024-G11,2024,11,2023-12-16,P051,Wesley Hollenbeck,True,34:12,4-9,1-4,4-4,1.0,1.0,5.0,1.0,2.0,0.0,3.0,13.0
2024-G11,2024,11,2023-12-16,P053,Duncan Hollenbeck,False,6:26,0-2,0-1,0-2,0.0,0.0,2.0,1.0,0.0,0.0,0.0,0.0
2024-G11,2024,11,2023-12-16,P054,Cole Lindqvist,True,27:44,2-6,0-3,1-2,1.0,0.0,0.0,0.0,0.0,0.0,1.0,5.0
2024-G11,2024,11,2023-12-16,P055,Amir Montoya,False,DNP,,,,,,,,,,,
2024-G11,2024,11,2023-12-16,P056,Caleb Gundersen,False,DNP,,,,,,,,,,,
2024-G11,2024,11,2023-12-16,P057,Lucas Stankovic,False,DNP,,,,,,,,,,,
2024-G12,2024,12,2023-12-20,P042,Brandon Fontaine,False,11:57,3-4,0-0,1-1,0.0,5.0,1.0,1.0,0.0,0.0,3.0,7.0
2024-G12,2024,12,2023-12-20,P043,Cole Ustinov,False,13:48,5-6,1-2,1-4,1.0,0.0,2.0,2.0,0.0,0.0,1.0,12.0
2024-G12,2024,12,2023-12-20,P044,Desmond Baptiste,True,26:46,4-7,0-1,4-4,1.0,1.0,0.0,1.0,0.0,1.0,4.0,12.0
2024-G12,2024,12,2023-12-20,P045,Zavier Lindqvist,True,36:54,7-11,4-6,2-3,2.0,3.0,2.0,1.0,1.0,0.0,2.0,20.0
2024-G12,2024,12,2023-12-20,P047,Eli Pellegrini,False,8:22,1-4,1-2,2-2,1.0,1.0,0.0,2.0,0.0,0.0,1.0,5.0
2024-G12,2024,12,2023-12-20,P048,Moussa Baptiste,True,38:46,4-9,1-2,1-2,4.0,4.0,1.0,4.0,1.0,1.0,5.0,10.0
2024-G12,2024,12,2023-12-20,P050,Jaden Larsson,False,10:54,1-2,0-1,0-0,0.0,0.0,0.0,1.0,0.0,0.0,0.0,2.0
2024-G12,2024,12,2023-12-20,P051,Wesley Hollenbeck,True,31:18,2-9,0-3,2-4,1.0,2.0,7.0,2.0,1.0,0.0,2.0,6.0
2024-G12,2024,12,2023-12-20,P053,Duncan Hollenbeck,False,DNP,,,,,,,,,,,
2024-G12,2024,12,2023-12-20,P054,Cole Lindqvist,True,30:51,3-9,2-5,1-1,0.0,3.0,2.0,1.0,1.0,0.0,2.0,9.0
2024-G12,2024,12,2023-12-20,P055,Amir Montoya,False,8:09,2-3,1-1,2-2,0.0,1.0,0.0,0.0,0.0,0.0,1.0,7.0
2024-G12,2024,12,2023-12-20,P056,Caleb Gundersen,False,7:15,0-0,0-0,0-0,0.0,1.0,3.0,0.0,0.0,1.0,0.0,0.0
2024-G12,2024,12,2023-12-20,P057,Lucas Stankovic,False,DNP,,,,,,,,,,,
2024-G13,2024,13,2023-12-24,P042,Brandon Fontaine,False,DNP,,,,,,,,,,,
2024-G13,2024,13,2023-12-24,P043,Cole Ustinov,False,DNP,,,,,,,,,,,
2024-G13,2024,13,2023-12-24,P044,Desmond Baptiste,True,27:19,3-8,0-1,2-2,4.0,4.0,3.0,3.0,2.0,0.0,5.0,8.0
2024-G13,2024,13,2023-12-24,P045,Zavier Lindqvist,True,39:00,6-10,1-3,4-4,3.0,9.0,4.0,3.0,1.0,2.0,2.0,17.0
2024-G13,2024,13,2023-12-24,P047,Eli Pellegrini,False,7:41,0-0,0-0,0-0,0.0,0.0,3.0,0.0,0.0,0.0,0.0,0.0
2024-G13,2024,13,2023-12-24,P048,Moussa Baptiste,True,38:52,5-9,0-3,4-5,2.0,3.0,3.0,2.0,1.0,0.0,0.0,14.0
2024-G13,2024,13,2023-12-24,P050,Jaden Larsson,False,13:15,3-4,1-1,2-2,1.0,2.0,0.0,2.0,1.0,0.0,1.0,9.0
2024-G13,2024,13,2023-12-24,P051,Wesley Hollenbeck,True,34:45,8-12,3-4,1-1,2.0,1.0,4.0,3.0,2.0,0.0,4.0,20.0
2024-G13,2024,13,2023-12-24,P053,Duncan Hollenbeck,False,DNP,,,,,,,,,,,
2024-G13,2024,13,2023-12-24,P054,Cole Lindqvist,True,25:58,3-8,1-4,3-3,0.0,2.0,1.0,0.0,1.0,1.0,4.0,10.0
2024-G13,2024,13,2023-12-24,P055,Amir Montoya,False,8:41,1-1,0-0,0-0,1.0,2.0,0.0,0.0,1.0,0.0,0.0,2.0
2024-G13,2024,13,2023-12-24,P056,Caleb Gundersen,False,DNP,,,,,,,,,,,
2024-G13,2024,13,2023-12-24,P057,Lucas Stankovic,False,4:29,0-0,0-0,2-2,0.0,0.0,0.0,0.0,0.0,0.0,0.0,2.0
2024-G14,2024,14,2023-12-28,P042,Brandon Fontaine,False,17:03,4-4,0-0,1-1,0.0,2.0,2.0,1.0,0.0,2.0,1.0,9.0
2024-G14,2024,14,2023-12-28,P043,Cole Ustinov,False,15:16,4-6,1-2,0-1,1.0,1.0,0.0,1.0,0.0,0.0,1.0,9.0
2024-G14,2024,14,2023-12-28,P044,Desmond Baptiste,True,30:21,4-7,0-1,1-1,0.0,3.0,0.0,0.0,0.0,3.0,2.0,9.0
2024-G14,2024,14,2023-12-28,P045,Zavier Lindqvist,True,39:07,6-7,2-3,2-3,2.0,8.0,3.0,0.0,1.0,0.0,4.0,16.0
2024-G14,2024,14,2023-12-28,P047,Eli Pellegrini,False,DNP,,,,,,,,,,,
2024-G14,2024,14,2023-12-28,P048,Moussa Baptiste,True,39:07,4-7,0-2,1-1,1.0,7.0,2.0,4.0,1.0,1.0,2.0,9.0
2024-G14,2024,14,2023-12-28,P050,Jaden Larsson,False,DNP,,,,,,,,,,,
2024-G14,2024,14,2023-12-28,P051,Wesley Hollenbeck,True,36:44,2-9,1-2,3-3,0.0,4.0,7.0,0.0,0.0,2.0,0.0,8.0
2024-G14,2024,14,2023-12-28,P053,Duncan Hollenbeck,False,6:59,2-3,1-1,0-0,0.0,0.0,1.0,1.0,0.0,0.0,1.0,5.0
2024-G14,2024,14,2023-12-28,P054,Cole Lindqvist,True,25:29,2-4,0-2,0-1,2.0,3.0,2.0,1.0,0.0,0.0,2.0,4.0
2024-G14,2024,14,2023-12-28,P055,Amir Montoya,False,10:18,0-1,0-1,1-1,0.0,1.0,0.0,0.0,0.0,1.0,2.0,1.0
2024-G14,2024,14,2023-12-28,P056,Caleb Gundersen,False,DNP,,,,,,,,,,,
2024-G14,2024,14,2023-12-28,P057,Lucas Stankovic,False,4:35,0-0,0-0,1-1,0.0,2.0,1.0,1.0,1.0,0.0,1.0,1.0
2024-G15,2024,15,2024-01-01,P042,Brandon Fontaine,False,13:32,0-2,0-0,0-0,1.0,3.0,0.0,1.0,0.0,0.0,1.0,0.0
2024-G15,2024,15,2024-01-01,P043,Cole Ustinov,False,14:02,2-5,0-2,1-1,2.0,1.0,0.0,0.0,0.0,0.0,1.0,5.0
2024-G15,2024,15,2024-01-01,P044,Desmond Baptiste,True,25:25,4-5,0-1,2-3,1.0,3.0,1.0,1.0,4.0,0.0,1.0,10.0
2024-G15,2024,15,2024-01-01,P045,Zavier Lindqvist,True,39:03,4-11,1-4,1-2,4.0,3.0,3.0,3.0,0.0,0.0,3.0,10.0
2024-G15,2024,15,2024-01-01,P047,Eli Pellegrini,False,DNP,,,,,,,,,,,
2024-G15,2024,15,2024-01-01,P048,Moussa Baptiste,True,39:03,5-9,1-2,1-2,2.0,3.0,1.0,3.0,1.0,0.0,3.0,12.0
2024-G15,2024,15,2024-01-01,P050,Jaden Larsson,False,10:33,1-3,0-1,0-0,0.0,0.0,4.0,0.0,0.0,0.0,0.0,2.0
2024-G15,2024,15,2024-01-01,P051,Wesley Hollenbeck,True,33:06,5-11,2-4,1-2,1.0,3.0,5.0,3.0,3.0,0.0,1.0,13.0
2024-G15,2024,15,2024-01-01,P053,Duncan Hollenbeck,False,DNP,,,,,,,,,,,
2024-G15,2024,15,2024-01-01,P054,Cole Lindqvist,True,25:17,3-5,1-3,1-2,1.0,1.0,4.0,2.0,0.0,0.0,1.0,8.0
2024-G15,2024,15,2024-01-01,P055,Amir Montoya,False,DNP,,,,,,,,,,,
2024-G15,2024,15,2024-01-01,P056,Caleb Gundersen,False,DNP,,,,,,,,,,,
2024-G15,2024,15,2024-01-01,P057,Lucas Stankovic,False,DNP,,,,,,,,,,,
2024-G16,2024,16,2024-01-05,P042,Brandon Fontaine,False,DNP,,,,,,,,,,,
2024-G16,2024,16,2024-01-05,P043,Cole Ustinov,False,15:25,1-8,0-3,2-3,2.0,3.0,1.0,1.0,0.0,0.0,2.0,4.0
2024-G16,2024,16,2024-01-05,P044,Desmond Baptiste,True,23:25,3-6,0-1,1-1,2.0,5.0,0.0,3.0,0.0,0.0,5.0,7.0
2024-G16,2024,16,2024-01-05,P045,Zavier Lindqvist,True,38:47,8-9,5-5,1-2,1.0,4.0,2.0,1.0,1.0,0.0,1.0,22.0
2024-G16,2024,16,2024-01-05,P047,Eli Pellegrini,False,7:04,0-4,0-2,1-2,1.0,0.0,2.0,1.0,0.0,0.0,2.0,1.0
2024-G16,2024,16,2024-01-05,P048,Moussa Baptiste,True,37:26,3-7,0-2,1-1,2.0,5.0,1.0,0.0,1.0,1.0,4.0,7.0
2024-G16,2024,16,2024-01-05,P050,Jaden Larsson,False,10:56,2-3,0-1,2-3,0.0,0.0,0.0,1.0,0.0,0.0,1.0,6.0
2024-G16,2024,16,2024-01-05,P051,Wesley Hollenbeck,True,32:34,7-10,2-3,2-3,0.0,4.0,3.0,1.0,1.0,0.0,2.0,18.0
2024-G16,2024,16,2024-01-05,P053,Duncan Hollenbeck,False,DNP,,,,,,,,,,,
2024-G16,2024,16,2024-01-05,P054,Cole Lindqvist,True,24:12,3-6,1-3,3-3,1.0,2.0,4.0,2.0,1.0,0.0,1.0,10.0
2024-G16,2024,16,2024-01-05,P055,Amir Montoya,False,6:18,0-1,0-0,1-1,0.0,0.0,0.0,0.0,0.0,0.0,0.0,1.0
2024-G16,2024,16,2024-01-05,P056,Caleb Gundersen,False,DNP,,,,,,,,,,,
2024-G16,2024,16,2024-01-05,P057,Lucas Stankovic,False,3:54,0-0,0-0,0-0,0.0,0.0,0.0,1.0,0.0,0.0,0.0,0.0
2024-G17,2024,17,2024-01-09,P042,Brandon Fontaine,False,DNP,,,,,,,,,,,
2024-G17,2024,17,2024-01-09,P043,Cole Ustinov,False,16:10,3-6,0-2,1-1,1.0,1.0,0.0,2.0,0.0,0.0,0.0,7.0
2024-G17,2024,17,2024-01-09,P044,Desmond Baptiste,True,23:43,3-5,1-1,1-2,2.0,3.0,0.0,1.0,0.0,1.0,3.0,8.0
2024-G17,2024,17,2024-01-09,P045,Zavier Lindqvist,True,37:55,8-9,3-3,2-2,1.0,1.0,2.0,2.0,4.0,1.0,5.0,21.0
2024-G17,2024,17,2024-01-09,P047,Eli Pellegrini,False,7:58,4-6,2-2,1-2,0.0,1.0,0.0,1.0,0.0,0.0,0.0,11.0
2024-G17,2024,17,2024-01-09,P048,Moussa Baptiste,True,38:01,7-14,0-3,4-4,2.0,6.0,2.0,2.0,0.0,0.0,1.0,18.0
2024-G17,2024,17,2024-01-09,P050,Jaden Larsson,False,11:41,3-4,1-1,1-1,0.0,1.0,0.0,1.0,0.0,0.0,1.0,8.0
2024-G17,2024,17,2024-01-09,P051,Wesley Hollenbeck,True,37:33,5-11,0-5,0-3,2.0,3.0,8.0,0.0,3.0,1.0,3.0,10.0
2024-G17,2024,17,2024-01-09,P053,Duncan Hollenbeck,False,DNP,,,,,,,,,,,
2024-G17,2024,17,2024-01-09,P054,Cole Lindqvist,True,27:01,3-6,2-3,1-4,0.0,6.0,3.0,2.0,0.0,0.0,1.0,9.0
2024-G17,2024,17,2024-01-09,P055,Amir Montoya,False,DNP,,,,,,,,,,,
2024-G17,2024,17,2024-01-09,P056,Caleb Gundersen,False,DNP,,,,,,,,,,,
2024-G17,2024,17,2024-01-09,P057,Lucas Stankovic,False,DNP,,,,,,,,,,,
2024-G18,2024,18,2024-01-13,P042,Brandon Fontaine,False,DNP,,,,,,,,,,,
2024-G18,2024,18,2024-01-13,P043,Cole Ustinov,False,15:36,3-4,0-1,0-1,3.0,1.0,0.0,1.0,1.0,1.0,2.0,6.0
2024-G18,2024,18,2024-01-13,P044,Desmond Baptiste,True,25:08,3-8,0-1,3-4,1.0,3.0,0.0,3.0,0.0,1.0,3.0,9.0
2024-G18,2024,18,2024-01-13,P045,Zavier Lindqvist,True,39:35,4-6,3-3,0-0,2.0,8.0,1.0,4.0,2.0,0.0,3.0,11.0
2024-G18,2024,18,2024-01-13,P047,Eli Pellegrini,False,DNP,,,,,,,,,,,
2024-G18,2024,18,2024-01-13,P048,Moussa Baptiste,True,39:35,5-10,0-2,0-3,2.0,6.0,0.0,3.0,3.0,1.0,5.0,10.0
2024-G18,2024,18,2024-01-13,P050,Jaden Larsson,False,DNP,,,,,,,,,,,
2024-G18,2024,18,2024-01-13,P051,Wesley Hollenbeck,True,35:29,5-11,1-3,3-3,1.0,5.0,4.0,2.0,0.0,1.0,2.0,14.0
2024-G18,2024,18,2024-01-13,P053,Duncan Hollenbeck,False,7:19,0-0,0-0,0-0,0.0,0.0,1.0,0.0,0.0,0.0,0.0,0.0
2024-G18,2024,18,2024-01-13,P054,Cole Lindqvist,True,25:16,1-4,0-2,1-1,0.0,0.0,1.0,2.0,0.0,1.0,3.0,3.0
2024-G18,2024,18,2024-01-13,P055,Amir Montoya,False,7:57,1-3,0-1,0-1,0.0,1.0,0.0,2.0,0.0,2.0,0.0,2.0
2024-G18,2024,18,2024-01-13,P056,Caleb Gundersen,False,DNP,,,,,,,,,,,
2024-G18,2024,18,2024-01-13,P057,Lucas Stankovic,False,4:06,0-1,0-1,0-0,1.0,2.0,0.0,0.0,0.0,0.0,0.0,0.0
2024-G19,2024,19,2024-01-17,P042,Brandon Fontaine,False,12:26,2-3,0-0,1-1,0.0,1.0,0.0,0.0,0.0,0.0,2.0,5.0
2024-G19,2024,19,2024-01-17,P043,Cole Ustinov,False,DNP,,,,,,,,,,,
2024-G19,2024,19,2024-01-17,P044,Desmond Baptiste,True,21:25,3-5,1-1,3-4,0.0,1.0,0.0,1.0,0.0,0.0,2.0,10.0
2024-G19,2024,19,2024-01-17,P045,Zavier Lindqvist,True,39:54,8-11,4-5,3-5,1.0,3.0,0.0,3.0,2.0,1.0,3.0,23.0
2024-G19,2024,19,2024-01-17,P047,Eli Pellegrini,False,DNP,,,,,,,,,,,
2024-G19,2024,19,2024-01-17,P048,Moussa Baptiste,True,39:54,7-9,1-2,1-1,1.0,3.0,1.0,1.0,1.0,0.0,3.0,16.0
2024-G19,2024,19,2024-01-17,P050,Jaden Larsson,False,10:58,2-4,0-1,0-0,0.0,2.0,1.0,0.0,0.0,0.0,1.0,4.0
2024-G19,2024,19,2024-01-17,P051,Wesley Hollenbeck,True,37:31,9-12,1-3,2-3,2.0,2.0,8.0,2.0,1.0,2.0,2.0,21.0
2024-G19,2024,19,2024-01-17,P053,Duncan Hollenbeck,False,DNP,,,,,,,,,,,
2024-G19,2024,19,2024-01-17,P054,Cole Lindqvist,True,29:39,0-10,0-5,4-4,0.0,2.0,4.0,0.0,0.0,0.0,1.0,4.0
2024-G19,2024,19,2024-01-17,P055,Amir Montoya,False,8:13,0-3,0-1,0-0,1.0,1.0,1.0,0.0,0.0,1.0,0.0,0.0
2024-G19,2024,19,2024-01-17,P056,Caleb Gundersen,False,DNP,,,,,,,,,,,
2024-G19,2024,19,2024-01-17,P057,Lucas Stankovic,False,DNP,,,,,,,,,,,
2024-G20,2024,20,2024-01-21,P042,Brandon Fontaine,False,12:27,2-4,0-0,1-2,0.0,2.0,1.0,0.0,0.0,0.0,1.0,5.0
2024-G20,2024,20,2024-01-21,P043,Cole Ustinov,False,14:24,4-6,0-2,1-1,1.0,2.0,0.0,0.0,0.0,0.0,2.0,9.0
2024-G20,2024,20,2024-01-21,P044,Desmond Baptiste,True,22:53,3-5,1-1,3-3,1.0,3.0,1.0,1.0,1.0,2.0,1.0,10.0
2024-G20,2024,20,2024-01-21,P045,Zavier Lindqvist,True,38:31,6-11,1-4,3-4,0.0,9.0,1.0,1.0,2.0,0.0,2.0,16.0
2024-G20,2024,20,2024-01-21,P047,Eli Pellegrini,False,6:39,2-2,1-1,1-2,0.0,3.0,1.0,1.0,0.0,0.0,0.0,6.0
2024-G20,2024,20,2024-01-21,P048,Moussa Baptiste,True,38:31,4-8,0-3,3-3,1.0,5.0,1.0,3.0,0.0,0.0,4.0,11.0
2024-G20,2024,20,2024-01-21,P050,Jaden Larsson,False,DNP,,,,,,,,,,,
2024-G20,2024,20,2024-01-21,P051,Wesley Hollenbeck,True,31:18,5-9,1-2,2-2,0.0,2.0,2.0,3.0,2.0,0.0,1.0,13.0
2024-G20,2024,20,2024-01-21,P053,Duncan Hollenbeck,False,6:29,0-0,0-0,0-0,1.0,0.0,0.0,0.0,0.0,0.0,2.0,0.0
2024-G20,2024,20,2024-01-21,P054,Cole Lindqvist,True,22:46,0-4,0-1,3-5,0.0,2.0,1.0,0.0,1.0,0.0,2.0,3.0
2024-G20,2024,20,2024-01-21,P055,Amir Montoya,False,DNP,,,,,,,,,,,
2024-G20,2024,20,2024-01-21,P056,Caleb Gundersen,False,6:03,1-2,0-1,1-2,0.0,0.0,1.0,0.0,0.0,0.0,1.0,3.0
2024-G20,2024,20,2024-01-21,P057,Lucas Stankovic,False,DNP,,,,,,,,,,,
2024-G21,2024,21,2024-01-25,P042,Brandon Fontaine,False,11:59,1-4,0-0,1-2,2.0,4.0,0.0,1.0,0.0,1.0,1.0,3.0
2024-G21,2024,21,2024-01-25,P043,Cole Ustinov,False,12:29,4-8,1-2,0-0,0.0,2.0,0.0,0.0,1.0,0.0,0.0,9.0
2024-G21,2024,21,2024-01-25,P044,Desmond Baptiste,True,21:17,4-5,0-1,2-3,1.0,3.0,0.0,1.0,0.0,1.0,1.0,10.0
2024-G21,2024,21,2024-01-25,P045,Zavier Lindqvist,True,34:54,6-8,3-4,2-2,2.0,3.0,3.0,2.0,2.0,0.0,3.0,17.0
2024-G21,2024,21,2024-01-25,P047,Eli Pellegrini,False,6:09,0-1,0-0,1-2,0.0,0.0,2.0,0.0,0.0,0.0,0.0,1.0
2024-G21,2024,21,2024-01-25,P048,Moussa Baptiste,True,38:10,4-8,1-2,2-2,2.0,4.0,2.0,1.0,0.0,0.0,3.0,11.0
2024-G21,2024,21,2024-01-25,P050,Jaden Larsson,False,10:28,2-5,0-2,2-3,0.0,0.0,0.0,0.0,1.0,0.0,0.0,6.0
2024-G21,2024,21,2024-01-25,P051,Wesley Hollenbeck,True,28:58,4-7,1-2,0-1,0.0,0.0,7.0,2.0,0.0,0.0,1.0,9.0
2024-G21,2024,21,2024-01-25,P053,Duncan Hollenbeck,False,DNP,,,,,,,,,,,
2024-G21,2024,21,2024-01-25,P054,Cole Lindqvist,True,25:41,3-5,1-2,0-0,0.0,2.0,5.0,1.0,0.0,0.0,2.0,7.0
2024-G21,2024,21,2024-01-25,P055,Amir Montoya,False,DNP,,,,,,,,,,,
2024-G21,2024,21,2024-01-25,P056,Caleb Gundersen,False,6:40,0-1,0-0,1-1,0.0,1.0,1.0,1.0,0.0,0.0,0.0,1.0
2024-G21,2024,21,2024-01-25,P057,Lucas Stankovic,False,3:17,2-3,1-1,0-0,0.0,1.0,0.0,0.0,0.0,0.0,0.0,5.0
2024-G22,2024,22,2024-01-29,P042,Brandon Fontaine,False,14:43,3-4,0-0,1-2,1.0,3.0,0.0,0.0,0.0,0.0,1.0,7.0
2024-G22,2024,22,2024-01-29,P043,Cole Ustinov,False,DNP,,,,,,,,,,,
2024-G22,2024,22,2024-01-29,P044,Desmond Baptiste,True,24:40,3-5,0-1,1-1,1.0,7.0,1.0,2.0,0.0,0.0,5.0,7.0
2024-G22,2024,22,2024-01-29,P045,Zavier Lindqvist,True,41:07,4-12,1-6,1-2,0.0,6.0,2.0,3.0,0.0,0.0,1.0,10.0
2024-G22,2024,22,2024-01-29,P047,Eli Pellegrini,False,9:10,3-3,1-1,1-1,0.0,0.0,0.0,0.0,0.0,0.0,0.0,8.0
2024-G22,2024,22,2024-01-29,P048,Moussa Baptiste,True,41:07,5-10,1-3,4-4,5.0,2.0,3.0,3.0,4.0,0.0,2.0,15.0
2024-G22,2024,22,2024-01-29,P050,Jaden Larsson,False,DNP,,,,,,,,,,,
2024-G22,2024,22,2024-01-29,P051,Wesley Hollenbeck,True,35:49,4-11,2-4,0-0,0.0,2.0,4.0,2.0,1.0,0.0,4.0,10.0
2024-G22,2024,22,2024-01-29,P053,Duncan Hollenbeck,False,7:07,1-1,0-0,1-1,0.0,2.0,1.0,0.0,0.0,0.0,1.0,3.0
2024-G22,2024,22,2024-01-29,P054,Cole Lindqvist,True,26:17,5-7,2-3,3-3,1.0,3.0,5.0,3.0,3.0,0.0,2.0,15.0
2024-G22,2024,22,2024-01-29,P055,Amir Montoya,False,DNP,,,,,,,,,,,
2024-G22,2024,22,2024-01-29,P056,Caleb Gundersen,False,DNP,,,,,,,,,,,
2024-G22,2024,22,2024-01-29,P057,Lucas Stankovic,False,DNP,,,,,,,,,,,
2024-G23,2024,23,2024-02-02,P042,Brandon Fontaine,False,13:23,1-2,0-0,1-2,1.0,4.0,1.0,2.0,0.0,3.0,0.0,3.0
2024-G23,2024,23,2024-02-02,P043,Cole Ustinov,False,18:46,3-10,0-2,1-3,0.0,0.0,0.0,1.0,1.0,0.0,0.0,7.0
2024-G23,2024,23,2024-02-02,P044,Desmond Baptiste,True,27:39,1-6,0-1,1-1,2.0,5.0,0.0,0.0,2.0,0.0,5.0,3.0
2024-G23,2024,23,2024-02-02,P045,Zavier Lindqvist,True,40:39,7-11,3-6,1-1,1.0,8.0,2.0,1.0,1.0,0.0,3.0,18.0
2024-G23,2024,23,2024-02-02,P047,Eli Pellegrini,False,DNP,,,,,,,,,,,
2024-G23,2024,23,2024-02-02,P048,Moussa Baptiste,True,40:39,4-10,2-3,0-4,3.0,3.0,2.0,3.0,1.0,1.0,3.0,10.0
2024-G23,2024,23,2024-02-02,P050,Jaden Larsson,False,15:12,2-5,1-2,0-0,1.0,2.0,1.0,0.0,0.0,0.0,1.0,5.0
2024-G23,2024,23,2024-02-02,P051,Wesley Hollenbeck,True,34:56,4-6,1-2,1-1,1.0,1.0,2.0,3.0,0.0,1.0,4.0,10.0
2024-G23,2024,23,2024-02-02,P053,Duncan Hollenbeck,False,DNP,,,,,,,,,,,
2024-G23,2024,23,2024-02-02,P054,Cole Lindqvist,True,29:26,2-7,1-3,1-1,0.0,1.0,0.0,3.0,1.0,0.0,4.0,6.0
2024-G23,2024,23,2024-02-02,P055,Amir Montoya,False,DNP,,,,,,,,,,,
2024-G23,2024,23,2024-02-02,P056,Caleb Gundersen,False,DNP,,,,,,,,,,,
2024-G23,2024,23,2024-02-02,P057,Lucas Stankovic,False,4:20,0-1,0-0,0-0,0.0,0.0,0.0,0.0,0.0,0.0,0.0,0.0
2024-G24,2024,24,2024-02-06,P042,Brandon Fontaine,False,DNP,,,,,,,,,,,
2024-G24,2024,24,2024-02-06,P043,Cole Ustinov,False,DNP,,,,,,,,,,,
2024-G24,2024,24,2024-02-06,P044,Desmond Baptiste,True,27:10,5-7,1-1,2-2,1.0,4.0,1.0,0.0,2.0,0.0,3.0,13.0
2024-G24,2024,24,2024-02-06,P045,Zavier Lindqvist,True,40:08,2-12,1-6,3-3,1.0,4.0,2.0,2.0,0.0,2.0,1.0,8.0
2024-G24,2024,24,2024-02-06,P047,Eli Pellegrini,False,DNP,,,,,,,,,,,
2024-G24,2024,24,2024-02-06,P048,Moussa Baptiste,True,40:08,6-11,0-2,3-4,0.0,5.0,2.0,1.0,0.0,0.0,4.0,15.0
2024-G24,2024,24,2024-02-06,P050,Jaden Larsson,False,DNP,,,,,,,,,,,
2024-G24,2024,24,2024-02-06,P051,Wesley Hollenbeck,True,40:08,4-12,0-4,1-4,1.0,0.0,6.0,4.0,2.0,2.0,2.0,9.0
2024-G24,2024,24,2024-02-06,P053,Duncan Hollenbeck,False,7:11,2-3,0-1,0-0,1.0,0.0,0.0,0.0,0.0,0.0,2.0,4.0
2024-G24,2024,24,2024-02-06,P054,Cole Lindqvist,True,28:57,2-8,0-3,1-1,1.0,2.0,5.0,1.0,0.0,0.0,1.0,5.0
2024-G24,2024,24,2024-02-06,P055,Amir Montoya,False,7:25,2-3,1-1,1-1,0.0,1.0,1.0,1.0,0.0,2.0,0.0,6.0
2024-G24,2024,24,2024-02-06,P056,Caleb Gundersen,False,8:55,3-4,1-2,1-3,0.0,0.0,1.0,0.0,0.0,0.0,0.0,8.0
2024-G24,2024,24,2024-02-06,P057,Lucas Stankovic,False,DNP,,,,,,,,,,,
2024-G25,2024,25,2024-02-10,P042,Brandon Fontaine,False,11:05,3-4,0-0,3-4,0.0,1.0,0.0,0.0,0.0,1.0,0.0,9.0
2024-G25,2024,25,2024-02-10,P043,Cole Ustinov,False,13:36,1-6,1-2,1-1,0.0,0.0,0.0,0.0,2.0,0.0,0.0,4.0
2024-G25,2024,25,2024-02-10,P044,Desmond Baptiste,True,21:50,4-8,0-1,2-3,2.0,3.0,2.0,1.0,1.0,1.0,2.0,10.0
2024-G25,2024,25,2024-02-10,P045,Zavier Lindqvist,True,38:21,6-9,2-5,2-4,0.0,0.0,2.0,3.0,2.0,0.0,2.0,16.0
2024-G25,2024,25,2024-02-10,P047,Eli Pellegrini,False,DNP,,,,,,,,,,,
2024-G25,2024,25,2024-02-10,P048,Moussa Baptiste,True,38:21,7-10,0-2,3-3,2.0,1.0,0.0,3.0,1.0,0.0,2.0,17.0
2024-G25,2024,25,2024-02-10,P050,Jaden Larsson,False,9:35,2-3,1-1,0-0,1.0,1.0,0.0,1.0,1.0,0.0,0.0,5.0
2024-G25,2024,25,2024-02-10,P051,Wesley Hollenbeck,True,36:20,5-10,1-4,7-7,2.0,1.0,8.0,4.0,1.0,0.0,4.0,18.0
2024-G25,2024,25,2024-02-10,P053,Duncan Hollenbeck,False,DNP,,,,,,,,,,,
2024-G25,2024,25,2024-02-10,P054,Cole Lindqvist,True,24:05,4-5,2-2,0-0,0.0,3.0,5.0,2.0,0.0,0.0,1.0,10.0
2024-G25,2024,25,2024-02-10,P055,Amir Montoya,False,DNP,,,,,,,,,,,
2024-G25,2024,25,2024-02-10,P056,Caleb Gundersen,False,6:48,0-0,0-0,0-0,0.0,1.0,1.0,3.0,0.0,0.0,1.0,0.0
2024-G25,2024,25,2024-02-10,P057,Lucas Stankovic,False,DNP,,,,,,,,,,,
2024-G26,2024,26,2024-02-14,P042,Brandon Fontaine,False,DNP,,,,,,,,,,,
2024-G26,2024,26,2024-02-14,P043,Cole Ustinov,False,13:06,4-5,1-2,3-3,0.0,0.0,0.0,1.0,0.0,0.0,0.0,12.0
2024-G26,2024,26,2024-02-14,P044,Desmond Baptiste,True,23:58,4-6,1-1,0-3,3.0,4.0,1.0,0.0,1.0,0.0,1.0,9.0
2024-G26,2024,26,2024-02-14,P045,Zavier Lindqvist,True,36:28,5-7,2-3,2-3,2.0,4.0,3.0,2.0,2.0,0.0,1.0,14.0
2024-G26,2024,26,2024-02-14,P047,Eli Pellegrini,False,8:20,1-3,0-1,1-1,0.0,1.0,2.0,0.0,1.0,0.0,1.0,3.0
2024-G26,2024,26,2024-02-14,P048,Moussa Baptiste,True,38:00,4-9,2-3,0-0,0.0,4.0,1.0,1.0,0.0,0.0,0.0,10.0
2024-G26,2024,26,2024-02-14,P050,Jaden Larsson,False,DNP,,,,,,,,,,,
2024-G26,2024,26,2024-02-14,P051,Wesley Hollenbeck,True,33:53,10-12,1-3,3-3,1.0,4.0,0.0,2.0,0.0,0.0,3.0,24.0
2024-G26,2024,26,2024-02-14,P053,Duncan Hollenbeck,False,DNP,,,,,,,,,,,
2024-G26,2024,26,2024-02-14,P054,Cole Lindqvist,True,26:11,5-7,3-4,1-1,1.0,2.0,1.0,3.0,0.0,0.0,5.0,14.0
2024-G26,2024,26,2024-02-14,P055,Amir Montoya,False,7:40,2-2,1-1,0-0,1.0,0.0,1.0,0.0,0.0,0.0,0.0,5.0
2024-G26,2024,26,2024-02-14,P056,Caleb Gundersen,False,7:59,0-2,0-1,0-0,0.0,0.0,0.0,0.0,0.0,0.0,2.0,0.0
2024-G26,2024,26,2024-02-14,P057,Lucas Stankovic,False,4:25,0-0,0-0,0-1,0.0,0.0,0.0,0.0,0.0,0.0,1.0,0.0
2024-G27,2024,27,2024-02-18,P042,Brandon Fontaine,False,11:55,2-3,0-0,2-3,0.0,5.0,0.0,0.0,0.0,0.0,0.0,6.0
2024-G27,2024,27,2024-02-18,P043,Cole Ustinov,False,DNP,,,,,,,,,,,
2024-G27,2024,27,2024-02-18,P044,Desmond Baptiste,True,21:38,5-7,1-1,3-4,1.0,1.0,1.0,2.0,1.0,1.0,1.0,14.0
2024-G27,2024,27,2024-02-18,P045,Zavier Lindqvist,True,40:15,7-10,3-4,3-3,2.0,5.0,4.0,4.0,4.0,0.0,2.0,20.0
2024-G27,2024,27,2024-02-18,P047,Eli Pellegrini,False,8:10,1-3,0-1,0-1,0.0,1.0,2.0,1.0,0.0,0.0,1.0,2.0
2024-G27,2024,27,2024-02-18,P048,Moussa Baptiste,True,40:15,5-11,1-2,2-2,3.0,12.0,7.0,4.0,4.0,0.0,2.0,13.0
2024-G27,2024,27,2024-02-18,P050,Jaden Larsson,False,12:13,1-5,0-2,2-2,1.0,2.0,1.0,2.0,1.0,0.0,1.0,4.0
2024-G27,2024,27,2024-02-18,P051,Wesley Hollenbeck,True,36:29,6-10,2-4,3-5,0.0,0.0,8.0,1.0,2.0,1.0,1.0,17.0
2024-G27,2024,27,2024-02-18,P053,Duncan Hollenbeck,False,DNP,,,,,,,,,,,
2024-G27,2024,27,2024-02-18,P054,Cole Lindqvist,True,29:04,2-8,1-4,1-1,3.0,1.0,5.0,1.0,0.0,0.0,4.0,6.0
2024-G27,2024,27,2024-02-18,P055,Amir Montoya,False,DNP,,,,,,,,,,,
2024-G27,2024,27,2024-02-18,P056,Caleb Gundersen,False,DNP,,,,,,,,,,,
2024-G27,2024,27,2024-02-18,P057,Lucas Stankovic,False,DNP,,,,,,,,,,,
2024-G28,2024,28,2024-02-22,P042,Brandon Fontaine,False,13:35,2-3,0-0,0-1,2.0,1.0,0.0,1.0,0.0,3.0,0.0,4.0
2024-G28,2024,28,2024-02-22,P043,Cole Ustinov,False,14:35,5-7,1-2,4-4,0.0,2.0,0.0,2.0,1.0,0.0,0.0,15.0
2024-G28,2024,28,2024-02-22,P044,Desmond Baptiste,True,31:09,5-8,0-1,1-2,7.0,6.0,3.0,2.0,0.0,3.0,3.0,11.0
2024-G28,2024,28,2024-02-22,P045,Zavier Lindqvist,True,40:06,4-10,1-5,4-5,2.0,7.0,3.0,2.0,0.0,1.0,5.0,13.0
2024-G28,2024,28,2024-02-22,P047,Eli Pellegrini,False,DNP,,,,,,,,,,,
2024-G28,2024,28,2024-02-22,P048,Moussa Baptiste,True,40:06,2-9,0-3,3-3,2.0,4.0,3.0,1.0,1.0,1.0,4.0,7.0
2024-G28,2024,28,2024-02-22,P050,Jaden Larsson,False,12:09,4-6,2-2,1-2,0.0,3.0,0.0,1.0,1.0,0.0,2.0,11.0
2024-G28,2024,28,2024-02-22,P051,Wesley Hollenbeck,True,37:06,5-11,1-4,3-3,0.0,3.0,5.0,3.0,2.0,1.0,1.0,14.0
2024-G28,2024,28,2024-02-22,P053,Duncan Hollenbeck,False,DNP,,,,,,,,,,,
2024-G28,2024,28,2024-02-22,P054,Cole Lindqvist,True,31:25,5-8,2-4,2-3,1.0,1.0,4.0,3.0,2.0,0.0,4.0,14.0
2024-G28,2024,28,2024-02-22,P055,Amir Montoya,False,DNP,,,,,,,,,,,
2024-G28,2024,28,2024-02-22,P056,Caleb Gundersen,False,DNP,,,,,,,,,,,
2024-G28,2024,28,2024-02-22,P057,Lucas Stankovic,False,4:48,0-0,0-0,0-0,1.0,2.0,0.0,1.0,0.0,0.0,1.0,0.0
2024-G29,2024,29,2024-02-26,P042,Brandon Fontaine,False,12:00,2-3,0-0,3-3,0.0,4.0,0.0,0.0,1.0,1.0,1.0,7.0
2024-G29,2024,29,2024-02-26,P043,Cole Ustinov,False,13:56,3-6,0-2,3-3,1.0,3.0,0.0,1.0,1.0,0.0,2.0,9.0
2024-G29,2024,29,2024-02-26,P044,Desmond Baptiste,True,25:17,3-5,1-1,2-3,1.0,4.0,1.0,0.0,1.0,0.0,4.0,9.0
2024-G29,2024,29,2024-02-26,P045,Zavier Lindqvist,True,34:07,6-8,2-3,1-1,0.0,5.0,1.0,1.0,0.0,0.0,2.0,15.0
2024-G29,2024,29,2024-02-26,P047,Eli Pellegrini,False,DNP,,,,,,,,,,,
2024-G29,2024,29,2024-02-26,P048,Moussa Baptiste,True,34:57,5-8,1-2,2-3,1.0,7.0,0.0,6.0,1.0,1.0,2.0,13.0
2024-G29,2024,29,2024-02-26,P050,Jaden Larsson,False,11:43,1-5,0-2,1-1,2.0,0.0,0.0,1.0,1.0,0.0,0.0,3.0
2024-G29,2024,29,2024-02-26,P051,Wesley Hollenbeck,True,29:59,2-7,2-2,2-2,2.0,3.0,2.0,2.0,1.0,0.0,2.0,8.0
2024-G29,2024,29,2024-02-26,P053,Duncan Hollenbeck,False,DNP,,,,,,,,,,,
2024-G29,2024,29,2024-02-26,P054,Cole Lindqvist,True,23:04,0-6,0-3,3-4,0.0,0.0,4.0,2.0,1.0,0.0,2.0,3.0
2024-G29,2024,29,2024-02-26,P055,Amir Montoya,False,7:56,0-2,0-1,0-0,0.0,0.0,0.0,0.0,1.0,0.0,0.0,0.0
2024-G29,2024,29,2024-02-26,P056,Caleb Gundersen,False,7:01,0-1,0-0,0-0,0.0,0.0,3.0,0.0,0.0,0.0,1.0,0.0
2024-G29,2024,29,2024-02-26,P057,Lucas Stankovic,False,DNP,,,,,,,,,,,
2024-G30,2024,30,2024-03-01,P042,Brandon Fontaine,False,DNP,,,,,,,,,,,
2024-G30,2024,30,2024-03-01,P043,Cole Ustinov,False,12:37,4-7,2-2,0-1,0.0,1.0,1.0,1.0,1.0,1.0,0.0,10.0
2024-G30,2024,30,2024-03-01,P044,Desmond Baptiste,True,25:25,4-8,0-1,4-4,0.0,3.0,1.0,3.0,1.0,1.0,1.0,12.0
2024-G30,2024,30,2024-03-01,P045,Zavier Lindqvist,True,35:40,5-9,1-3,3-3,1.0,4.0,1.0,0.0,0.0,0.0,5.0,14.0
2024-G30,2024,30,2024-03-01,P047,Eli Pellegrini,False,6:34,1-3,0-1,0-0,0.0,0.0,0.0,1.0,1.0,0.0,0.0,2.0
2024-G30,2024,30,2024-03-01,P048,Moussa Baptiste,True,39:00,8-10,1-2,3-3,0.0,3.0,3.0,2.0,2.0,0.0,2.0,20.0
2024-G30,2024,30,2024-03-01,P050,Jaden Larsson,False,10:18,3-3,1-1,0-0,1.0,0.0,0.0,1.0,0.0,0.0,2.0,7.0
2024-G30,2024,30,2024-03-01,P051,Wesley Hollenbeck,True,36:46,5-11,0-4,3-3,0.0,2.0,6.0,1.0,0.0,0.0,1.0,13.0
2024-G30,2024,30,2024-03-01,P053,Duncan Hollenbeck,False,6:19,0-1,0-1,0-0,0.0,0.0,1.0,1.0,0.0,0.0,0.0,0.0
2024-G30,2024,30,2024-03-01,P054,Cole Lindqvist,True,23:28,1-6,0-3,2-2,1.0,1.0,2.0,0.0,1.0,1.0,2.0,4.0
2024-G30,2024,30,2024-03-01,P055,Amir Montoya,False,DNP,,,,,,,,,,,
2024-G30,2024,30,2024-03-01,P056,Caleb Gundersen,False,DNP,,,,,,,,,,,
2024-G30,2024,30,2024-03-01,P057,Lucas Stankovic,False,3:53,0-0,0-0,0-1,0.0,0.0,0.0,0.0,0.0,0.0,0.0,0.0
2024-G31,2024,31,2024-03-05,P042,Brandon Fontaine,False,15:48,3-6,0-0,1-1,2.0,3.0,0.0,2.0,0.0,1.0,0.0,7.0
2024-G31,2024,31,2024-03-05,P043,Cole Ustinov,False,DNP,,,,,,,,,,,
2024-G31,2024,31,2024-03-05,P044,Desmond Baptiste,True,27:43,3-8,0-2,3-3,4.0,8.0,1.0,2.0,0.0,2.0,1.0,9.0
2024-G31,2024,31,2024-03-05,P045,Zavier Lindqvist,True,39:48,4-10,2-5,1-1,2.0,2.0,3.0,4.0,2.0,0.0,2.0,11.0
2024-G31,2024,31,2024-03-05,P047,Eli Pellegrini,False,8:34,0-4,0-1,0-0,0.0,0.0,1.0,0.0,1.0,0.0,1.0,0.0
2024-G31,2024,31,2024-03-05,P048,Moussa Baptiste,True,39:48,4-9,0-2,4-4,1.0,6.0,4.0,3.0,2.0,0.0,2.0,12.0
2024-G31,2024,31,2024-03-05,P050,Jaden Larsson,False,13:45,5-9,2-4,2-2,1.0,0.0,0.0,1.0,0.0,0.0,1.0,14.0
2024-G31,2024,31,2024-03-05,P051,Wesley Hollenbeck,True,39:48,6-12,1-5,3-3,1.0,2.0,4.0,0.0,3.0,0.0,2.0,16.0
2024-G31,2024,31,2024-03-05,P053,Duncan Hollenbeck,False,DNP,,,,,,,,,,,
2024-G31,2024,31,2024-03-05,P054,Cole Lindqvist,True,30:23,2-7,1-3,1-1,2.0,1.0,4.0,3.0,3.0,0.0,2.0,6.0
2024-G31,2024,31,2024-03-05,P055,Amir Montoya,False,9:23,0-3,0-2,0-1,0.0,2.0,0.0,2.0,0.0,0.0,1.0,0.0
2024-G31,2024,31,2024-03-05,P056,Caleb Gundersen,False,DNP,,,,,,,,,,,
2024-G31,2024,31,2024-03-05,P057,Lucas Stankovic,False,DNP,,,,,,,,,,,
2024-G32,2024,32,2024-03-09,P042,Brandon Fontaine,False,14:05,2-7,0-0,3-3,1.0,1.0,1.0,1.0,0.0,0.0,1.0,7.0
2024-G32,2024,32,2024-03-09,P043,Cole Ustinov,False,DNP,,,,,,,,,,,
2024-G32,2024,32,2024-03-09,P044,Desmond Baptiste,True,22:41,4-6,1-1,1-1,0.0,3.0,2.0,2.0,0.0,1.0,2.0,10.0
2024-G32,2024,32,2024-03-09,P045,Zavier Lindqvist,True,39:50,5-11,3-4,1-1,1.0,4.0,1.0,1.0,1.0,1.0,1.0,14.0
2024-G32,2024,32,2024-03-09,P047,Eli Pellegrini,False,DNP,,,,,,,,,,,
2024-G32,2024,32,2024-03-09,P048,Moussa Baptiste,True,39:50,6-12,2-3,2-3,0.0,5.0,1.0,5.0,2.0,0.0,1.0,16.0
2024-G32,2024,32,2024-03-09,P050,Jaden Larsson,False,DNP,,,,,,,,,,,
2024-G32,2024,32,2024-03-09,P051,Wesley Hollenbeck,True,37:51,5-14,2-4,3-5,2.0,2.0,2.0,0.0,0.0,1.0,2.0,15.0
2024-G32,2024,32,2024-03-09,P053,Duncan Hollenbeck,False,6:27,1-2,1-1,0-1,0.0,2.0,1.0,2.0,1.0,0.0,2.0,3.0
2024-G32,2024,32,2024-03-09,P054,Cole Lindqvist,True,29:46,5-11,3-7,2-3,0.0,0.0,2.0,1.0,1.0,0.0,5.0,15.0
2024-G32,2024,32,2024-03-09,P055,Amir Montoya,False,9:31,0-2,0-1,0-1,1.0,0.0,0.0,1.0,0.0,0.0,0.0,0.0
2024-G32,2024,32,2024-03-09,P056,Caleb Gundersen,False,DNP,,,,,,,,,,,
2024-G32,2024,32,2024-03-09,P057,Lucas Stankovic,False,DNP,,,,,,,,,,,
