event_id,game_id,period,description
E00001,2024-G01,1,HIT 19:17 MICH #26 A. Quintero
E00002,2024-G01,1,SHOT 18:54 MICH #4 J. Ferris
E00003,2024-G01,1,"PENALTY 18:37 NIAG #12 N. Thibault (Hooking, 2 min)  "
E00004,2024-G01,1,"PENALTY 18:19 NIAG #10 M. Gauthier (Cross-checking, 2 min)"
E00005,2024-G01,1,SHOT 18:14 NIAG #4 C. Yakimov  
E00006,2024-G01,1,BLOCK 17:51 NIAG #7 T. Thibault
E00007,2024-G01,1,SHOT 17:30 NIAG #39 P. Kuznetsov
E00008,2024-G01,1,SHOT 17:15 MICH #12 S. Rutledge
E00009,2024-G01,1,SHOT 16:44 MICH #20 G. Pasternak
E00010,2024-G01,1,"PENALTY 16:13 MICH #4 J. Ferris (Delay of Game, 2 min)"
E00011,2024-G01,1,SHOT 16:10 MICH #19 B. Lindgren
E00012,2024-G01,1,BLOCK 14:46 MICH #12 S. Rutledge  
E00013,2024-G01,1,SHOT 14:25 MICH #21 W. Achterberg
E00014,2024-G01,1,SHOT 13:32 NIAG #38 D. Gauthier
E00015,2024-G01,1,SHOT 12:47 MICH #6 L. O'Halloran
E00016,2024-G01,1,SHOT 11:16 NIAG #25 K. Halvorson
E00017,2024-G01,1,SHOT 10:50 MICH #19 B. Lindgren
E00018,2024-G01,1,"PENALTY 10:44 NIAG #9 E. Nilsson (High-sticking, 2 min)"
E00019,2024-G01,1,HIT 10:04 NIAG #30 N. Kuznetsov
E00020,2024-G01,1,SHOT 09:28 MICH #27 T. Ilves
E00021,2024-G01,1,HIT 9:21 NIAG #29 M. Ives
E00022,2024-G01,1,  HIT 09:10 NIAG #12 R. Fitzpatrick
E00023,2024-G01,1,  BLOCK 8:07 MICH #19 B. Lindgren
E00024,2024-G01,1,  SHOT 07:39 NIAG #33 A. Halvorson
E00025,2024-G01,1,"  PENALTY 05:31 NIAG #20 A. Peterson (Hooking, 2 min)"
E00026,2024-G01,1,TAKEAWAY 04:13 NIAG #17 T. Rasmussen  
E00027,2024-G01,1,SHOT 03:52 MICH #8 R. St. Pierre
E00028,2024-G01,1,SHOT 03:14 NIAG #10 F. Halvorson
E00029,2024-G01,1,TAKEAWAY 1:45 MICH #21 W. Achterberg
E00030,2024-G01,1,HIT 01:29 MICH #27 T. Ilves
E00031,2024-G01,1,BLOCK 01:24 NIAG  #4 T. Halvorson
E00032,2024-G01,1,SHOT 0:26 MICH #22 F. Delacroix
E00033,2024-G01,1,BLOCK 00:12 MICH #26 A. Quintero  
E00034,2024-G01,2,SHOT 19:32 NIAG #22 G. Doyle
E00035,2024-G01,2,HIT 17:06 NIAG #21 C. Ostberg
E00036,2024-G01,2,BLOCK 16:54 MICH #10 E. Marchand
E00037,2024-G01,2,SHOT 16:38 NIAG #27 K. Doyle
E00038,2024-G01,2,BLOCK 16:17 MICH #6 L. O'Halloran
E00039,2024-G01,2,  GOAL 16:05 MICH #29 J. Teodoro (A: #28 M. Halloran) [EV]
E00040,2024-G01,2,SHOT 15:51 NIAG #37 F. Quill
E00041,2024-G01,2,BLOCK 14:38 NIAG #38 M. Vasquez  
E00042,2024-G01,2,SHOT 14:29 NIAG #36 F. Vasquez
E00043,2024-G01,2,SHOT 14:25 MICH #21 W. Achterberg
E00044,2024-G01,2,TAKEAWAY 13:33 NIAG #7 B. Ostberg
E00045,2024-G01,2,HIT 12:56 MICH #12 S. Rutledge
E00046,2024-G01,2,SHOT 12:05 NIAG #12 S. Alderson
E00047,2024-G01,2,"PENALTY 11:47 MICH #11 D. Ochoa (High-sticking, 2 min)"
E00048,2024-G01,2,BLOCK 11:39 MICH #8 R. St. Pierre
E00049,2024-G01,2,SHOT 11:38 MICH #19 B. Lindgren
E00050,2024-G01,2,SHOT 11:10 NIAG #16 E. Thibault
E00051,2024-G01,2,  SHOT 10:46 MICH #8 R. St. Pierre
E00052,2024-G01,2,"PENALTY 10:45 NIAG #33 J. Savard (Slashing, 2 min)"
E00053,2024-G01,2,BLOCK 10:33 NIAG #36 D. Halvorson
E00054,2024-G01,2,"GOAL 09:03 MICH #24 V. Sepp (A: #11 D. Ochoa, #23 M. Boychuk) [EV]"
E00055,2024-G01,2,"GOAL 06:43 MICH #4 J. Ferris (A: #18 H. Okafor, #21 W. Achterberg) [PP]"
E00056,2024-G01,2,HIT 5:27 MICH #8 R. St. Pierre  
E00057,2024-G01,2,  SHOT 05:03 NIAG #26 B. Alderson
E00058,2024-G01,2,SHOT 4:28 NIAG #32 K. Ives
E00059,2024-G01,2,SHOT 04:03 NIAG #15 T. Eklund
E00060,2024-G01,2,HIT 03:35 MICH #18 H. Okafor
E00061,2024-G01,2,SHOT 3:21 MICH #23 M. Boychuk
E00062,2024-G01,2,HIT 3:14 MICH #28 M. Halloran
E00063,2024-G01,2,SHOT 02:11 NIAG #7 S. Doyle
E00064,2024-G01,2,SHOT 1:55 MICH #22 F. Delacroix
E00065,2024-G01,2,  HIT 00:08 MICH #12 S. Rutledge
E00066,2024-G01,3,SHOT 18:49 NIAG #6 P. Cormier
E00067,2024-G01,3,  GOAL 18:48 MICH #9 R. Karr (A: #24 V. Sepp) [EV]
E00068,2024-G01,3,  BLOCK 18:05 NIAG #28 A. Vasquez
E00069,2024-G01,3,  SHOT 18:04 NIAG #26 S. Thibault
E00070,2024-G01,3,SHOT 17:41 NIAG #34 B. Maloney
E00071,2024-G01,3,  SHOT 17:04 NIAG #5 N. Gauthier
E00072,2024-G01,3,SHOT 15:50 NIAG #10 H. Alderson
E00073,2024-G01,3,SHOT 15:00 MICH #22 F. Delacroix
E00074,2024-G01,3,HIT 14:57 MICH  #20 G. Pasternak
E00075,2024-G01,3,HIT 13:49 NIAG #21 D. Ostberg
E00076,2024-G01,3,HIT 13:25 NIAG #33 E. Jarvis
E00077,2024-G01,3,  TAKEAWAY 12:36 MICH #16 K. Nystrom
E00078,2024-G01,3,SHOT 12:25 NIAG  #1 C. Maloney
E00079,2024-G01,3,SHOT 12:17 NIAG #38 F. Nilsson
E00080,2024-G01,3,BLOCK 11:43 NIAG #37 N. Jarvis
E00081,2024-G01,3,SHOT 11:21 MICH #27 T. Ilves
E00082,2024-G01,3,TAKEAWAY 9:11 MICH #44 Z. Vandenberg
E00083,2024-G01,3,TAKEAWAY 08:29 MICH #6 L. O'Halloran
E00084,2024-G01,3,SHOT 8:20 NIAG #10 R. Savard
E00085,2024-G01,3,GOAL 07:59 NIAG #4 T. Alderson (A: #12 C. Eklund) [EN]  
E00086,2024-G01,3,"GOAL 07:01 MICH #11 D. Ochoa (A: #12 S. Rutledge, #16 K. Nystrom) [EV]"
E00087,2024-G01,3,HIT 06:59 MICH #26 A. Quintero
E00088,2024-G01,3,SHOT 05:39 NIAG #12 L. Thibault
E00089,2024-G01,3,SHOT 05:33 NIAG #1 E. Ostberg
E00090,2024-G01,3,SHOT 4:51 NIAG #36 J. Whelan
E00091,2024-G01,3,SHOT 04:45 NIAG #13 R. Rasmussen
E00092,2024-G01,3,SHOT 04:04 NIAG #17 E. Savard
E00093,2024-G01,3,"PENALTY 04:02 MICH #44 Z. Vandenberg (Tripping, 2 min)"
E00094,2024-G01,3,  SHOT 3:48 MICH #18 H. Okafor
E00095,2024-G01,3,HIT 2:32 MICH #8 R. St. Pierre
E00096,2024-G01,3,HIT 2:10 NIAG #8 S. Jarvis
E00097,2024-G01,3,"GOAL 01:35 MICH #20 G. Pasternak (A: #22 F. Delacroix, #19 B. Lindgren) [EV]"
E00098,2024-G01,3,BLOCK 1:04 NIAG #11 L. Peterson
E00099,2024-G01,3,  SHOT 00:58 MICH #6 L. O'Halloran
E00100,2024-G02,1,SHOT 19:47 MICH #24 V. Sepp  
E00101,2024-G02,1,SHOT 17:38 FSU #32 R. Underwood
E00102,2024-G02,1,SHOT 17:29 MICH #20 G. Pasternak
E00103,2024-G02,1,SHOT 17:10 MICH #19 B. Lindgren
E00104,2024-G02,1,"PENALTY 16:35 MICH #2 P. Vander-Meer (Tripping, 2 min)"
E00105,2024-G02,1,SHOT 16:33 MICH #27 T. Ilves
E00106,2024-G02,1,SHOT 15:26 FSU #15 J. Fitzpatrick
E00107,2024-G02,1,SHOT 14:34 MICH #4 J. Ferris
E00108,2024-G02,1,"PENALTY 14:04 MICH  #11 D. Ochoa (Tripping, 2 min)"
E00109,2024-G02,1,SHOT 13:15 FSU #16 F. Whelan
E00110,2024-G02,1,  SHOT 11:35 MICH #22 F. Delacroix
E00111,2024-G02,1,SHOT 10:53 MICH #19 B. Lindgren
E00112,2024-G02,1,HIT 08:47 FSU #31 V. Rasmussen
E00113,2024-G02,1,BLOCK 08:36 MICH #44 Z. Vandenberg
E00114,2024-G02,1,TAKEAWAY 08:20 FSU #35 W. Halvorson
E00115,2024-G02,1,BLOCK 07:55 FSU #7 F. Savard
E00116,2024-G02,1,SHOT 06:43 FSU #7 D. Jarvis  
E00117,2024-G02,1,SHOT 05:27 FSU #33 K. Whelan
E00118,2024-G02,1,SHOT 04:49 FSU #37 N. Gauthier
E00119,2024-G02,1,"PENALTY 04:04 MICH #20 G. Pasternak (Tripping, 2 min)"
E00120,2024-G02,1,"GOAL 03:24 MICH #4 J. Ferris (A: #9 R. Karr, #21 W. Achterberg) [PP]"
E00121,2024-G02,1,HIT 03:04 MICH #9 R. Karr
E00122,2024-G02,1,SHOT 02:59 FSU #32 E. Halvorson
E00123,2024-G02,1,SHOT 02:11 MICH  #29 J. Teodoro
E00124,2024-G02,1,TAKEAWAY 02:09 FSU #13 J. Gauthier
E00125,2024-G02,1,"PENALTY 01:41 MICH  #2 P. Vander-Meer (High-sticking, 2 min)"
E00126,2024-G02,1,TAKEAWAY 00:54 FSU #20 N. Fitzpatrick
E00127,2024-G02,2,SHOT 19:45 FSU #36 J. Halvorson
E00128,2024-G02,2,HIT 19:30 FSU #9 W. Nilsson
E00129,2024-G02,2,SHOT 18:48 MICH #27 T. Ilves
E00130,2024-G02,2,HIT 17:55 FSU #26 T. Beauchamp
E00131,2024-G02,2,HIT 16:18 FSU #33 K. Vasquez
E00132,2024-G02,2,HIT 14:41 MICH #2 P. Vander-Meer
E00133,2024-G02,2,"PENALTY 14:20 MICH #20 G. Pasternak (Delay of Game, 2 min)"
E00134,2024-G02,2,SHOT 14:02 MICH #19 B. Lindgren
E00135,2024-G02,2,SHOT 12:13 MICH #9 R. Karr
E00136,2024-G02,2,GOAL 11:31 MICH #10 E. Marchand (unassisted) [EV]
E00137,2024-G02,2,SHOT 11:25 FSU #34 L. Quill
E00138,2024-G02,2,SHOT 11:18 MICH  #27 T. Ilves
E00139,2024-G02,2,SHOT 11:16 FSU #26 P. Ives
E00140,2024-G02,2,SHOT 10:57 MICH #20 G. Pasternak
E00141,2024-G02,2,SHOT 10:28 FSU #13 J. Kuznetsov
E00142,2024-G02,2,SHOT 09:59 FSU #9 F. Rasmussen
E00143,2024-G02,2,SHOT 09:09 MICH #16 K. Nystrom
E00144,2024-G02,2,HIT 08:51 FSU #30 E. Yakimov
E00145,2024-G02,2,HIT 08:23 FSU  #7 P. Cormier
E00146,2024-G02,2,BLOCK 7:53 MICH #14 C. Wiegand
E00147,2024-G02,2,SHOT 04:21 FSU #32 F. Cormier
E00148,2024-G02,2,SHOT 04:16 FSU #16 F. Eklund
E00149,2024-G02,2,SHOT 03:10 FSU #1 K. Eklund
E00150,2024-G02,2,TAKEAWAY 2:22 FSU #4 B. Ostberg
E00151,2024-G02,2,SHOT 2:09 MICH #2 P. Vander-Meer
E00152,2024-G02,2,SHOT 2:06 MICH #10 E. Marchand
E00153,2024-G02,2,  BLOCK 01:11 MICH #20 G. Pasternak
E00154,2024-G02,2,SHOT 00:11 MICH  #24 V. Sepp
E00155,2024-G02,3,SHOT 19:26 FSU #34 N. Thibault
E00156,2024-G02,3,TAKEAWAY 19:21 FSU #4 J. Whelan
E00157,2024-G02,3,SHOT 18:10 MICH #27 T. Ilves
E00158,2024-G02,3,SHOT 18:02 MICH #23 M. Boychuk
E00159,2024-G02,3,SHOT 17:41 FSU #10 K. Quill
E00160,2024-G02,3,"PENALTY 16:47 MICH #20 G. Pasternak (Tripping, 2 min)"
E00161,2024-G02,3,"PENALTY 16:43 MICH  #19 B. Lindgren (Tripping, 2 min)"
E00162,2024-G02,3,SHOT 15:49 FSU  #39 M. Jarvis
E00163,2024-G02,3,SHOT 15:35 FSU  #17 H. Rasmussen
E00164,2024-G02,3,"PENALTY 15:31 MICH #9 R. Karr (High-sticking, 2 min)"
E00165,2024-G02,3,SHOT 14:47 MICH #23 M. Boychuk
E00166,2024-G02,3,SHOT 14:30 MICH #11 D. Ochoa
E00167,2024-G02,3,GOAL 10:28 MICH #16 K. Nystrom (A: #9 R. Karr) [PP]
E00168,2024-G02,3,HIT 10:07 FSU #36 R. Beauchamp
E00169,2024-G02,3,"GOAL 9:58 FSU #37 L. Maloney (A: #34 V. Jarvis, #28 T. Underwood) [EV]"
E00170,2024-G02,3,SHOT 9:02 FSU  #33 R. Cormier
E00171,2024-G02,3,SHOT 09:00 MICH #25 O. Brightwater  
E00172,2024-G02,3,GOAL 08:53 MICH #19 B. Lindgren (A: #8 R. St. Pierre) [EV]
E00173,2024-G02,3,SHOT 08:47 MICH #24 V. Sepp
E00174,2024-G02,3,GOAL 08:31 MICH #23 M. Boychuk (A: #25 O. Brightwater) [EV]
E00175,2024-G02,3,SHOT 08:12 MICH #4 J. Ferris
E00176,2024-G02,3,HIT 06:27 FSU #34 S. Maloney
E00177,2024-G02,3,SHOT 05:49 MICH #20 G. Pasternak  
E00178,2024-G02,3,SHOT 05:39 FSU #28 C. Eklund
E00179,2024-G02,3,SHOT 05:15 FSU #37 W. Savard
E00180,2024-G02,3,HIT 4:56 MICH #11 D. Ochoa
E00181,2024-G02,3,SHOT 04:18 FSU #2 S. Peterson
E00182,2024-G02,3,HIT 03:56 FSU #7 R. Ostberg
E00183,2024-G02,3,HIT 02:03 MICH #9 R. Karr
E00184,2024-G02,3,SHOT 1:30 FSU  #8 A. Jarvis
E00185,2024-G03,1,HIT 19:49 WISC #33 J. Eklund
E00186,2024-G03,1,SHOT 18:48 WISC #26 M. Ostberg
E00187,2024-G03,1,SHOT 16:48 WISC #23 C. Savard
E00188,2024-G03,1,SHOT 16:17 WISC #39 C. Vasquez
E00189,2024-G03,1,SHOT 16:00 WISC #10 J. Ostberg
E00190,2024-G03,1,SHOT 15:52 WISC #37 F. Rasmussen
E00191,2024-G03,1,BLOCK 15:30 MICH #16 K. Nystrom
E00192,2024-G03,1,HIT 14:47 MICH #23 M. Boychuk
E00193,2024-G03,1,SHOT 13:38 WISC #10 R. Thibault
E00194,2024-G03,1,SHOT 13:18 MICH #6 L. O'Halloran
E00195,2024-G03,1,SHOT 13:11 MICH #27 T. Ilves
E00196,2024-G03,1,SHOT 13:09 WISC #12 L. Rasmussen
E00197,2024-G03,1,"PENALTY 12:48 MICH #17 T. Brennan (Cross-checking, 2 min)"
E00198,2024-G03,1,SHOT 11:01 MICH #8 R. St. Pierre
E00199,2024-G03,1,"  PENALTY 10:54 MICH #6 L. O'Halloran (Too Many Men, 2 min)"
E00200,2024-G03,1,HIT 9:39 WISC #36 K. Nilsson
E00201,2024-G03,1,HIT 09:38 WISC #15 K. Lachance
E00202,2024-G03,1,SHOT 08:14 MICH #26 A. Quintero
E00203,2024-G03,1,SHOT 07:42 MICH #2 P. Vander-Meer  
E00204,2024-G03,1,  HIT 06:51 MICH #10 E. Marchand
E00205,2024-G03,1,BLOCK 5:54 MICH #22 F. Delacroix
E00206,2024-G03,1,SHOT 05:45 WISC #8 L. Cormier
E00207,2024-G03,1,"PENALTY 05:25 WISC #6 T. Cormier (Slashing, 2 min)"
E00208,2024-G03,1,  BLOCK 5:03 MICH #24 V. Sepp
E00209,2024-G03,1,HIT 04:56 WISC #18 V. Cormier  
E00210,2024-G03,1,HIT 4:41 WISC #25 R. Quill
E00211,2024-G03,1,TAKEAWAY 03:27 MICH #9 R. Karr
E00212,2024-G03,1,SHOT 03:24 MICH #9 R. Karr
E00213,2024-G03,1,SHOT 03:10 MICH #4 J. Ferris
E00214,2024-G03,1,"PENALTY 02:46 WISC #8 M. Vasquez (Tripping, 2 min)"
E00215,2024-G03,1,HIT 01:46 MICH #24 V. Sepp
E00216,2024-G03,1,BLOCK 01:39 WISC #28 F. Kuznetsov
E00217,2024-G03,1,SHOT 00:35 MICH #6 L. O'Halloran
E00218,2024-G03,1,SHOT 00:31 WISC #4 T. Alderson
E00219,2024-G03,1,SHOT 00:28 MICH #24 V. Sepp
E00220,2024-G03,1,SHOT 00:27 WISC #37 E. Ives
E00221,2024-G03,2,"PENALTY 19:18 WISC #29 N. Quill (Interference, 2 min)"
E00222,2024-G03,2,SHOT 18:41 MICH #20 G. Pasternak
E00223,2024-G03,2,"PENALTY 18:40 MICH #23 M. Boychuk (Delay of Game, 2 min)  "
E00224,2024-G03,2,  SHOT 17:58 MICH #6 L. O'Halloran
E00225,2024-G03,2,SHOT 17:40 MICH #21 W. Achterberg
E00226,2024-G03,2,SHOT 17:09 WISC #26 W. Cormier
E00227,2024-G03,2,BLOCK 16:06 MICH #22 F. Delacroix
E00228,2024-G03,2,SHOT 15:43 MICH #17 T. Brennan  
E00229,2024-G03,2,SHOT 15:24 WISC #25 F. Gauthier
E00230,2024-G03,2,SHOT 14:46 WISC  #18 N. Whelan
E00231,2024-G03,2,SHOT 14:40 MICH #11 D. Ochoa
E00232,2024-G03,2,HIT 13:09 WISC #20 T. Thibault
E00233,2024-G03,2,HIT 11:55 WISC #9 F. Doyle
E00234,2024-G03,2,HIT 11:15 MICH #2 P. Vander-Meer
E00235,2024-G03,2,SHOT 11:10 WISC #4 A. Kuznetsov
E00236,2024-G03,2,SHOT 10:50 WISC #11 H. Quill
E00237,2024-G03,2,SHOT 10:41 WISC #5 S. Savard
E00238,2024-G03,2,SHOT 9:56 WISC #14 C. Gauthier
E00239,2024-G03,2,SHOT 09:46 WISC #9 P. Savard
E00240,2024-G03,2,SHOT 9:45 MICH #11 D. Ochoa
E00241,2024-G03,2,SHOT 09:41 MICH #25 O. Brightwater
E00242,2024-G03,2,BLOCK 09:13 MICH #12 S. Rutledge
E00243,2024-G03,2,HIT 08:31 MICH #29 J. Teodoro
E00244,2024-G03,2,GOAL 07:22 MICH #14 C. Wiegand (unassisted) [EV]
E00245,2024-G03,2,SHOT 06:25 WISC #14 R. Gauthier
E00246,2024-G03,2,"PENALTY 5:51 MICH #11 D. Ochoa (Roughing, 2 min)"
E00247,2024-G03,2,BLOCK 5:42 WISC #7 E. Quill
E00248,2024-G03,2,HIT 05:06 WISC #12 G. Alderson
E00249,2024-G03,2,"PENALTY 2:24 MICH #23 M. Boychuk (Roughing, 2 min)"
E00250,2024-G03,2,SHOT 02:12 WISC #30 L. Yakimov
E00251,2024-G03,2,SHOT 1:26 MICH #10 E. Marchand
E00252,2024-G03,3,  HIT 19:45 MICH #44 Z. Vandenberg
E00253,2024-G03,3,SHOT 19:42 MICH #11 D. Ochoa
E00254,2024-G03,3,BLOCK 18:25 WISC  #14 H. Doyle
E00255,2024-G03,3,SHOT 17:59 WISC #14 F. Maloney
E00256,2024-G03,3,SHOT 17:39 MICH  #8 R. St. Pierre
E00257,2024-G03,3,SHOT 17:33 WISC #8 P. Whelan
E00258,2024-G03,3,  SHOT 17:27 WISC #22 L. Alderson
E00259,2024-G03,3,SHOT 17:09 WISC #27 G. Peterson
E00260,2024-G03,3,"PENALTY 16:47 MICH #17 T. Brennan (Holding, 2 min)  "
E00261,2024-G03,3,TAKEAWAY 16:39 WISC #35 K. Ostberg
E00262,2024-G03,3,SHOT 15:44 WISC #38 L. Kuznetsov
E00263,2024-G03,3,BLOCK 15:39 WISC #27 B. Lachance
E00264,2024-G03,3,SHOT 15:09 WISC #20 R. Fitzpatrick
E00265,2024-G03,3,HIT 14:25 MICH  #25 O. Brightwater
E00266,2024-G03,3,SHOT 14:10 WISC #17 D. Maloney
E00267,2024-G03,3,"  GOAL 13:31 MICH #29 J. Teodoro (A: #17 T. Brennan, #26 A. Quintero) [EV]"
E00268,2024-G03,3,SHOT 13:00 WISC  #9 J. Nilsson
E00269,2024-G03,3,SHOT 12:59 WISC #35 R. Fitzpatrick
E00270,2024-G03,3,SHOT 11:38 MICH #9 R. Karr
E00271,2024-G03,3,  SHOT 11:11 WISC #13 R. Yakimov
E00272,2024-G03,3,"PENALTY 10:49 MICH  #4 J. Ferris (Cross-checking, 2 min)"
E00273,2024-G03,3,SHOT 10:45 WISC #18 G. Jarvis
E00274,2024-G03,3,SHOT 09:29 MICH #20 G. Pasternak
E00275,2024-G03,3,HIT 08:11 WISC #32 G. Thibault
E00276,2024-G03,3,BLOCK 8:03 WISC #21 B. Savard
E00277,2024-G03,3,SHOT 07:28 MICH #20 G. Pasternak  
E00278,2024-G03,3,  HIT 7:01 MICH #16 K. Nystrom
E00279,2024-G03,3,HIT 06:42 MICH #21 W. Achterberg
E00280,2024-G03,3,BLOCK 06:01 WISC #32 M. Quill
E00281,2024-G03,3,SHOT 06:00 WISC #23 S. Whelan
E00282,2024-G03,3,SHOT 05:55 MICH #29 J. Teodoro
E00283,2024-G03,3,"PENALTY 05:38 WISC #23 W. Savard (Boarding, 5 min)"
E00284,2024-G03,3,  SHOT 03:23 MICH #20 G. Pasternak
E00285,2024-G03,3,SHOT 3:20 MICH #25 O. Brightwater
E00286,2024-G03,3,  BLOCK 3:02 MICH #29 J. Teodoro
E00287,2024-G03,3,SHOT 02:56 MICH #27 T. Ilves
E00288,2024-G03,3,SHOT 1:34 MICH  #44 Z. Vandenberg
E00289,2024-G03,3,BLOCK 01:07 WISC #35 H. Beauchamp
E00290,2024-G03,3,SHOT 0:20 WISC #11 K. Savard
E00291,2024-G04,1,HIT 18:53 LIN #23 H. Gauthier
E00292,2024-G04,1,SHOT 17:53 LIN #37 F. Eklund
E00293,2024-G04,1,SHOT 17:44 LIN #21 E. Halvorson
E00294,2024-G04,1,BLOCK 17:32 LIN #25 E. Yakimov
E00295,2024-G04,1,GOAL 16:32 MICH #19 B. Lindgren (unassisted) [EV]
E00296,2024-G04,1,SHOT 15:48 LIN #11 L. Quill
E00297,2024-G04,1,"GOAL 14:41 LIN #4 V. Quill (A: #9 A. Quill, #30 V. Cormier) [EV]"
E00298,2024-G04,1,SHOT 14:14 MICH #20 G. Pasternak
E00299,2024-G04,1,SHOT 13:59 MICH #10 E. Marchand
E00300,2024-G04,1,  SHOT 13:08 MICH #10 E. Marchand
E00301,2024-G04,1,SHOT 10:29 LIN #3 N. Cormier
E00302,2024-G04,1,SHOT 9:54 MICH #20 G. Pasternak
E00303,2024-G04,1,"PENALTY 09:05 MICH #27 T. Ilves (Tripping, 2 min)"
E00304,2024-G04,1,SHOT 09:03 LIN  #32 J. Lachance
E00305,2024-G04,1,SHOT 7:16 LIN #16 H. Gauthier
E00306,2024-G04,1,SHOT 05:56 MICH #12 S. Rutledge
E00307,2024-G04,1,SHOT 05:55 MICH #24 V. Sepp
E00308,2024-G04,1,SHOT 5:35 MICH #19 B. Lindgren
E00309,2024-G04,1,SHOT 05:32 LIN #7 P. Yakimov
E00310,2024-G04,1,  BLOCK 05:26 MICH #2 P. Vander-Meer
E00311,2024-G04,1,SHOT 05:23 MICH #18 H. Okafor
E00312,2024-G04,1,SHOT 3:46 MICH #22 F. Delacroix
E00313,2024-G04,1,SHOT 03:43 LIN #2 J. Ives
E00314,2024-G04,1,SHOT 03:11 MICH #21 W. Achterberg
E00315,2024-G04,1,HIT 2:49 MICH #6 L. O'Halloran
E00316,2024-G04,1,SHOT 02:29 LIN #14 H. Maloney
E00317,2024-G04,1,TAKEAWAY 01:57 LIN #39 A. Doyle
E00318,2024-G04,1,SHOT 01:39 MICH #22 F. Delacroix
E00319,2024-G04,1,"PENALTY 1:09 MICH #44 Z. Vandenberg (High-sticking, 2 min)"
E00320,2024-G04,1,SHOT 0:48 LIN #18 A. Underwood  
E00321,2024-G04,2,SHOT 18:11 LIN #18 S. Underwood
E00322,2024-G04,2,SHOT 17:06 LIN #9 L. Whelan
E00323,2024-G04,2,SHOT 16:37 MICH #10 E. Marchand
E00324,2024-G04,2,HIT 16:31 MICH #6 L. O'Halloran
E00325,2024-G04,2,SHOT 16:08 MICH #25 O. Brightwater  
E00326,2024-G04,2,SHOT 15:34 LIN #35 P. Eklund
E00327,2024-G04,2,BLOCK 15:33 LIN #34 T. Vasquez
E00328,2024-G04,2,GOAL 13:43 LIN #9 G. Alderson (A: #33 P. Jarvis) [EV]
E00329,2024-G04,2,SHOT 12:27 LIN #24 P. Quill
E00330,2024-G04,2,SHOT 11:26 MICH #20 G. Pasternak
E00331,2024-G04,2,SHOT 10:13 MICH #26 A. Quintero  
E00332,2024-G04,2,HIT 9:58 LIN #26 K. Peterson
E00333,2024-G04,2,GOAL 09:52 MICH #12 S. Rutledge (A: #17 T. Brennan) [EV]
E00334,2024-G04,2,TAKEAWAY 09:05 MICH #11 D. Ochoa
E00335,2024-G04,2,SHOT 8:57 MICH #18 H. Okafor
E00336,2024-G04,2,SHOT 08:56 MICH #10 E. Marchand
E00337,2024-G04,2,SHOT 8:44 LIN #14 G. Rasmussen  
E00338,2024-G04,2,HIT 08:21 LIN #39 E. Yakimov
E00339,2024-G04,2,SHOT 8:11 MICH #11 D. Ochoa
E00340,2024-G04,2,"PENALTY 08:00 LIN #26 B. Thibault (Tripping, 2 min)"
E00341,2024-G04,2,SHOT 07:42 MICH #16 K. Nystrom
E00342,2024-G04,2,BLOCK 6:55 LIN #33 G. Yakimov
E00343,2024-G04,2,SHOT 6:30 LIN  #23 D. Beauchamp
E00344,2024-G04,2,"PENALTY 06:23 MICH #24 V. Sepp (Tripping, 2 min)"
E00345,2024-G04,2,  SHOT 5:47 LIN #10 F. Rasmussen
E00346,2024-G04,2,SHOT 05:41 MICH #6 L. O'Halloran
E00347,2024-G04,2,"GOAL 02:45 LIN #14 D. Eklund (A: #4 T. Ostberg, #10 J. Underwood) [EV]"
E00348,2024-G04,2,BLOCK 2:01 LIN #19 A. Beauchamp
E00349,2024-G04,2,SHOT 01:07 LIN #10 D. Jarvis
E00350,2024-G04,2,SHOT 00:41 LIN #33 K. Eklund
E00351,2024-G04,2,SHOT 00:39 LIN #22 G. Lachance
E00352,2024-G04,2,"PENALTY 00:23 LIN #10 H. Thibault (Hooking, 2 min)"
E00353,2024-G04,3,  GOAL 19:19 LIN #24 H. Alderson (A: #4 C. Cormier) [EV]
E00354,2024-G04,3,"GOAL 19:08 LIN  #38 F. Quill (A: #9 C. Yakimov, #30 K. Lachance) [EV]"
E00355,2024-G04,3,SHOT 17:54 LIN #19 H. Beauchamp
E00356,2024-G04,3,HIT 17:49 LIN #24 W. Cormier
E00357,2024-G04,3,SHOT 16:47 LIN #3 D. Cormier
E00358,2024-G04,3,SHOT 15:08 MICH #9 R. Karr
E00359,2024-G04,3,SHOT 14:20 LIN #17 K. Vasquez
E00360,2024-G04,3,SHOT 13:47 LIN #36 R. Maloney
E00361,2024-G04,3,SHOT 13:15 MICH #10 E. Marchand
E00362,2024-G04,3,SHOT 13:00 LIN #10 E. Alderson
E00363,2024-G04,3,HIT 12:55 LIN #33 T. Eklund
E00364,2024-G04,3,SHOT 12:05 MICH #44 Z. Vandenberg
E00365,2024-G04,3,SHOT 12:00 LIN #4 F. Gauthier
E00366,2024-G04,3,HIT 11:19 LIN #1 K. Cormier
E00367,2024-G04,3,HIT 10:53 MICH #12 S. Rutledge  
E00368,2024-G04,3,HIT 10:21 MICH #21 W. Achterberg
E00369,2024-G04,3,SHOT 10:16 LIN #13 D. Gauthier
E00370,2024-G04,3,BLOCK 09:52 MICH  #9 R. Karr
E00371,2024-G04,3,SHOT 09:11 MICH #4 J. Ferris
E00372,2024-G04,3,BLOCK 8:59 MICH #10 E. Marchand
E00373,2024-G04,3,SHOT 08:53 MICH #9 R. Karr
E00374,2024-G04,3,SHOT 08:44 LIN #19 T. Beauchamp
E00375,2024-G04,3,SHOT 8:14 MICH  #22 F. Delacroix
E00376,2024-G04,3,HIT 06:56 LIN #14 K. Jarvis  
E00377,2024-G04,3,SHOT 06:53 MICH #17 T. Brennan
E00378,2024-G04,3,"  PENALTY 06:01 LIN #25 P. Ostberg (Boarding, 5 min)"
E00379,2024-G04,3,SHOT 05:58 LIN #26 D. Rasmussen
E00380,2024-G04,3,SHOT 5:16 MICH #26 A. Quintero
E00381,2024-G04,3,SHOT 04:39 MICH #2 P. Vander-Meer
E00382,2024-G04,3,SHOT 04:17 LIN #21 P. Cormier
E00383,2024-G04,3,SHOT 03:58 MICH  #16 K. Nystrom
E00384,2024-G04,3,BLOCK 03:39 MICH #23 M. Boychuk
E00385,2024-G04,3,BLOCK 02:53 LIN #29 L. Doyle
E00386,2024-G04,3,HIT 01:45 MICH #19 B. Lindgren  
E00387,2024-G04,3,SHOT 01:41 LIN #32 S. Kuznetsov
E00388,2024-G05,1,SHOT 19:39 DU #31 S. Ostberg
E00389,2024-G05,1,"PENALTY 18:23 DU #19 K. Jarvis (Interference, 2 min)"
E00390,2024-G05,1,BLOCK 17:56 DU #26 E. Beauchamp
E00391,2024-G05,1,SHOT 17:22 MICH #18 H. Okafor
E00392,2024-G05,1,TAKEAWAY 17:20 DU #19 T. Savard
E00393,2024-G05,1,"GOAL 16:24 MICH #28 M. Halloran (A: #26 A. Quintero, #16 K. Nystrom) [EV]"
E00394,2024-G05,1,SHOT 16:16 MICH #18 H. Okafor
E00395,2024-G05,1,SHOT 16:01 DU #26 D. Halvorson
E00396,2024-G05,1,BLOCK 15:00 MICH #8 R. St. Pierre  
E00397,2024-G05,1,"PENALTY 14:09 DU #18 V. Underwood (Interference, 2 min)  "
E00398,2024-G05,1,SHOT 13:56 MICH #9 R. Karr
E00399,2024-G05,1,SHOT 12:33 MICH #2 P. Vander-Meer
E00400,2024-G05,1,HIT 11:42 DU #19 E. Beauchamp
E00401,2024-G05,1,HIT 11:16 DU #26 G. Gauthier
E00402,2024-G05,1,GOAL 09:19 MICH #10 E. Marchand (A: #8 R. St. Pierre) [EV]
E00403,2024-G05,1,"GOAL 08:39 MICH #17 T. Brennan (A: #25 O. Brightwater, #11 D. Ochoa) [EV]"
E00404,2024-G05,1,"PENALTY 06:30 DU #35 S. Ostberg (Interference, 2 min)"
E00405,2024-G05,1,SHOT 04:50 MICH #44 Z. Vandenberg
E00406,2024-G05,1,TAKEAWAY 04:23 MICH #19 B. Lindgren
E00407,2024-G05,1,SHOT 04:18 MICH #12 S. Rutledge
E00408,2024-G05,1,"PENALTY 04:14 DU #26 S. Nilsson (Hooking, 2 min)"
E00409,2024-G05,1,BLOCK 3:46 DU #21 B. Eklund
E00410,2024-G05,1,SHOT 02:45 DU #39 B. Fitzpatrick
E00411,2024-G05,1,SHOT 01:41 MICH #28 M. Halloran
E00412,2024-G05,1,"PENALTY 00:48 DU #8 J. Ostberg (Slashing, 2 min)"
E00413,2024-G05,1,SHOT 0:36 DU #28 G. Ostberg
E00414,2024-G05,1,TAKEAWAY 00:13 DU #33 H. Underwood
E00415,2024-G05,2,TAKEAWAY 19:49 DU #24 H. Eklund
E00416,2024-G05,2,BLOCK 19:34 MICH #11 D. Ochoa
E00417,2024-G05,2,SHOT 18:57 DU #16 C. Whelan
E00418,2024-G05,2,TAKEAWAY 18:14 DU #32 W. Cormier
E00419,2024-G05,2,BLOCK 16:44 MICH #23 M. Boychuk
E00420,2024-G05,2,SHOT 16:08 MICH #8 R. St. Pierre  
E00421,2024-G05,2,SHOT 15:36 DU #37 N. Quill  
E00422,2024-G05,2,SHOT 15:28 MICH #20 G. Pasternak
E00423,2024-G05,2,BLOCK 15:11 MICH #16 K. Nystrom
E00424,2024-G05,2,SHOT 14:10 MICH #9 R. Karr
E00425,2024-G05,2,SHOT 14:07 DU #28 C. Ostberg
E00426,2024-G05,2,SHOT 13:47 MICH #8 R. St. Pierre
E00427,2024-G05,2,SHOT 12:52 MICH #9 R. Karr
E00428,2024-G05,2,"GOAL 12:12 MICH #44 Z. Vandenberg (A: #10 E. Marchand, #16 K. Nystrom) [EV]"
E00429,2024-G05,2,"PENALTY 11:12 DU #32 L. Doyle (Tripping, 2 min)"
E00430,2024-G05,2,"PENALTY 10:56 DU #15 V. Doyle (Holding, 2 min)"
E00431,2024-G05,2,GOAL 10:42 DU #25 V. Jarvis (A: #24 R. Vasquez) [PP]
E00432,2024-G05,2,BLOCK 10:29 MICH #8 R. St. Pierre
E00433,2024-G05,2,GOAL 10:18 MICH #12 S. Rutledge (unassisted) [PP]
E00434,2024-G05,2,BLOCK 10:01 MICH #28 M. Halloran
E00435,2024-G05,2,HIT 09:27 MICH #2 P. Vander-Meer
E00436,2024-G05,2,HIT 9:22 MICH #20 G. Pasternak
E00437,2024-G05,2,SHOT 08:28 DU #5 H. Thibault
E00438,2024-G05,2,"PENALTY 7:49 DU #38 M. Underwood (Hooking, 2 min)"
E00439,2024-G05,2,SHOT 07:45 MICH #44 Z. Vandenberg
E00440,2024-G05,2,BLOCK 07:37 MICH #8 R. St. Pierre
E00441,2024-G05,2,"PENALTY 06:55 MICH #12 S. Rutledge (Tripping, 2 min)"
E00442,2024-G05,2,"GOAL 6:13 MICH #20 G. Pasternak (A: #6 L. O'Halloran, #2 P. Vander-Meer) [EV]"
E00443,2024-G05,2,SHOT 04:57 DU  #26 L. Savard
E00444,2024-G05,2,HIT 04:13 DU #27 H. Eklund
E00445,2024-G05,2,HIT 02:15 DU #34 D. Quill
E00446,2024-G05,2,SHOT 2:05 DU #26 M. Maloney
E00447,2024-G05,2,SHOT 01:42 MICH #22 F. Delacroix
E00448,2024-G05,2,"GOAL 01:18 MICH #14 C. Wiegand (A: #16 K. Nystrom, #27 T. Ilves) [EV]"
E00449,2024-G05,2,  SHOT 0:52 MICH #17 T. Brennan
E00450,2024-G05,2,"GOAL 0:38 MICH #21 W. Achterberg (A: #19 B. Lindgren, #14 C. Wiegand) [EV]"
E00451,2024-G05,2,SHOT 00:22 DU #13 M. Savard
E00452,2024-G05,3,"PENALTY 19:18 DU #32 E. Quill (High-sticking, 2 min)"
E00453,2024-G05,3,BLOCK 19:07 MICH #4 J. Ferris  
E00454,2024-G05,3,SHOT 18:05 MICH #19 B. Lindgren
E00455,2024-G05,3,HIT 16:35 MICH #14 C. Wiegand
E00456,2024-G05,3,BLOCK 15:46 MICH #16 K. Nystrom
E00457,2024-G05,3,BLOCK 15:30 DU #17 V. Jarvis
E00458,2024-G05,3,"PENALTY 14:35 MICH #21 W. Achterberg (Delay of Game, 2 min)"
E00459,2024-G05,3,SHOT 13:56 DU #31 M. Jarvis
E00460,2024-G05,3,SHOT 13:37 MICH #16 K. Nystrom
E00461,2024-G05,3,SHOT 13:23 MICH #11 D. Ochoa  
E00462,2024-G05,3,SHOT 13:10 DU #12 T. Fitzpatrick
E00463,2024-G05,3,SHOT 11:52 DU #26 L. Thibault
E00464,2024-G05,3,SHOT 11:00 DU #18 N. Doyle
E00465,2024-G05,3,  SHOT 10:47 MICH #9 R. Karr
E00466,2024-G05,3,SHOT 09:59 DU #20 L. Halvorson
E00467,2024-G05,3,SHOT 8:13 DU #20 E. Peterson
E00468,2024-G05,3,HIT 08:07 MICH #26 A. Quintero
E00469,2024-G05,3,HIT 7:45 MICH #18 H. Okafor
E00470,2024-G05,3,"PENALTY 07:24 MICH #44 Z. Vandenberg (Cross-checking, 2 min)"
E00471,2024-G05,3,SHOT 6:59 DU #34 E. Whelan
E00472,2024-G05,3,SHOT 05:42 DU #21 S. Halvorson  
E00473,2024-G05,3,"GOAL 5:34 MICH #20 G. Pasternak (A: #27 T. Ilves, #10 E. Marchand) [EV]"
E00474,2024-G05,3,SHOT 05:27 DU #17 S. Rasmussen
E00475,2024-G05,3,SHOT 05:03 MICH #44 Z. Vandenberg
E00476,2024-G05,3,HIT 04:44 MICH #29 J. Teodoro
E00477,2024-G05,3,BLOCK 03:28 DU #13 V. Doyle
E00478,2024-G05,3,SHOT 03:25 MICH #19 B. Lindgren
E00479,2024-G05,3,SHOT 03:14 MICH #25 O. Brightwater
E00480,2024-G05,3,TAKEAWAY 2:29 MICH #11 D. Ochoa
E00481,2024-G05,3,BLOCK 01:43 MICH #19 B. Lindgren
E00482,2024-G05,3,SHOT 1:11 DU #9 M. Alderson
E00483,2024-G05,3,SHOT 00:39 DU #27 W. Gauthier
E00484,2024-G05,3,HIT 0:32 DU  #26 V. Lachance
E00485,2024-G06,1,SHOT 19:27 NIAG #36 M. Thibault
E00486,2024-G06,1,"GOAL 16:24 MICH #21 W. Achterberg (A: #29 J. Teodoro, #16 K. Nystrom) [EV]"
E00487,2024-G06,1,HIT 16:14 NIAG #27 W. Eklund
E00488,2024-G06,1,SHOT 15:23 MICH #20 G. Pasternak  
E00489,2024-G06,1,SHOT 15:20 MICH #10 E. Marchand
E00490,2024-G06,1,HIT 14:33 MICH #44 Z. Vandenberg
E00491,2024-G06,1,"GOAL 14:18 MICH #4 J. Ferris (A: #24 V. Sepp, #20 G. Pasternak) [EV]"
E00492,2024-G06,1,  SHOT 14:14 MICH #44 Z. Vandenberg
E00493,2024-G06,1,SHOT 12:44 MICH #11 D. Ochoa
E00494,2024-G06,1,SHOT 12:34 MICH #14 C. Wiegand
E00495,2024-G06,1,HIT 11:20 MICH #23 M. Boychuk
E00496,2024-G06,1,HIT 11:09 MICH #9 R. Karr
E00497,2024-G06,1,SHOT 10:37 MICH #22 F. Delacroix
E00498,2024-G06,1,SHOT 10:22 MICH #28 M. Halloran
E00499,2024-G06,1,"PENALTY 10:05 NIAG #34 P. Thibault (Tripping, 2 min)"
E00500,2024-G06,1,SHOT 10:01 MICH #16 K. Nystrom
E00501,2024-G06,1,SHOT 09:10 NIAG #23 H. Maloney
E00502,2024-G06,1,HIT 9:08 MICH #27 T. Ilves
E00503,2024-G06,1,BLOCK 07:47 NIAG #3 V. Doyle
E00504,2024-G06,1,HIT 07:20 MICH #14 C. Wiegand
E00505,2024-G06,1,"  GOAL 05:07 MICH #16 K. Nystrom (A: #8 R. St. Pierre, #4 J. Ferris) [EV]"
E00506,2024-G06,1,SHOT 04:48 MICH #6 L. O'Halloran
E00507,2024-G06,1,SHOT 3:52 NIAG #30 P. Fitzpatrick
E00508,2024-G06,1,BLOCK 2:24 NIAG #1 B. Nilsson
E00509,2024-G06,1,SHOT 1:45 MICH #16 K. Nystrom  
E00510,2024-G06,1,SHOT 00:18 NIAG #24 D. Savard
E00511,2024-G06,2,SHOT 19:50 NIAG #7 M. Eklund
E00512,2024-G06,2,HIT 19:26 MICH  #29 J. Teodoro
E00513,2024-G06,2,"GOAL 19:06 MICH #25 O. Brightwater (A: #19 B. Lindgren, #9 R. Karr) [EV]  "
E00514,2024-G06,2,"PENALTY 17:23 MICH #9 R. Karr (High-sticking, 2 min)"
E00515,2024-G06,2,SHOT 17:09 NIAG #3 P. Beauchamp
E00516,2024-G06,2,HIT 16:57 NIAG #13 L. Quill
E00517,2024-G06,2,BLOCK 15:26 NIAG #28 H. Yakimov
E00518,2024-G06,2,  BLOCK 14:51 NIAG #23 R. Quill
E00519,2024-G06,2,  BLOCK 14:23 NIAG #39 C. Kuznetsov
E00520,2024-G06,2,SHOT 13:22 MICH #25 O. Brightwater
E00521,2024-G06,2,SHOT 13:20 NIAG #33 P. Lachance
E00522,2024-G06,2,BLOCK 13:13 NIAG #15 B. Alderson
E00523,2024-G06,2,SHOT 13:02 NIAG #27 H. Rasmussen
E00524,2024-G06,2,"PENALTY 12:36 NIAG #15 F. Thibault (Roughing, 2 min)"
E00525,2024-G06,2,SHOT 11:05 MICH #26 A. Quintero
E00526,2024-G06,2,SHOT 10:57 MICH #21 W. Achterberg
E00527,2024-G06,2,SHOT 10:32 NIAG #16 G. Quill
E00528,2024-G06,2,BLOCK 08:38 NIAG #22 G. Whelan
E00529,2024-G06,2,SHOT 8:23 NIAG #28 J. Lachance
E00530,2024-G06,2,SHOT 6:08 MICH #14 C. Wiegand
E00531,2024-G06,2,BLOCK 5:13 MICH #17 T. Brennan  
E00532,2024-G06,2,SHOT 5:05 MICH #8 R. St. Pierre
E00533,2024-G06,2,"PENALTY 04:54 NIAG #38 J. Nilsson (Interference, 2 min)"
E00534,2024-G06,2,SHOT 4:53 NIAG #13 K. Lachance
E00535,2024-G06,2,HIT 4:27 NIAG #25 L. Maloney
E00536,2024-G06,2,SHOT 03:32 NIAG #10 G. Maloney
E00537,2024-G06,2,SHOT 2:59 NIAG #22 C. Gauthier
E00538,2024-G06,2,SHOT 2:49 MICH #25 O. Brightwater
E00539,2024-G06,2,SHOT 01:58 MICH #28 M. Halloran
E00540,2024-G06,2,SHOT 01:17 MICH #28 M. Halloran
E00541,2024-G06,2,SHOT 00:22 MICH #10 E. Marchand
E00542,2024-G06,3,TAKEAWAY 19:45 NIAG #23 V. Alderson
E00543,2024-G06,3,  HIT 19:17 MICH #8 R. St. Pierre
E00544,2024-G06,3,"PENALTY 16:52 MICH #17 T. Brennan (Tripping, 2 min)  "
E00545,2024-G06,3,BLOCK 16:38 MICH #2 P. Vander-Meer
E00546,2024-G06,3,SHOT 15:51 NIAG #26 A. Vasquez  
E00547,2024-G06,3,SHOT 14:33 NIAG #26 L. Yakimov
E00548,2024-G06,3,SHOT 14:24 MICH #25 O. Brightwater
E00549,2024-G06,3,SHOT 14:10 NIAG #9 G. Ostberg
E00550,2024-G06,3,SHOT 13:19 MICH  #26 A. Quintero
E00551,2024-G06,3,"PENALTY 13:14 NIAG #23 R. Yakimov (Holding, 2 min)"
E00552,2024-G06,3,SHOT 12:38 MICH  #10 E. Marchand
E00553,2024-G06,3,SHOT 11:01 MICH #20 G. Pasternak
E00554,2024-G06,3,TAKEAWAY 10:34 MICH #16 K. Nystrom
E00555,2024-G06,3,HIT 09:24 MICH  #29 J. Teodoro
E00556,2024-G06,3,HIT 08:41 MICH #24 V. Sepp
E00557,2024-G06,3,SHOT 08:36 NIAG #12 C. Whelan
E00558,2024-G06,3,SHOT 08:22 NIAG #4 F. Underwood
E00559,2024-G06,3,SHOT 7:29 NIAG #31 D. Beauchamp
E00560,2024-G06,3,"GOAL 06:15 MICH #11 D. Ochoa (A: #17 T. Brennan, #23 M. Boychuk) [EV]"
E00561,2024-G06,3,BLOCK 5:58 NIAG #38 W. Maloney
E00562,2024-G06,3,"  PENALTY 04:52 NIAG #5 L. Cormier (Interference, 2 min)"
E00563,2024-G06,3,HIT 04:44 NIAG #15 W. Underwood
E00564,2024-G06,3,SHOT 04:08 NIAG #23 H. Alderson
E00565,2024-G06,3,SHOT 02:50 MICH #19 B. Lindgren
E00566,2024-G06,3,HIT 02:26 NIAG #33 P. Beauchamp  
E00567,2024-G06,3,"PENALTY 02:18 NIAG #33 A. Thibault (Interference, 2 min)"
E00568,2024-G06,3,SHOT 2:02 MICH #14 C. Wiegand
E00569,2024-G06,3,BLOCK 01:26 MICH #11 D. Ochoa
E00570,2024-G06,3,BLOCK 00:57 MICH  #44 Z. Vandenberg
E00571,2024-G06,3,SHOT 00:47 MICH #4 J. Ferris  
E00572,2024-G06,3,SHOT 00:41 MICH #12 S. Rutledge
E00573,2024-G06,3,SHOT 00:22 NIAG #32 V. Halvorson
E00574,2024-G06,3,SHOT 0:16 MICH #19 B. Lindgren
E00575,2024-G07,1,BLOCK 19:51 MICH #26 A. Quintero
E00576,2024-G07,1,  HIT 19:30 MICH #10 E. Marchand
E00577,2024-G07,1,TAKEAWAY 18:57 MICH #44 Z. Vandenberg
E00578,2024-G07,1,BLOCK 18:54 MICH  #28 M. Halloran
E00579,2024-G07,1,"GOAL 18:42 MICH #24 V. Sepp (A: #26 A. Quintero, #11 D. Ochoa) [EV]"
E00580,2024-G07,1,SHOT 18:30 LSSU #24 G. Vasquez
E00581,2024-G07,1,"PENALTY 17:25 MICH #28 M. Halloran (Interference, 2 min)"
E00582,2024-G07,1,  SHOT 16:32 MICH #17 T. Brennan
E00583,2024-G07,1,  SHOT 16:13 LSSU #33 D. Cormier
E00584,2024-G07,1,SHOT 15:23 MICH #17 T. Brennan
E00585,2024-G07,1,SHOT 15:08 LSSU #28 K. Lachance
E00586,2024-G07,1,HIT 15:01 MICH #9 R. Karr
E00587,2024-G07,1,  SHOT 14:46 LSSU #16 N. Vasquez
E00588,2024-G07,1,  BLOCK 14:35 LSSU #23 T. Kuznetsov
E00589,2024-G07,1,SHOT 14:12 MICH #44 Z. Vandenberg
E00590,2024-G07,1,SHOT 13:27 LSSU #35 L. Rasmussen
E00591,2024-G07,1,SHOT 12:39 MICH #20 G. Pasternak
E00592,2024-G07,1,GOAL 12:29 MICH #16 K. Nystrom (A: #14 C. Wiegand) [EV]
E00593,2024-G07,1,"GOAL 11:16 MICH #10 E. Marchand (A: #28 M. Halloran, #29 J. Teodoro) [PP]"
E00594,2024-G07,1,SHOT 10:54 LSSU #13 T. Jarvis
E00595,2024-G07,1,"GOAL 09:43 MICH #9 R. Karr (A: #23 M. Boychuk, #10 E. Marchand) [EV]"
E00596,2024-G07,1,SHOT 09:29 MICH #19 B. Lindgren
E00597,2024-G07,1,BLOCK 9:20 MICH #19 B. Lindgren
E00598,2024-G07,1,BLOCK 8:43 LSSU #27 J. Thibault  
E00599,2024-G07,1,BLOCK 07:34 MICH #26 A. Quintero
E00600,2024-G07,1,"PENALTY 06:40 LSSU #27 T. Halvorson (Slashing, 2 min)"
E00601,2024-G07,1,HIT 03:08 MICH #25 O. Brightwater
E00602,2024-G07,1,SHOT 01:44 MICH #12 S. Rutledge
E00603,2024-G07,1,"GOAL 00:26 LSSU #12 K. Peterson (A: #24 S. Thibault, #5 C. Gauthier) [EV]"
E00604,2024-G07,2,HIT 19:44 LSSU #3 L. Peterson
E00605,2024-G07,2,SHOT 19:09 MICH #29 J. Teodoro
E00606,2024-G07,2,SHOT 18:43 LSSU #10 A. Beauchamp
E00607,2024-G07,2,SHOT 18:24 MICH #4 J. Ferris
E00608,2024-G07,2,SHOT 17:53 MICH #23 M. Boychuk
E00609,2024-G07,2,BLOCK 17:37 LSSU #17 B. Savard
E00610,2024-G07,2,"PENALTY 17:22 LSSU #1 M. Underwood (Hooking, 2 min)"
E00611,2024-G07,2,SHOT 14:41 MICH #20 G. Pasternak
E00612,2024-G07,2,"GOAL 13:55 LSSU #34 K. Whelan (A: #37 G. Lachance, #14 N. Quill) [EV]"
E00613,2024-G07,2,BLOCK 13:47 MICH #22 F. Delacroix
E00614,2024-G07,2,SHOT 13:44 LSSU #20 S. Fitzpatrick
E00615,2024-G07,2,SHOT 13:28 MICH #19 B. Lindgren
E00616,2024-G07,2,BLOCK 12:23 MICH #29 J. Teodoro
E00617,2024-G07,2,"GOAL 12:14 MICH #20 G. Pasternak (A: #8 R. St. Pierre, #10 E. Marchand) [EV]"
E00618,2024-G07,2,SHOT 11:42 MICH #19 B. Lindgren
E00619,2024-G07,2,SHOT 11:37 MICH #44 Z. Vandenberg
E00620,2024-G07,2,SHOT 10:25 LSSU #24 D. Beauchamp
E00621,2024-G07,2,  SHOT 09:32 LSSU #35 E. Eklund
E00622,2024-G07,2,"PENALTY 9:22 MICH #12 S. Rutledge (Fighting, 5 min)"
E00623,2024-G07,2,HIT 09:16 LSSU #30 H. Vasquez
E00624,2024-G07,2,"PENALTY 9:02 MICH #12 S. Rutledge (Tripping, 2 min)"
E00625,2024-G07,2,TAKEAWAY 08:33 MICH #4 J. Ferris
E00626,2024-G07,2,SHOT 8:05 LSSU #37 R. Yakimov
E00627,2024-G07,2,SHOT 07:45 LSSU #20 F. Cormier
E00628,2024-G07,2,"PENALTY 7:34 MICH #17 T. Brennan (Fighting, 5 min)"
E00629,2024-G07,2,TAKEAWAY 7:11 LSSU #11 K. Yakimov
E00630,2024-G07,2,"GOAL 6:18 MICH #21 W. Achterberg (A: #8 R. St. Pierre, #2 P. Vander-Meer) [EV]"
E00631,2024-G07,2,SHOT 6:04 LSSU #25 W. Gauthier
E00632,2024-G07,2,TAKEAWAY 6:01 LSSU #9 R. Whelan
E00633,2024-G07,2,"PENALTY 05:47 LSSU #29 C. Quill (Roughing, 2 min)"
E00634,2024-G07,2,SHOT 05:17 MICH #29 J. Teodoro  
E00635,2024-G07,2,HIT 03:43 LSSU  #30 P. Whelan
E00636,2024-G07,2,BLOCK 3:42 LSSU #35 M. Quill
E00637,2024-G07,2,BLOCK 3:11 LSSU #3 D. Ives
E00638,2024-G07,2,SHOT 02:56 MICH  #9 R. Karr
E00639,2024-G07,2,HIT 1:20 LSSU  #14 S. Ostberg
E00640,2024-G07,2,TAKEAWAY 00:53 MICH #21 W. Achterberg
E00641,2024-G07,2,BLOCK 00:31 LSSU #1 V. Underwood
E00642,2024-G07,3,"PENALTY 19:19 LSSU #8 E. Underwood (Cross-checking, 2 min)"
E00643,2024-G07,3,SHOT 18:59 MICH #2 P. Vander-Meer
E00644,2024-G07,3,SHOT 18:35 LSSU #3 V. Alderson
E00645,2024-G07,3,SHOT 16:12 LSSU #34 R. Vasquez
E00646,2024-G07,3,SHOT 15:43 LSSU #19 G. Lachance
E00647,2024-G07,3,SHOT 15:29 MICH #28 M. Halloran
E00648,2024-G07,3,SHOT 14:33 LSSU #29 V. Vasquez  
E00649,2024-G07,3,HIT 14:02 LSSU  #4 L. Rasmussen
E00650,2024-G07,3,SHOT 13:01 LSSU #19 M. Lachance
E00651,2024-G07,3,  SHOT 11:26 LSSU #22 M. Cormier
E00652,2024-G07,3,SHOT 11:14 LSSU #13 R. Whelan
E00653,2024-G07,3,SHOT 08:19 MICH #19 B. Lindgren
E00654,2024-G07,3,"PENALTY 07:34 LSSU #23 A. Peterson (Hooking, 2 min)"
E00655,2024-G07,3,HIT 6:10 LSSU #7 C. Fitzpatrick
E00656,2024-G07,3,"PENALTY 5:51 MICH #14 C. Wiegand (Slashing, 2 min)  "
E00657,2024-G07,3,SHOT 4:20 MICH #25 O. Brightwater
E00658,2024-G07,3,"GOAL 04:16 MICH #10 E. Marchand (A: #2 P. Vander-Meer, #16 K. Nystrom) [EV]"
E00659,2024-G07,3,HIT 03:31 LSSU #27 E. Fitzpatrick
E00660,2024-G07,3,SHOT 02:55 MICH #6 L. O'Halloran
E00661,2024-G07,3,"PENALTY 02:46 LSSU #22 B. Ives (Slashing, 2 min)"
E00662,2024-G07,3,SHOT 02:39 LSSU #7 G. Nilsson
E00663,2024-G07,3,BLOCK 02:15 LSSU #2 M. Quill
E00664,2024-G07,3,"PENALTY 02:00 LSSU #30 M. Eklund (Delay of Game, 2 min)"
E00665,2024-G07,3,SHOT 01:42 MICH #24 V. Sepp  
E00666,2024-G07,3,SHOT 01:12 LSSU #18 D. Alderson
E00667,2024-G07,3,HIT 01:04 LSSU #22 C. Quill
E00668,2024-G07,3,SHOT 0:55 LSSU #6 D. Peterson
E00669,2024-G07,3,SHOT 00:17 MICH #18 H. Okafor
E00670,2024-G08,1,BLOCK 18:39 MICH #29 J. Teodoro
E00671,2024-G08,1,"  PENALTY 18:18 BGSU #9 F. Doyle (Roughing, 2 min)"
E00672,2024-G08,1,"PENALTY 17:58 MICH #18 H. Okafor (Cross-checking, 2 min)"
E00673,2024-G08,1,SHOT 17:46 BGSU #23 B. Cormier
E00674,2024-G08,1,SHOT 15:44 MICH #29 J. Teodoro
E00675,2024-G08,1,SHOT 15:12 BGSU  #24 D. Peterson
E00676,2024-G08,1,HIT 15:11 MICH #8 R. St. Pierre
E00677,2024-G08,1,"PENALTY 13:38 BGSU #18 C. Peterson (Slashing, 2 min)"
E00678,2024-G08,1,HIT 13:16 BGSU #28 F. Eklund
E00679,2024-G08,1,HIT 12:31 MICH  #4 J. Ferris
E00680,2024-G08,1,BLOCK 11:47 MICH #14 C. Wiegand
E00681,2024-G08,1,HIT 11:02 MICH #9 R. Karr
E00682,2024-G08,1,SHOT 10:46 BGSU  #6 P. Doyle
E00683,2024-G08,1,SHOT 10:31 MICH #11 D. Ochoa
E00684,2024-G08,1,HIT 10:16 MICH #26 A. Quintero
E00685,2024-G08,1,"PENALTY 09:54 BGSU #26 M. Quill (Interference, 2 min)"
E00686,2024-G08,1,"PENALTY 7:16 MICH #12 S. Rutledge (Too Many Men, 2 min)"
E00687,2024-G08,1,SHOT 06:13 MICH #22 F. Delacroix
E00688,2024-G08,1,SHOT 05:58 MICH #12 S. Rutledge
E00689,2024-G08,1,SHOT 04:31 MICH #4 J. Ferris
E00690,2024-G08,1,HIT 04:14 MICH #10 E. Marchand
E00691,2024-G08,1,"PENALTY 4:04 MICH #24 V. Sepp (Delay of Game, 2 min)"
E00692,2024-G08,1,BLOCK 03:57 MICH #18 H. Okafor
E00693,2024-G08,1,SHOT 03:56 BGSU #14 P. Vasquez
E00694,2024-G08,1,TAKEAWAY 03:52 BGSU #33 V. Vasquez
E00695,2024-G08,1,"PENALTY 03:44 BGSU #21 R. Nilsson (Hooking, 2 min)"
E00696,2024-G08,1,SHOT 02:29 MICH #22 F. Delacroix
E00697,2024-G08,1,HIT 02:26 MICH  #26 A. Quintero
E00698,2024-G08,1,SHOT 02:22 BGSU #21 E. Maloney
E00699,2024-G08,1,SHOT 02:01 BGSU #7 C. Alderson
E00700,2024-G08,1,HIT 01:56 MICH #44 Z. Vandenberg
E00701,2024-G08,1,TAKEAWAY 01:36 MICH #12 S. Rutledge
E00702,2024-G08,1,  SHOT 01:22 MICH #4 J. Ferris
E00703,2024-G08,1,SHOT 01:10 MICH #17 T. Brennan
E00704,2024-G08,1,SHOT 00:28 BGSU #25 V. Eklund
E00705,2024-G08,1,SHOT 00:26 BGSU  #12 F. Kuznetsov
E00706,2024-G08,1,BLOCK 0:12 BGSU #25 B. Lachance
E00707,2024-G08,2,SHOT 19:33 MICH #19 B. Lindgren
E00708,2024-G08,2,SHOT 19:06 MICH #26 A. Quintero
E00709,2024-G08,2,HIT 18:04 MICH #8 R. St. Pierre
E00710,2024-G08,2,SHOT 17:33 MICH #23 M. Boychuk
E00711,2024-G08,2,SHOT 16:19 BGSU #19 R. Savard
E00712,2024-G08,2,SHOT 16:03 BGSU #19 C. Gauthier
E00713,2024-G08,2,"GOAL 15:34 MICH #4 J. Ferris (A: #29 J. Teodoro, #25 O. Brightwater) [PP]"
E00714,2024-G08,2,SHOT 15:17 BGSU #19 L. Gauthier
E00715,2024-G08,2,SHOT 15:08 MICH #21 W. Achterberg
E00716,2024-G08,2,"PENALTY 15:04 MICH #25 O. Brightwater (Roughing, 2 min)"
E00717,2024-G08,2,  BLOCK 14:49 BGSU #25 A. Kuznetsov
E00718,2024-G08,2,BLOCK 14:38 BGSU #25 M. Halvorson  
E00719,2024-G08,2,HIT 14:25 MICH #17 T. Brennan
E00720,2024-G08,2,HIT 14:14 MICH #20 G. Pasternak
E00721,2024-G08,2,SHOT 13:15 MICH #28 M. Halloran
E00722,2024-G08,2,"PENALTY 12:29 BGSU #1 E. Savard (Roughing, 2 min)"
E00723,2024-G08,2,SHOT 12:01 BGSU #31 K. Kuznetsov
E00724,2024-G08,2,SHOT 10:40 MICH #6 L. O'Halloran
E00725,2024-G08,2,HIT 09:50 MICH #23 M. Boychuk
E00726,2024-G08,2,"PENALTY 08:37 BGSU #9 B. Yakimov (Too Many Men, 2 min)"
E00727,2024-G08,2,TAKEAWAY 08:06 BGSU #1 J. Ives
E00728,2024-G08,2,"PENALTY 07:06 MICH  #9 R. Karr (Roughing, 2 min)"
E00729,2024-G08,2,HIT 05:51 MICH #6 L. O'Halloran
E00730,2024-G08,2,SHOT 4:42 MICH #14 C. Wiegand
E00731,2024-G08,2,HIT 2:32 MICH #14 C. Wiegand
E00732,2024-G08,2,SHOT 2:27 MICH #6 L. O'Halloran
E00733,2024-G08,2,SHOT 01:08 MICH #25 O. Brightwater
E00734,2024-G08,2,TAKEAWAY 00:48 BGSU #16 S. Halvorson
E00735,2024-G08,3,SHOT 19:38 BGSU #5 B. Cormier
E00736,2024-G08,3,HIT 18:59 BGSU #14 E. Doyle
E00737,2024-G08,3,BLOCK 16:04 MICH #17 T. Brennan
E00738,2024-G08,3,SHOT 16:02 MICH #18 H. Okafor
E00739,2024-G08,3,SHOT 15:46 BGSU #8 S. Fitzpatrick  
E00740,2024-G08,3,TAKEAWAY 15:29 MICH #22 F. Delacroix
E00741,2024-G08,3,SHOT 15:20 MICH #26 A. Quintero
E00742,2024-G08,3,  SHOT 15:10 BGSU #33 D. Vasquez
E00743,2024-G08,3,SHOT 14:18 BGSU #14 W. Ives
E00744,2024-G08,3,BLOCK 13:10 MICH  #44 Z. Vandenberg
E00745,2024-G08,3,SHOT 12:57 BGSU #25 F. Peterson
E00746,2024-G08,3,SHOT 12:40 MICH #10 E. Marchand
E00747,2024-G08,3,SHOT 12:36 BGSU #3 D. Cormier
E00748,2024-G08,3,SHOT 10:59 BGSU #29 B. Underwood
E00749,2024-G08,3,SHOT 09:36 MICH #28 M. Halloran
E00750,2024-G08,3,SHOT 9:32 BGSU #28 F. Alderson
E00751,2024-G08,3,SHOT 09:23 BGSU #27 M. Yakimov
E00752,2024-G08,3,HIT 09:15 MICH #23 M. Boychuk
E00753,2024-G08,3,SHOT 8:02 BGSU #16 W. Vasquez
E00754,2024-G08,3,SHOT 06:31 BGSU #28 S. Savard
E00755,2024-G08,3,  SHOT 06:24 BGSU #39 V. Savard
E00756,2024-G08,3,HIT 06:14 MICH #10 E. Marchand
E00757,2024-G08,3,"GOAL 06:08 MICH #18 H. Okafor (A: #4 J. Ferris, #25 O. Brightwater) [EV]"
E00758,2024-G08,3,SHOT 05:13 MICH #4 J. Ferris
E00759,2024-G08,3,HIT 05:09 BGSU #33 F. Nilsson
E00760,2024-G08,3,BLOCK 4:35 MICH #6 L. O'Halloran
E00761,2024-G08,3,SHOT 04:02 BGSU #17 H. Vasquez
E00762,2024-G08,3,"PENALTY 3:07 BGSU #7 T. Fitzpatrick (Boarding, 5 min)"
E00763,2024-G08,3,SHOT 02:58 MICH #25 O. Brightwater
E00764,2024-G08,3,"GOAL 2:54 MICH #19 B. Lindgren (A: #26 A. Quintero, #25 O. Brightwater) [EV]"
E00765,2024-G08,3,HIT 2:42 BGSU #37 H. Beauchamp
E00766,2024-G08,3,SHOT 02:07 MICH #8 R. St. Pierre
E00767,2024-G08,3,TAKEAWAY 02:01 MICH #29 J. Teodoro
E00768,2024-G09,1,SHOT 19:26 WISC #34 C. Kuznetsov
E00769,2024-G09,1,SHOT 18:45 MICH #2 P. Vander-Meer
E00770,2024-G09,1,"PENALTY 18:04 WISC #10 D. Cormier (Tripping, 2 min)"
E00771,2024-G09,1,BLOCK 17:15 WISC #30 M. Gauthier
E00772,2024-G09,1,SHOT 16:46 MICH #9 R. Karr
E00773,2024-G09,1,SHOT 16:01 WISC #31 V. Alderson
E00774,2024-G09,1,SHOT 15:29 MICH #25 O. Brightwater
E00775,2024-G09,1,"PENALTY 15:23 MICH #27 T. Ilves (Slashing, 2 min)"
E00776,2024-G09,1,SHOT 15:11 MICH #25 O. Brightwater
E00777,2024-G09,1,SHOT 14:50 MICH #26 A. Quintero
E00778,2024-G09,1,BLOCK 14:36 WISC #36 W. Doyle
E00779,2024-G09,1,SHOT 14:25 WISC #19 T. Alderson  
E00780,2024-G09,1,SHOT 14:15 MICH #27 T. Ilves
E00781,2024-G09,1,BLOCK 14:06 MICH #17 T. Brennan
E00782,2024-G09,1,"PENALTY 13:37 WISC #16 N. Thibault (Roughing, 2 min)"
E00783,2024-G09,1,SHOT 13:09 WISC #26 P. Alderson
E00784,2024-G09,1,SHOT 13:01 MICH #25 O. Brightwater
E00785,2024-G09,1,SHOT 12:56 WISC  #32 F. Quill
E00786,2024-G09,1,BLOCK 12:55 WISC #17 K. Underwood
E00787,2024-G09,1,SHOT 12:43 WISC #35 R. Nilsson
E00788,2024-G09,1,SHOT 10:15 WISC #12 J. Thibault
E00789,2024-G09,1,HIT 10:13 WISC #4 F. Kuznetsov
E00790,2024-G09,1,HIT 9:42 MICH #12 S. Rutledge
E00791,2024-G09,1,SHOT 09:40 MICH #11 D. Ochoa  
E00792,2024-G09,1,SHOT 07:56 MICH #8 R. St. Pierre  
E00793,2024-G09,1,SHOT 06:21 WISC #15 B. Cormier
E00794,2024-G09,1,HIT 06:00 MICH #28 M. Halloran
E00795,2024-G09,1,BLOCK 05:31 MICH #16 K. Nystrom
E00796,2024-G09,1,BLOCK 05:28 MICH #9 R. Karr
E00797,2024-G09,1,BLOCK 4:21 WISC #38 M. Yakimov
E00798,2024-G09,1,SHOT 4:04 MICH #11 D. Ochoa
E00799,2024-G09,1,HIT 3:51 WISC  #39 N. Gauthier
E00800,2024-G09,1,SHOT 03:28 WISC #6 B. Jarvis
E00801,2024-G09,1,SHOT 03:11 MICH #17 T. Brennan
E00802,2024-G09,1,SHOT 02:59 WISC #36 H. Beauchamp
E00803,2024-G09,1,HIT 02:58 WISC #3 F. Kuznetsov
E00804,2024-G09,1,SHOT 02:32 WISC #21 G. Vasquez
E00805,2024-G09,1,"PENALTY 02:18 WISC #37 W. Ostberg (Cross-checking, 2 min)"
E00806,2024-G09,2,SHOT 19:39 MICH #26 A. Quintero
E00807,2024-G09,2,SHOT 19:27 WISC #3 F. Doyle
E00808,2024-G09,2,HIT 19:14 WISC #32 K. Yakimov  
E00809,2024-G09,2,HIT 18:48 MICH #24 V. Sepp
E00810,2024-G09,2,SHOT 18:32 MICH #10 E. Marchand
E00811,2024-G09,2,HIT 18:03 WISC  #35 W. Thibault
E00812,2024-G09,2,HIT 17:32 MICH #26 A. Quintero  
E00813,2024-G09,2,BLOCK 17:05 WISC #26 K. Fitzpatrick
E00814,2024-G09,2,BLOCK 16:47 WISC #26 P. Eklund
E00815,2024-G09,2,SHOT 15:00 WISC #11 M. Thibault
E00816,2024-G09,2,"GOAL 12:44 MICH #22 F. Delacroix (A: #9 R. Karr, #12 S. Rutledge) [EV]"
E00817,2024-G09,2,BLOCK 11:47 MICH  #11 D. Ochoa
E00818,2024-G09,2,SHOT 10:54 WISC #17 E. Gauthier
E00819,2024-G09,2,HIT 10:27 WISC #32 F. Underwood
E00820,2024-G09,2,  HIT 10:12 WISC #39 M. Savard
E00821,2024-G09,2,SHOT 09:52 MICH #4 J. Ferris
E00822,2024-G09,2,SHOT 09:21 MICH #25 O. Brightwater
E00823,2024-G09,2,"PENALTY 09:13 MICH #9 R. Karr (Interference, 2 min)"
E00824,2024-G09,2,"PENALTY 09:05 WISC #3 V. Whelan (Hooking, 2 min)"
E00825,2024-G09,2,HIT 08:58 WISC #10 M. Quill
E00826,2024-G09,2,SHOT 08:41 MICH #19 B. Lindgren
E00827,2024-G09,2,SHOT 08:28 WISC #13 T. Doyle
E00828,2024-G09,2,"PENALTY 07:55 MICH #10 E. Marchand (Cross-checking, 2 min)"
E00829,2024-G09,2,SHOT 07:49 WISC #7 K. Doyle
E00830,2024-G09,2,HIT 5:11 WISC #6 L. Ives
E00831,2024-G09,2,SHOT 02:56 WISC #6 L. Yakimov
E00832,2024-G09,2,TAKEAWAY 1:06 WISC #26 E. Gauthier
E00833,2024-G09,2,"PENALTY 0:23 MICH #27 T. Ilves (Delay of Game, 2 min)"
E00834,2024-G09,2,"PENALTY 00:14 MICH #21 W. Achterberg (Interference, 2 min)"
E00835,2024-G09,3,BLOCK 19:53 MICH #22 F. Delacroix
E00836,2024-G09,3,SHOT 19:49 MICH #6 L. O'Halloran
E00837,2024-G09,3,"GOAL 19:40 WISC #22 B. Peterson (A: #7 C. Kuznetsov, #32 T. Ostberg) [EV]  "
E00838,2024-G09,3,HIT 19:39 MICH #19 B. Lindgren
E00839,2024-G09,3,SHOT 19:30 MICH #22 F. Delacroix
E00840,2024-G09,3,HIT 18:48 WISC #3 E. Underwood  
E00841,2024-G09,3,  SHOT 16:56 WISC #18 E. Alderson
E00842,2024-G09,3,"PENALTY 16:27 WISC #39 V. Gauthier (Holding, 2 min)"
E00843,2024-G09,3,HIT 14:51 WISC #36 P. Yakimov
E00844,2024-G09,3,BLOCK 14:09 MICH #10 E. Marchand
E00845,2024-G09,3,SHOT 14:03 WISC #34 N. Thibault
E00846,2024-G09,3,SHOT 13:46 WISC #23 G. Jarvis
E00847,2024-G09,3,SHOT 12:05 MICH #10 E. Marchand
E00848,2024-G09,3,HIT 11:37 WISC #1 S. Nilsson
E00849,2024-G09,3,GOAL 10:52 WISC #16 B. Rasmussen (unassisted) [EV]  
E00850,2024-G09,3,GOAL 10:38 MICH #6 L. O'Halloran (A: #12 S. Rutledge) [EV]
E00851,2024-G09,3,  GOAL 09:36 MICH #22 F. Delacroix (A: #29 J. Teodoro) [EV]
E00852,2024-G09,3,SHOT 9:27 WISC #24 R. Ives
E00853,2024-G09,3,SHOT 09:05 WISC #25 W. Nilsson
E00854,2024-G09,3,BLOCK 8:46 WISC #32 L. Maloney
E00855,2024-G09,3,"  GOAL 7:52 WISC #11 R. Maloney (A: #18 C. Lachance, #8 S. Peterson) [EV]"
E00856,2024-G09,3,"PENALTY 7:10 WISC #14 B. Alderson (Roughing, 2 min)"
E00857,2024-G09,3,SHOT 06:41 MICH #24 V. Sepp  
E00858,2024-G09,3,SHOT 6:18 MICH #22 F. Delacroix
E00859,2024-G09,3,SHOT 06:16 WISC #19 T. Cormier
E00860,2024-G09,3,BLOCK 06:03 MICH #6 L. O'Halloran
E00861,2024-G09,3,"PENALTY 05:15 WISC #25 A. Gauthier (Slashing, 2 min)"
E00862,2024-G09,3,SHOT 5:13 WISC #37 G. Yakimov  
E00863,2024-G09,3,HIT 4:49 MICH #6 L. O'Halloran
E00864,2024-G09,3,SHOT 04:45 MICH #6 L. O'Halloran
E00865,2024-G09,3,SHOT 04:11 MICH #28 M. Halloran
E00866,2024-G09,3,BLOCK 03:33 MICH #29 J. Teodoro
E00867,2024-G09,3,SHOT 02:59 WISC #23 M. Maloney  
E00868,2024-G09,3,SHOT 2:47 MICH #28 M. Halloran
E00869,2024-G09,3,"PENALTY 02:24 WISC #15 C. Maloney (Tripping, 2 min)"
E00870,2024-G09,3,"  PENALTY 00:58 WISC #15 N. Rasmussen (Holding, 2 min)"
E00871,2024-G09,3,BLOCK 00:46 WISC #34 A. Yakimov
E00872,2024-G09,4,SHOT 04:43 MICH #18 H. Okafor
E00873,2024-G09,4,"GOAL 4:21 WISC #7 G. Doyle (A: #24 G. Peterson, #39 H. Vasquez) [EV]"
E00874,2024-G09,4,HIT 03:07 WISC #4 W. Fitzpatrick
E00875,2024-G09,4,HIT 1:25 WISC #5 V. Lachance
E00876,2024-G09,4,SHOT 01:01 WISC #5 G. Halvorson  
E00877,2024-G10,1,HIT 19:36 OSU #11 D. Vasquez
E00878,2024-G10,1,HIT 18:57 MICH #2 P. Vander-Meer
E00879,2024-G10,1,SHOT 18:17 MICH #29 J. Teodoro
E00880,2024-G10,1,BLOCK 17:10 OSU #27 M. Thibault
E00881,2024-G10,1,SHOT 16:21 MICH #17 T. Brennan
E00882,2024-G10,1,"PENALTY 16:10 MICH #27 T. Ilves (Tripping, 2 min)"
E00883,2024-G10,1,"GOAL 15:31 MICH #10 E. Marchand (A: #9 R. Karr, #25 O. Brightwater) [EV]"
E00884,2024-G10,1,"GOAL 15:05 OSU #7 L. Fitzpatrick (A: #38 S. Maloney, #34 L. Halvorson) [PP]"
E00885,2024-G10,1,SHOT 14:02 OSU #7 K. Peterson
E00886,2024-G10,1,SHOT 13:27 OSU #39 C. Underwood
E00887,2024-G10,1,SHOT 13:17 MICH #22 F. Delacroix
E00888,2024-G10,1,TAKEAWAY 12:57 OSU #33 J. Doyle
E00889,2024-G10,1,HIT 11:24 OSU #33 C. Doyle
E00890,2024-G10,1,  SHOT 11:05 MICH #8 R. St. Pierre
E00891,2024-G10,1,SHOT 10:48 MICH #14 C. Wiegand
E00892,2024-G10,1,HIT 10:44 MICH #22 F. Delacroix
E00893,2024-G10,1,SHOT 10:23 OSU #28 H. Alderson
E00894,2024-G10,1,SHOT 10:17 MICH #10 E. Marchand
E00895,2024-G10,1,HIT 09:37 OSU #36 D. Eklund
E00896,2024-G10,1,TAKEAWAY 08:50 OSU #18 T. Yakimov
E00897,2024-G10,1,SHOT 07:22 OSU #32 J. Vasquez
E00898,2024-G10,1,"PENALTY 06:34 OSU #35 E. Yakimov (Delay of Game, 2 min)"
E00899,2024-G10,1,"PENALTY 06:27 OSU #21 T. Thibault (Roughing, 2 min)"
E00900,2024-G10,1,  SHOT 04:43 MICH #2 P. Vander-Meer
E00901,2024-G10,1,SHOT 03:29 MICH #28 M. Halloran
E00902,2024-G10,1,SHOT 02:49 OSU  #15 K. Rasmussen
E00903,2024-G10,1,HIT 01:49 OSU #12 V. Thibault
E00904,2024-G10,1,BLOCK 00:37 MICH #9 R. Karr
E00905,2024-G10,2,SHOT 19:49 OSU #12 S. Gauthier
E00906,2024-G10,2,"PENALTY 18:47 OSU #28 B. Vasquez (Cross-checking, 2 min)"
E00907,2024-G10,2,SHOT 18:33 OSU #37 A. Savard
E00908,2024-G10,2,SHOT 18:00 MICH #12 S. Rutledge
E00909,2024-G10,2,SHOT 17:27 MICH #4 J. Ferris
E00910,2024-G10,2,SHOT 17:24 MICH #18 H. Okafor
E00911,2024-G10,2,"PENALTY 16:13 OSU #6 S. Eklund (Hooking, 2 min)"
E00912,2024-G10,2,SHOT 16:00 OSU #17 K. Gauthier
E00913,2024-G10,2,BLOCK 14:48 MICH #10 E. Marchand  
E00914,2024-G10,2,BLOCK 13:55 MICH #18 H. Okafor  
E00915,2024-G10,2,SHOT 13:13 OSU #26 R. Savard
E00916,2024-G10,2,BLOCK 13:04 OSU #33 N. Eklund
E00917,2024-G10,2,SHOT 12:42 MICH #10 E. Marchand
E00918,2024-G10,2,SHOT 12:01 MICH #27 T. Ilves
E00919,2024-G10,2,"PENALTY 11:44 OSU #7 B. Underwood (Roughing, 2 min)"
E00920,2024-G10,2,SHOT 11:03 OSU #2 R. Thibault
E00921,2024-G10,2,BLOCK 10:54 OSU #10 T. Vasquez
E00922,2024-G10,2,TAKEAWAY 10:26 OSU #4 L. Quill
E00923,2024-G10,2,SHOT 09:46 MICH #27 T. Ilves
E00924,2024-G10,2,"PENALTY 9:10 OSU #11 S. Fitzpatrick (Contact to the Head, 5 min)"
E00925,2024-G10,2,HIT 09:05 OSU #20 N. Vasquez
E00926,2024-G10,2,SHOT 08:52 OSU #9 R. Quill
E00927,2024-G10,2,HIT 8:50 OSU #28 W. Quill
E00928,2024-G10,2,  HIT 07:59 OSU #10 H. Beauchamp
E00929,2024-G10,2,SHOT 07:15 OSU #26 L. Kuznetsov  
E00930,2024-G10,2,GOAL 07:11 OSU #14 W. Yakimov (unassisted) [EV]
E00931,2024-G10,2,"PENALTY 07:10 OSU #23 P. Eklund (Slashing, 2 min)"
E00932,2024-G10,2,SHOT 04:51 OSU #39 B. Nilsson
E00933,2024-G10,2,SHOT 4:10 MICH #14 C. Wiegand
E00934,2024-G10,2,BLOCK 03:42 MICH #2 P. Vander-Meer
E00935,2024-G10,2,SHOT 03:11 OSU #5 D. Thibault
E00936,2024-G10,2,SHOT 02:00 OSU #29 M. Alderson
E00937,2024-G10,2,HIT 1:51 OSU #37 M. Peterson
E00938,2024-G10,2,HIT 01:37 MICH #26 A. Quintero
E00939,2024-G10,2,HIT 01:36 MICH #10 E. Marchand
E00940,2024-G10,2,SHOT 01:33 OSU #30 P. Thibault
E00941,2024-G10,2,SHOT 0:05 OSU #20 T. Gauthier
E00942,2024-G10,3,"PENALTY 19:02 OSU #9 K. Jarvis (Cross-checking, 2 min)"
E00943,2024-G10,3,HIT 16:28 MICH #6 L. O'Halloran
E00944,2024-G10,3,"GOAL 16:09 OSU #16 H. Cormier (A: #34 S. Ives, #11 E. Thibault) [EV]"
E00945,2024-G10,3,SHOT 15:58 OSU #18 T. Cormier
E00946,2024-G10,3,SHOT 15:20 OSU #34 K. Quill
E00947,2024-G10,3,SHOT 14:58 MICH #26 A. Quintero
E00948,2024-G10,3,SHOT 14:06 OSU #5 M. Maloney
E00949,2024-G10,3,"GOAL 13:32 OSU #27 N. Cormier (A: #22 W. Cormier, #37 F. Peterson) [PP]"
E00950,2024-G10,3,HIT 11:53 OSU #8 P. Jarvis
E00951,2024-G10,3,SHOT 11:46 MICH #14 C. Wiegand
E00952,2024-G10,3,SHOT 11:30 MICH #22 F. Delacroix
E00953,2024-G10,3,HIT 10:57 OSU #10 M. Eklund
E00954,2024-G10,3,SHOT 10:18 MICH #23 M. Boychuk
E00955,2024-G10,3,HIT 09:51 MICH #10 E. Marchand
E00956,2024-G10,3,SHOT 9:43 OSU #11 K. Underwood
E00957,2024-G10,3,  SHOT 09:41 MICH #27 T. Ilves
E00958,2024-G10,3,  BLOCK 8:39 OSU #35 P. Savard
E00959,2024-G10,3,HIT 08:38 OSU #13 S. Thibault
E00960,2024-G10,3,HIT 8:22 MICH #8 R. St. Pierre
E00961,2024-G10,3,HIT 7:21 OSU #31 L. Maloney
E00962,2024-G10,3,HIT 07:17 OSU #37 K. Vasquez
E00963,2024-G10,3,BLOCK 7:08 OSU #9 S. Cormier
E00964,2024-G10,3,SHOT 06:35 OSU #36 H. Fitzpatrick
E00965,2024-G10,3,SHOT 06:28 MICH #29 J. Teodoro
E00966,2024-G10,3,SHOT 04:35 MICH #22 F. Delacroix
E00967,2024-G10,3,"PENALTY 3:14 MICH #27 T. Ilves (Too Many Men, 2 min)"
E00968,2024-G10,3,HIT 1:52 MICH #11 D. Ochoa
E00969,2024-G10,3,  SHOT 1:36 OSU #36 T. Yakimov
E00970,2024-G10,3,BLOCK 00:43 OSU #33 K. Jarvis
E00971,2024-G10,3,HIT 00:26 MICH #27 T. Ilves
E00972,2024-G11,1,SHOT 19:05 UND #7 E. Rasmussen  
E00973,2024-G11,1,BLOCK 18:40 MICH #4 J. Ferris
E00974,2024-G11,1,SHOT 18:01 MICH #23 M. Boychuk
E00975,2024-G11,1,BLOCK 17:57 UND #22 D. Ives
E00976,2024-G11,1,SHOT 17:16 UND #10 E. Nilsson  
E00977,2024-G11,1,SHOT 16:14 UND  #24 B. Vasquez
E00978,2024-G11,1,"GOAL 16:13 UND #15 M. Kuznetsov (A: #39 G. Vasquez, #9 R. Maloney) [SH]"
E00979,2024-G11,1,  SHOT 15:56 UND #29 C. Jarvis
E00980,2024-G11,1,SHOT 15:41 UND #39 A. Quill
E00981,2024-G11,1,SHOT 15:01 MICH #24 V. Sepp
E00982,2024-G11,1,SHOT 14:46 MICH #20 G. Pasternak
E00983,2024-G11,1,GOAL 14:39 UND #5 E. Ives (A: #35 V. Ives) [EV]
E00984,2024-G11,1,HIT 14:21 UND #13 S. Beauchamp
E00985,2024-G11,1,HIT 11:56 UND #3 T. Alderson
E00986,2024-G11,1,SHOT 11:05 MICH #19 B. Lindgren
E00987,2024-G11,1,GOAL 9:23 UND #20 G. Ostberg (unassisted) [EV]
E00988,2024-G11,1,BLOCK 07:22 MICH #4 J. Ferris
E00989,2024-G11,1,TAKEAWAY 07:02 UND #10 M. Eklund
E00990,2024-G11,1,SHOT 06:49 UND  #2 V. Savard
E00991,2024-G11,1,BLOCK 06:19 UND  #8 M. Nilsson
E00992,2024-G11,1,SHOT 06:10 UND #12 M. Lachance
E00993,2024-G11,1,HIT 05:51 UND #38 A. Yakimov
E00994,2024-G11,1,  SHOT 5:13 MICH #25 O. Brightwater
E00995,2024-G11,1,"  GOAL 4:55 MICH #23 M. Boychuk (A: #22 F. Delacroix, #10 E. Marchand) [EV]"
E00996,2024-G11,1,BLOCK 04:20 UND #6 K. Lachance
E00997,2024-G11,1,  SHOT 04:07 UND #28 R. Nilsson
E00998,2024-G11,1,HIT 02:59 UND #9 P. Savard
E00999,2024-G11,1,SHOT 1:47 MICH #22 F. Delacroix
E01000,2024-G11,2,HIT 19:49 UND #10 F. Alderson
E01001,2024-G11,2,SHOT 19:06 UND #8 C. Beauchamp  
E01002,2024-G11,2,SHOT 18:41 MICH #27 T. Ilves
E01003,2024-G11,2,SHOT 18:28 UND #39 J. Underwood
E01004,2024-G11,2,BLOCK 17:31 MICH #22 F. Delacroix
E01005,2024-G11,2,BLOCK 17:18 MICH #6 L. O'Halloran  
E01006,2024-G11,2,GOAL 16:57 UND #18 H. Doyle (unassisted) [SH]
E01007,2024-G11,2,"PENALTY 15:51 UND #28 J. Ostberg (Hooking, 2 min)"
E01008,2024-G11,2,SHOT 14:37 UND #24 W. Kuznetsov
E01009,2024-G11,2,HIT 14:29 MICH #29 J. Teodoro
E01010,2024-G11,2,SHOT 13:02 UND #1 K. Halvorson
E01011,2024-G11,2,SHOT 12:49 MICH #10 E. Marchand
E01012,2024-G11,2,HIT 12:34 UND #6 E. Doyle
E01013,2024-G11,2,SHOT 11:48 MICH #16 K. Nystrom  
E01014,2024-G11,2,SHOT 11:33 UND #33 R. Jarvis
E01015,2024-G11,2,SHOT 11:25 MICH #21 W. Achterberg
E01016,2024-G11,2,SHOT 10:57 MICH #19 B. Lindgren  
E01017,2024-G11,2,  HIT 09:12 UND #9 J. Ostberg
E01018,2024-G11,2,SHOT 08:41 MICH #24 V. Sepp  
E01019,2024-G11,2,SHOT 08:01 UND #6 L. Vasquez
E01020,2024-G11,2,SHOT 6:42 UND #30 W. Yakimov
E01021,2024-G11,2,HIT 06:25 UND #25 S. Gauthier
E01022,2024-G11,2,GOAL 03:38 UND #36 E. Nilsson (A: #3 N. Vasquez) [PP]
E01023,2024-G11,2,SHOT 02:00 UND #2 J. Peterson
E01024,2024-G11,2,TAKEAWAY 01:36 MICH #29 J. Teodoro
E01025,2024-G11,2,BLOCK 1:09 UND #26 S. Cormier
E01026,2024-G11,3,HIT 19:55 MICH #26 A. Quintero
E01027,2024-G11,3,SHOT 19:18 MICH #6 L. O'Halloran
E01028,2024-G11,3,GOAL 17:51 UND #30 M. Eklund (A: #25 F. Gauthier) [EV]
E01029,2024-G11,3,"PENALTY 17:18 MICH #12 S. Rutledge (Boarding, 5 min)  "
E01030,2024-G11,3,TAKEAWAY 15:38 MICH #10 E. Marchand
E01031,2024-G11,3,HIT 15:24 UND #33 L. Beauchamp
E01032,2024-G11,3,SHOT 14:56 UND #5 S. Cormier
E01033,2024-G11,3,SHOT 14:01 UND #28 P. Gauthier
E01034,2024-G11,3,HIT 13:20 MICH #6 L. O'Halloran
E01035,2024-G11,3,SHOT 13:01 UND #30 J. Underwood
E01036,2024-G11,3,SHOT 12:52 UND #5 S. Nilsson
E01037,2024-G11,3,TAKEAWAY 12:51 MICH #26 A. Quintero
E01038,2024-G11,3,SHOT 12:10 MICH #23 M. Boychuk
E01039,2024-G11,3,SHOT 12:05 MICH #19 B. Lindgren
E01040,2024-G11,3,"PENALTY 11:37 UND #32 D. Maloney (Tripping, 2 min)"
E01041,2024-G11,3,SHOT 11:06 UND #35 G. Ostberg
E01042,2024-G11,3,TAKEAWAY 11:03 MICH #10 E. Marchand
E01043,2024-G11,3,HIT 10:18 UND #4 D. Beauchamp
E01044,2024-G11,3,SHOT 09:59 UND #13 H. Nilsson
E01045,2024-G11,3,BLOCK 09:29 UND #33 G. Peterson
E01046,2024-G11,3,HIT 09:20 UND #29 A. Rasmussen  
E01047,2024-G11,3,HIT 09:12 UND #19 G. Thibault
E01048,2024-G11,3,"GOAL 9:05 MICH #23 M. Boychuk (A: #11 D. Ochoa, #25 O. Brightwater) [EV]"
E01049,2024-G11,3,BLOCK 08:44 MICH #29 J. Teodoro
E01050,2024-G11,3,"PENALTY 07:41 UND #30 C. Vasquez (Hooking, 2 min)  "
E01051,2024-G11,3,SHOT 6:27 UND #19 H. Beauchamp
E01052,2024-G11,3,"PENALTY 06:18 UND #28 T. Thibault (Holding, 2 min)"
E01053,2024-G11,3,"PENALTY 6:00 UND #33 P. Peterson (Slashing, 2 min)"
E01054,2024-G11,3,SHOT 04:57 MICH #6 L. O'Halloran
E01055,2024-G11,3,  SHOT 4:47 UND #13 K. Savard
E01056,2024-G11,3,"PENALTY 4:45 UND #11 G. Nilsson (Hooking, 2 min)  "
E01057,2024-G11,3,BLOCK 04:31 UND #1 B. Ostberg
E01058,2024-G11,3,SHOT 03:22 MICH #26 A. Quintero
E01059,2024-G11,3,SHOT 3:21 UND #19 B. Doyle
E01060,2024-G11,3,BLOCK 02:35 UND #27 C. Savard
E01061,2024-G11,3,SHOT 00:43 MICH #6 L. O'Halloran
E01062,2024-G11,3,  SHOT 00:07 UND #33 M. Alderson
E01063,2024-G12,1,SHOT 19:11 MICH #12 S. Rutledge
E01064,2024-G12,1,BLOCK 17:36 WMU #28 P. Ives
E01065,2024-G12,1,HIT 17:21 WMU #22 G. Jarvis
E01066,2024-G12,1,SHOT 16:47 MICH #14 C. Wiegand
E01067,2024-G12,1,BLOCK 15:28 WMU #34 V. Jarvis
E01068,2024-G12,1,  SHOT 15:19 WMU #3 R. Eklund
E01069,2024-G12,1,SHOT 15:16 MICH #28 M. Halloran
E01070,2024-G12,1,SHOT 14:52 MICH #10 E. Marchand
E01071,2024-G12,1,HIT 12:56 WMU #11 B. Ives
E01072,2024-G12,1,SHOT 12:29 MICH #28 M. Halloran
E01073,2024-G12,1,BLOCK 12:27 WMU #4 J. Cormier
E01074,2024-G12,1,SHOT 12:15 WMU #28 R. Whelan
E01075,2024-G12,1,SHOT 12:06 WMU #33 T. Whelan
E01076,2024-G12,1,HIT 11:35 WMU #38 P. Alderson
E01077,2024-G12,1,BLOCK 11:03 MICH #44 Z. Vandenberg
E01078,2024-G12,1,TAKEAWAY 9:47 MICH #9 R. Karr
E01079,2024-G12,1,BLOCK 8:33 WMU  #7 K. Yakimov
E01080,2024-G12,1,  SHOT 07:37 WMU #4 E. Ives
E01081,2024-G12,1,TAKEAWAY 07:25 WMU #18 L. Ives
E01082,2024-G12,1,HIT 6:34 WMU #15 H. Eklund
E01083,2024-G12,1,"PENALTY 06:14 MICH #18 H. Okafor (Interference, 2 min)"
E01084,2024-G12,1,TAKEAWAY 05:34 MICH #18 H. Okafor  
E01085,2024-G12,1,SHOT 05:32 WMU #32 S. Beauchamp
E01086,2024-G12,1,SHOT 05:19 MICH #16 K. Nystrom
E01087,2024-G12,1,SHOT 05:03 MICH  #11 D. Ochoa
E01088,2024-G12,1,HIT 5:02 MICH #29 J. Teodoro
E01089,2024-G12,1,"PENALTY 04:54 WMU #21 S. Peterson (Roughing, 2 min)"
E01090,2024-G12,1,SHOT 4:50 MICH #12 S. Rutledge
E01091,2024-G12,1,SHOT 04:41 MICH #9 R. Karr
E01092,2024-G12,1,SHOT 03:34 WMU #39 S. Gauthier
E01093,2024-G12,1,HIT 03:32 WMU #32 T. Alderson  
E01094,2024-G12,1,SHOT 2:52 WMU #15 P. Alderson
E01095,2024-G12,1,GOAL 02:28 WMU #29 A. Ives (A: #9 C. Doyle) [EV]
E01096,2024-G12,1,BLOCK 01:45 WMU #30 C. Ostberg
E01097,2024-G12,1,  SHOT 01:35 WMU #3 B. Yakimov
E01098,2024-G12,1,SHOT 01:28 WMU #12 G. Yakimov
E01099,2024-G12,1,HIT 01:19 WMU #22 B. Whelan
E01100,2024-G12,1,SHOT 00:29 MICH #9 R. Karr
E01101,2024-G12,1,SHOT 00:27 MICH #10 E. Marchand
E01102,2024-G12,2,BLOCK 18:02 WMU #34 C. Rasmussen
E01103,2024-G12,2,"PENALTY 15:55 WMU #36 R. Eklund (Holding, 2 min)"
E01104,2024-G12,2,SHOT 15:53 MICH #6 L. O'Halloran
E01105,2024-G12,2,SHOT 15:47 MICH #17 T. Brennan  
E01106,2024-G12,2,GOAL 13:34 WMU #34 D. Nilsson (A: #21 L. Maloney) [EV]
E01107,2024-G12,2,SHOT 13:10 WMU #36 P. Ostberg
E01108,2024-G12,2,HIT 12:50 MICH #26 A. Quintero
E01109,2024-G12,2,HIT 12:01 MICH  #20 G. Pasternak
E01110,2024-G12,2,SHOT 11:52 MICH #12 S. Rutledge
E01111,2024-G12,2,TAKEAWAY 11:11 WMU #38 C. Whelan
E01112,2024-G12,2,HIT 10:45 MICH #6 L. O'Halloran
E01113,2024-G12,2,HIT 10:41 WMU #16 V. Halvorson  
E01114,2024-G12,2,GOAL 10:34 WMU #14 G. Gauthier (unassisted) [EN]
E01115,2024-G12,2,SHOT 08:44 MICH #4 J. Ferris
E01116,2024-G12,2,HIT 08:36 WMU #14 N. Alderson
E01117,2024-G12,2,TAKEAWAY 06:51 MICH #19 B. Lindgren
E01118,2024-G12,2,BLOCK 06:17 MICH #25 O. Brightwater
E01119,2024-G12,2,HIT 05:33 WMU #30 S. Doyle
E01120,2024-G12,2,SHOT 05:13 MICH #27 T. Ilves
E01121,2024-G12,2,SHOT 04:52 WMU #12 F. Cormier
E01122,2024-G12,2,SHOT 03:44 MICH #11 D. Ochoa
E01123,2024-G12,2,BLOCK 02:45 MICH #8 R. St. Pierre  
E01124,2024-G12,2,SHOT 2:05 MICH #18 H. Okafor
E01125,2024-G12,2,BLOCK 2:04 MICH #14 C. Wiegand  
E01126,2024-G12,2,BLOCK 1:44 MICH #19 B. Lindgren
E01127,2024-G12,2,GOAL 01:42 MICH #21 W. Achterberg (unassisted) [EV]
E01128,2024-G12,2,GOAL 00:22 WMU #20 S. Peterson (A: #3 L. Ostberg) [EV]
E01129,2024-G12,2,SHOT 00:20 WMU #16 S. Fitzpatrick
E01130,2024-G12,2,HIT 0:14 WMU #19 J. Lachance
E01131,2024-G12,3,SHOT 19:14 MICH #26 A. Quintero
E01132,2024-G12,3,  HIT 17:59 MICH #44 Z. Vandenberg
E01133,2024-G12,3,SHOT 17:05 WMU #33 M. Whelan
E01134,2024-G12,3,SHOT 16:42 MICH  #23 M. Boychuk
E01135,2024-G12,3,GOAL 15:51 WMU #39 J. Beauchamp (A: #36 G. Savard) [EV]
E01136,2024-G12,3,TAKEAWAY 15:41 MICH #8 R. St. Pierre
E01137,2024-G12,3,BLOCK 15:31 WMU #36 T. Fitzpatrick
E01138,2024-G12,3,BLOCK 15:30 WMU #37 H. Thibault
E01139,2024-G12,3,TAKEAWAY 15:15 WMU #21 S. Jarvis
E01140,2024-G12,3,SHOT 14:33 WMU #24 B. Whelan
E01141,2024-G12,3,SHOT 13:27 MICH  #24 V. Sepp
E01142,2024-G12,3,  SHOT 13:13 MICH #12 S. Rutledge
E01143,2024-G12,3,SHOT 13:08 MICH #20 G. Pasternak
E01144,2024-G12,3,HIT 12:43 WMU #1 K. Yakimov
E01145,2024-G12,3,GOAL 11:58 WMU #7 C. Beauchamp (unassisted) [EV]  
E01146,2024-G12,3,"PENALTY 11:40 MICH #16 K. Nystrom (Boarding, 5 min)"
E01147,2024-G12,3,"PENALTY 10:37 MICH #22 F. Delacroix (Interference, 2 min)"
E01148,2024-G12,3,TAKEAWAY 10:21 WMU #26 N. Underwood
E01149,2024-G12,3,SHOT 09:55 MICH #17 T. Brennan
E01150,2024-G12,3,SHOT 9:43 MICH #4 J. Ferris  
E01151,2024-G12,3,SHOT 07:03 WMU #2 D. Cormier
E01152,2024-G12,3,SHOT 6:51 MICH #18 H. Okafor
E01153,2024-G12,3,SHOT 04:59 MICH #28 M. Halloran
E01154,2024-G12,3,BLOCK 04:24 MICH #23 M. Boychuk  
E01155,2024-G12,3,HIT 04:16 MICH #28 M. Halloran
E01156,2024-G12,3,SHOT 04:03 MICH #26 A. Quintero
E01157,2024-G12,3,SHOT 03:21 MICH #16 K. Nystrom
E01158,2024-G12,3,SHOT 02:37 WMU #27 J. Eklund
E01159,2024-G12,3,SHOT 02:21 MICH  #12 S. Rutledge
E01160,2024-G12,3,TAKEAWAY 02:13 MICH #6 L. O'Halloran
E01161,2024-G12,3,SHOT 02:04 WMU #17 P. Vasquez
E01162,2024-G12,3,"PENALTY 00:59 WMU #25 V. Underwood (Slashing, 2 min)"
E01163,2024-G12,3,SHOT 00:52 MICH #6 L. O'Halloran
E01164,2024-G12,3,BLOCK 00:46 WMU #38 B. Underwood
E01165,2024-G12,3,SHOT 00:07 WMU #8 M. Fitzpatrick
E01166,2024-G13,1,SHOT 18:15 MICH  #14 C. Wiegand
E01167,2024-G13,1,SHOT 17:19 MICH #6 L. O'Halloran
E01168,2024-G13,1,SHOT 16:45 MICH #25 O. Brightwater
E01169,2024-G13,1,  SHOT 16:40 OSU #1 A. Jarvis
E01170,2024-G13,1,HIT 16:12 OSU #5 R. Kuznetsov
E01171,2024-G13,1,SHOT 14:29 OSU #38 N. Fitzpatrick
E01172,2024-G13,1,HIT 13:49 OSU #32 D. Doyle
E01173,2024-G13,1,SHOT 13:47 OSU #37 R. Rasmussen
E01174,2024-G13,1,SHOT 11:57 MICH #28 M. Halloran
E01175,2024-G13,1,HIT 11:38 OSU #2 J. Beauchamp
E01176,2024-G13,1,SHOT 11:19 OSU #21 N. Jarvis
E01177,2024-G13,1,BLOCK 10:54 OSU #7 K. Halvorson
E01178,2024-G13,1,SHOT 10:52 MICH #29 J. Teodoro
E01179,2024-G13,1,HIT 10:39 OSU #6 M. Whelan
E01180,2024-G13,1,TAKEAWAY 10:34 OSU #33 D. Lachance
E01181,2024-G13,1,HIT 9:25 MICH #10 E. Marchand
E01182,2024-G13,1,HIT 9:22 MICH #10 E. Marchand
E01183,2024-G13,1,BLOCK 7:21 OSU #3 V. Fitzpatrick
E01184,2024-G13,1,SHOT 06:50 MICH #18 H. Okafor
E01185,2024-G13,1,SHOT 05:35 MICH #26 A. Quintero
E01186,2024-G13,1,HIT 04:46 MICH #44 Z. Vandenberg
E01187,2024-G13,1,BLOCK 04:11 MICH #29 J. Teodoro
E01188,2024-G13,1,SHOT 03:52 OSU #39 L. Vasquez
E01189,2024-G13,1,HIT 03:09 MICH #19 B. Lindgren
E01190,2024-G13,1,SHOT 2:24 OSU #17 F. Whelan
E01191,2024-G13,1,SHOT 02:14 MICH #24 V. Sepp
E01192,2024-G13,1,SHOT 02:01 OSU #19 J. Ives
E01193,2024-G13,1,  SHOT 00:09 MICH #24 V. Sepp
E01194,2024-G13,2,SHOT 19:40 OSU #29 T. Ives
E01195,2024-G13,2,"PENALTY 19:37 OSU #11 L. Cormier (Holding, 2 min)"
E01196,2024-G13,2,HIT 19:32 OSU #10 N. Yakimov
E01197,2024-G13,2,HIT 19:07 MICH #6 L. O'Halloran
E01198,2024-G13,2,HIT 18:18 OSU #25 S. Beauchamp  
E01199,2024-G13,2,SHOT 17:30 MICH #10 E. Marchand
E01200,2024-G13,2,HIT 16:40 MICH #24 V. Sepp  
E01201,2024-G13,2,BLOCK 13:40 MICH #17 T. Brennan
E01202,2024-G13,2,SHOT 11:27 OSU #25 V. Underwood
E01203,2024-G13,2,SHOT 11:08 MICH #27 T. Ilves
E01204,2024-G13,2,  TAKEAWAY 10:56 MICH #26 A. Quintero
E01205,2024-G13,2,TAKEAWAY 10:33 MICH #10 E. Marchand
E01206,2024-G13,2,SHOT 10:22 MICH #6 L. O'Halloran
E01207,2024-G13,2,SHOT 9:29 MICH  #16 K. Nystrom
E01208,2024-G13,2,SHOT 9:27 MICH #20 G. Pasternak
E01209,2024-G13,2,SHOT 9:19 OSU #24 T. Lachance
E01210,2024-G13,2,SHOT 9:17 MICH #23 M. Boychuk
E01211,2024-G13,2,HIT 08:49 OSU #31 C. Eklund
E01212,2024-G13,2,GOAL 8:32 MICH #16 K. Nystrom (A: #2 P. Vander-Meer) [PP]
E01213,2024-G13,2,"PENALTY 08:26 OSU #6 A. Vasquez (Roughing, 2 min)"
E01214,2024-G13,2,SHOT 06:59 MICH #8 R. St. Pierre
E01215,2024-G13,2,"GOAL 06:18 OSU #31 W. Jarvis (A: #15 J. Thibault, #7 J. Ives) [EV]"
E01216,2024-G13,2,HIT 6:13 MICH #26 A. Quintero
E01217,2024-G13,2,SHOT 05:59 MICH  #16 K. Nystrom
E01218,2024-G13,2,SHOT 05:16 MICH #16 K. Nystrom
E01219,2024-G13,2,SHOT 04:18 OSU #33 K. Rasmussen
E01220,2024-G13,2,SHOT 03:20 OSU #25 T. Fitzpatrick
E01221,2024-G13,2,HIT 3:05 OSU #1 R. Beauchamp
E01222,2024-G13,2,SHOT 02:19 MICH #12 S. Rutledge
E01223,2024-G13,2,"PENALTY 02:10 OSU #3 E. Alderson (Holding, 2 min)"
E01224,2024-G13,2,SHOT 01:55 OSU #10 C. Whelan
E01225,2024-G13,2,BLOCK 01:20 OSU #4 M. Yakimov
E01226,2024-G13,2,BLOCK 00:29 OSU #1 L. Savard
E01227,2024-G13,3,HIT 18:42 MICH #14 C. Wiegand  
E01228,2024-G13,3,SHOT 18:24 OSU  #9 F. Kuznetsov
E01229,2024-G13,3,SHOT 17:20 MICH #10 E. Marchand
E01230,2024-G13,3,SHOT 17:08 MICH #11 D. Ochoa
E01231,2024-G13,3,SHOT 16:36 OSU #17 K. Ives
E01232,2024-G13,3,SHOT 15:59 OSU  #35 W. Beauchamp
E01233,2024-G13,3,HIT 15:16 OSU #16 N. Underwood
E01234,2024-G13,3,SHOT 14:57 MICH #27 T. Ilves
E01235,2024-G13,3,  SHOT 14:24 MICH #29 J. Teodoro
E01236,2024-G13,3,BLOCK 13:52 OSU #35 A. Whelan
E01237,2024-G13,3,"PENALTY 13:22 OSU #13 L. Thibault (Cross-checking, 2 min)"
E01238,2024-G13,3,SHOT 12:58 OSU #11 S. Halvorson
E01239,2024-G13,3,SHOT 12:57 OSU #3 K. Rasmussen
E01240,2024-G13,3,SHOT 12:12 OSU #30 J. Beauchamp
E01241,2024-G13,3,HIT 11:00 OSU #12 G. Peterson
E01242,2024-G13,3,SHOT 10:27 OSU #5 M. Yakimov
E01243,2024-G13,3,SHOT 9:56 OSU #14 R. Halvorson
E01244,2024-G13,3,BLOCK 09:34 MICH #28 M. Halloran
E01245,2024-G13,3,"PENALTY 08:27 OSU #17 W. Jarvis (Hooking, 2 min)"
E01246,2024-G13,3,SHOT 08:22 OSU #38 T. Lachance
E01247,2024-G13,3,HIT 08:07 OSU #30 T. Maloney
E01248,2024-G13,3,SHOT 7:05 OSU #39 A. Thibault
E01249,2024-G13,3,SHOT 6:51 OSU #19 R. Kuznetsov
E01250,2024-G13,3,TAKEAWAY 6:16 OSU #8 H. Cormier
E01251,2024-G13,3,SHOT 06:14 MICH #6 L. O'Halloran
E01252,2024-G13,3,TAKEAWAY 06:10 MICH #44 Z. Vandenberg
E01253,2024-G13,3,SHOT 04:54 OSU #18 M. Rasmussen
E01254,2024-G13,3,TAKEAWAY 04:07 MICH #4 J. Ferris
E01255,2024-G13,3,SHOT 02:49 MICH #44 Z. Vandenberg
E01256,2024-G13,3,"PENALTY 2:30 MICH #11 D. Ochoa (Tripping, 2 min)"
E01257,2024-G13,3,BLOCK 01:27 MICH #19 B. Lindgren
E01258,2024-G13,3,HIT 1:24 MICH #21 W. Achterberg
E01259,2024-G13,3,"PENALTY 1:08 MICH #25 O. Brightwater (Cross-checking, 2 min)"
E01260,2024-G13,3,HIT 00:53 OSU #35 T. Gauthier
E01261,2024-G13,4,SHOT 04:43 OSU #4 W. Ives
E01262,2024-G13,4,HIT 04:07 MICH #4 J. Ferris
E01263,2024-G13,4,SHOT 02:18 MICH #16 K. Nystrom
E01264,2024-G13,4,TAKEAWAY 1:40 MICH #29 J. Teodoro
E01265,2024-G13,4,SHOT 1:27 MICH #4 J. Ferris
E01266,2024-G13,4,  GOAL 1:25 MICH #10 E. Marchand (A: #25 O. Brightwater) [EV]
E01267,2024-G13,4,  SHOT 01:01 OSU #13 V. Beauchamp
E01268,2024-G13,4,SHOT 00:33 OSU #3 N. Jarvis
E01269,2024-G13,4,TAKEAWAY 0:30 MICH #27 T. Ilves
E01270,2024-G13,4,SHOT 0:22 MICH #9 R. Karr
E01271,2024-G14,1,SHOT 19:14 MICH #16 K. Nystrom
E01272,2024-G14,1,SHOT 17:43 MSU #18 H. Jarvis
E01273,2024-G14,1,SHOT 15:38 MICH #21 W. Achterberg
E01274,2024-G14,1,GOAL 15:22 MSU  #12 D. Lachance (A: #3 C. Cormier) [EV]
E01275,2024-G14,1,"PENALTY 14:59 MSU #28 D. Alderson (High-sticking, 2 min)"
E01276,2024-G14,1,BLOCK 13:27 MSU  #35 L. Savard
E01277,2024-G14,1,SHOT 13:09 MSU #22 D. Lachance
E01278,2024-G14,1,SHOT 12:18 MSU #26 G. Ostberg
E01279,2024-G14,1,"PENALTY 11:19 MSU #22 P. Alderson (Cross-checking, 2 min)"
E01280,2024-G14,1,"PENALTY 11:04 MSU #36 E. Kuznetsov (Hooking, 2 min)"
E01281,2024-G14,1,SHOT 10:26 MSU #11 J. Vasquez
E01282,2024-G14,1,SHOT 09:59 MSU  #30 H. Nilsson
E01283,2024-G14,1,  SHOT 8:17 MSU #5 T. Cormier
E01284,2024-G14,1,SHOT 06:08 MICH  #28 M. Halloran
E01285,2024-G14,1,SHOT 06:00 MICH #11 D. Ochoa
E01286,2024-G14,1,SHOT 05:34 MICH #29 J. Teodoro
E01287,2024-G14,1,SHOT 05:15 MICH #4 J. Ferris
E01288,2024-G14,1,BLOCK 4:35 MSU #38 H. Doyle
E01289,2024-G14,1,BLOCK 04:24 MSU #34 H. Rasmussen
E01290,2024-G14,1,GOAL 4:15 MICH #20 G. Pasternak (unassisted) [EV]
E01291,2024-G14,1,HIT 3:58 MICH #26 A. Quintero
E01292,2024-G14,1,SHOT 03:51 MICH #9 R. Karr
E01293,2024-G14,1,SHOT 2:26 MICH #18 H. Okafor
E01294,2024-G14,1,  BLOCK 01:10 MICH #11 D. Ochoa
E01295,2024-G14,1,SHOT 00:23 MSU #4 N. Jarvis
E01296,2024-G14,1,SHOT 00:10 MICH #4 J. Ferris
E01297,2024-G14,2,SHOT 19:40 MSU #15 E. Beauchamp
E01298,2024-G14,2,BLOCK 19:11 MICH #11 D. Ochoa
E01299,2024-G14,2,HIT 18:30 MICH  #19 B. Lindgren
E01300,2024-G14,2,SHOT 17:39 MSU #11 A. Yakimov
E01301,2024-G14,2,SHOT 17:20 MSU #20 N. Alderson
E01302,2024-G14,2,SHOT 17:13 MSU #21 B. Alderson
E01303,2024-G14,2,SHOT 17:02 MSU #26 D. Lachance
E01304,2024-G14,2,HIT 16:31 MICH  #12 S. Rutledge
E01305,2024-G14,2,BLOCK 15:45 MICH #6 L. O'Halloran
E01306,2024-G14,2,SHOT 14:52 MSU #23 T. Lachance
E01307,2024-G14,2,HIT 14:04 MSU  #4 B. Halvorson
E01308,2024-G14,2,SHOT 13:48 MICH #14 C. Wiegand
E01309,2024-G14,2,SHOT 13:31 MSU #3 V. Quill
E01310,2024-G14,2,SHOT 11:41 MSU #37 P. Whelan
E01311,2024-G14,2,SHOT 11:23 MSU #29 H. Yakimov
E01312,2024-G14,2,SHOT 11:11 MSU #10 P. Alderson
E01313,2024-G14,2,SHOT 10:56 MSU  #34 R. Whelan
E01314,2024-G14,2,TAKEAWAY 10:52 MSU #36 B. Savard
E01315,2024-G14,2,TAKEAWAY 10:19 MICH #22 F. Delacroix
E01316,2024-G14,2,SHOT 09:22 MSU #23 K. Ives
E01317,2024-G14,2,HIT 8:26 MICH #4 J. Ferris
E01318,2024-G14,2,SHOT 07:09 MICH #21 W. Achterberg
E01319,2024-G14,2,SHOT 6:45 MSU #2 E. Whelan  
E01320,2024-G14,2,HIT 05:50 MICH #20 G. Pasternak
E01321,2024-G14,2,SHOT 05:42 MSU #29 G. Beauchamp
E01322,2024-G14,2,HIT 05:07 MSU  #3 V. Ostberg
E01323,2024-G14,2,SHOT 03:58 MSU #12 M. Cormier
E01324,2024-G14,2,SHOT 02:36 MICH #11 D. Ochoa
E01325,2024-G14,2,SHOT 01:22 MSU #5 M. Peterson
E01326,2024-G14,2,SHOT 01:01 MICH #19 B. Lindgren
E01327,2024-G14,2,  SHOT 0:48 MSU #2 T. Ostberg
E01328,2024-G14,3,SHOT 19:45 MICH #18 H. Okafor
E01329,2024-G14,3,SHOT 19:44 MSU #19 V. Kuznetsov
E01330,2024-G14,3,HIT 18:47 MSU #27 P. Halvorson
E01331,2024-G14,3,HIT 17:58 MICH #17 T. Brennan
E01332,2024-G14,3,BLOCK 17:42 MICH #18 H. Okafor
E01333,2024-G14,3,HIT 17:10 MSU #36 N. Beauchamp
E01334,2024-G14,3,TAKEAWAY 16:14 MICH #27 T. Ilves
E01335,2024-G14,3,SHOT 16:00 MSU #20 G. Kuznetsov  
E01336,2024-G14,3,HIT 15:25 MSU #24 R. Vasquez
E01337,2024-G14,3,TAKEAWAY 15:19 MICH  #8 R. St. Pierre
E01338,2024-G14,3,SHOT 14:56 MICH #12 S. Rutledge
E01339,2024-G14,3,SHOT 14:53 MICH #2 P. Vander-Meer
E01340,2024-G14,3,SHOT 14:39 MICH #25 O. Brightwater
E01341,2024-G14,3,SHOT 13:48 MICH #22 F. Delacroix
E01342,2024-G14,3,SHOT 13:22 MSU #4 A. Doyle
E01343,2024-G14,3,SHOT 12:57 MICH #14 C. Wiegand
E01344,2024-G14,3,SHOT 12:39 MSU #33 W. Fitzpatrick
E01345,2024-G14,3,"PENALTY 11:33 MSU #37 S. Quill (Contact to the Head, 5 min)  "
E01346,2024-G14,3,SHOT 11:32 MSU #20 P. Peterson
E01347,2024-G14,3,BLOCK 10:18 MICH #28 M. Halloran
E01348,2024-G14,3,  HIT 08:35 MSU #14 D. Ostberg
E01349,2024-G14,3,SHOT 8:28 MSU #8 F. Gauthier
E01350,2024-G14,3,SHOT 08:10 MICH #10 E. Marchand
E01351,2024-G14,3,BLOCK 07:36 MICH #26 A. Quintero
E01352,2024-G14,3,HIT 07:16 MICH #23 M. Boychuk
E01353,2024-G14,3,SHOT 06:39 MICH #9 R. Karr  
E01354,2024-G14,3,BLOCK 5:37 MICH #9 R. Karr
E01355,2024-G14,3,SHOT 5:18 MSU #13 H. Vasquez
E01356,2024-G14,3,"PENALTY 05:11 MSU #3 T. Gauthier (Cross-checking, 2 min)"
E01357,2024-G14,3,"PENALTY 05:01 MSU #33 R. Peterson (Contact to the Head, 5 min)"
E01358,2024-G14,3,SHOT 3:52 MSU #4 B. Ostberg
E01359,2024-G14,3,HIT 01:41 MSU #1 W. Jarvis
E01360,2024-G14,3,SHOT 01:33 MSU  #22 T. Gauthier
E01361,2024-G14,3,SHOT 01:20 MSU #36 R. Alderson
E01362,2024-G14,3,BLOCK 01:14 MICH #11 D. Ochoa
E01363,2024-G14,3,SHOT 00:57 MICH #22 F. Delacroix
E01364,2024-G14,3,HIT 0:50 MSU #34 J. Rasmussen
E01365,2024-G14,3,SHOT 00:40 MSU #14 B. Halvorson
E01366,2024-G14,4,SHOT 4:51 MSU #39 R. Doyle
E01367,2024-G14,4,GOAL 4:06 MICH #2 P. Vander-Meer (A: #18 H. Okafor) [EV]
E01368,2024-G14,4,HIT 03:50 MSU #23 F. Peterson
E01369,2024-G14,4,SHOT 3:12 MICH #2 P. Vander-Meer
E01370,2024-G14,4,BLOCK 02:30 MICH #22 F. Delacroix
E01371,2024-G14,4,  SHOT 02:18 MSU #21 T. Halvorson
E01372,2024-G14,4,"PENALTY 01:59 MICH #14 C. Wiegand (Tripping, 2 min)"
E01373,2024-G14,4,SHOT 00:38 MICH #19 B. Lindgren
E01374,2024-G14,4,SHOT 0:29 MSU  #23 W. Vasquez
E01375,2024-G15,1,SHOT 18:46 MICH #27 T. Ilves
E01376,2024-G15,1,SHOT 18:34 LSSU #37 F. Lachance
E01377,2024-G15,1,SHOT 18:31 MICH #18 H. Okafor
E01378,2024-G15,1,SHOT 16:36 LSSU #9 D. Eklund  
E01379,2024-G15,1,SHOT 14:42 MICH  #21 W. Achterberg
E01380,2024-G15,1,HIT 14:15 LSSU #6 T. Doyle
E01381,2024-G15,1,HIT 13:24 MICH #25 O. Brightwater
E01382,2024-G15,1,HIT 13:08 LSSU #26 W. Cormier
E01383,2024-G15,1,SHOT 12:28 MICH #25 O. Brightwater
E01384,2024-G15,1,SHOT 12:22 LSSU #21 C. Doyle
E01385,2024-G15,1,SHOT 11:47 LSSU #37 K. Gauthier
E01386,2024-G15,1,HIT 11:28 LSSU #18 M. Alderson
E01387,2024-G15,1,SHOT 11:23 MICH  #28 M. Halloran
E01388,2024-G15,1,BLOCK 11:04 LSSU #1 M. Thibault
E01389,2024-G15,1,SHOT 09:51 LSSU #34 J. Maloney
E01390,2024-G15,1,SHOT 9:44 MICH #23 M. Boychuk  
E01391,2024-G15,1,"PENALTY 09:20 MICH #20 G. Pasternak (Tripping, 2 min)"
E01392,2024-G15,1,HIT 08:40 LSSU #33 G. Fitzpatrick  
E01393,2024-G15,1,  SHOT 07:54 LSSU #26 P. Underwood
E01394,2024-G15,1,SHOT 7:41 LSSU #2 W. Eklund
E01395,2024-G15,1,SHOT 06:32 MICH #18 H. Okafor
E01396,2024-G15,1,HIT 6:03 MICH #11 D. Ochoa
E01397,2024-G15,1,SHOT 5:16 MICH #6 L. O'Halloran
E01398,2024-G15,1,SHOT 4:36 LSSU #18 J. Vasquez
E01399,2024-G15,1,TAKEAWAY 02:46 LSSU #27 N. Thibault
E01400,2024-G15,1,HIT 1:09 LSSU #17 P. Maloney
E01401,2024-G15,1,SHOT 1:06 LSSU #24 M. Nilsson
E01402,2024-G15,1,SHOT 00:55 MICH #29 J. Teodoro
E01403,2024-G15,1,SHOT 00:24 MICH  #21 W. Achterberg
E01404,2024-G15,2,HIT 19:53 MICH #28 M. Halloran
E01405,2024-G15,2,BLOCK 19:43 LSSU #18 M. Gauthier
E01406,2024-G15,2,HIT 19:02 LSSU #7 G. Savard
E01407,2024-G15,2,SHOT 18:48 LSSU #38 B. Beauchamp
E01408,2024-G15,2,SHOT 18:28 MICH #2 P. Vander-Meer
E01409,2024-G15,2,SHOT 16:53 LSSU #12 J. Yakimov
E01410,2024-G15,2,BLOCK 16:41 LSSU #13 R. Beauchamp
E01411,2024-G15,2,  BLOCK 16:33 LSSU #17 C. Halvorson
E01412,2024-G15,2,SHOT 16:19 MICH #14 C. Wiegand
E01413,2024-G15,2,SHOT 15:29 LSSU #26 E. Cormier
E01414,2024-G15,2,SHOT 14:33 MICH #23 M. Boychuk
E01415,2024-G15,2,"PENALTY 14:24 LSSU #38 L. Beauchamp (Cross-checking, 2 min)"
E01416,2024-G15,2,BLOCK 13:18 LSSU #33 D. Alderson
E01417,2024-G15,2,  HIT 13:13 LSSU #37 P. Alderson
E01418,2024-G15,2,  SHOT 12:54 MICH #21 W. Achterberg
E01419,2024-G15,2,SHOT 12:38 MICH #9 R. Karr
E01420,2024-G15,2,SHOT 12:32 LSSU #9 J. Savard
E01421,2024-G15,2,SHOT 12:23 LSSU #21 C. Ives
E01422,2024-G15,2,BLOCK 10:56 LSSU #5 K. Peterson
E01423,2024-G15,2,HIT 10:48 LSSU #3 G. Whelan
E01424,2024-G15,2,HIT 9:50 MICH #11 D. Ochoa
E01425,2024-G15,2,BLOCK 08:52 LSSU #31 S. Peterson
E01426,2024-G15,2,SHOT 08:36 LSSU #34 K. Kuznetsov
E01427,2024-G15,2,SHOT 08:34 MICH  #22 F. Delacroix
E01428,2024-G15,2,"PENALTY 8:31 LSSU #39 C. Gauthier (Holding, 2 min)"
E01429,2024-G15,2,SHOT 5:16 MICH #17 T. Brennan
E01430,2024-G15,2,"GOAL 04:50 LSSU #38 B. Eklund (A: #15 L. Lachance, #6 W. Quill) [EV]"
E01431,2024-G15,2,HIT 4:46 LSSU #12 P. Vasquez
E01432,2024-G15,2,SHOT 04:17 LSSU #38 E. Lachance
E01433,2024-G15,2,SHOT 02:53 MICH #28 M. Halloran
E01434,2024-G15,2,SHOT 02:09 LSSU #9 H. Cormier
E01435,2024-G15,2,"PENALTY 01:12 LSSU #24 J. Underwood (Interference, 2 min)"
E01436,2024-G15,2,BLOCK 1:11 LSSU #36 L. Doyle
E01437,2024-G15,2,SHOT 01:09 MICH #11 D. Ochoa
E01438,2024-G15,2,TAKEAWAY 00:38 LSSU #29 V. Beauchamp
E01439,2024-G15,2,HIT 0:25 LSSU  #9 S. Beauchamp
E01440,2024-G15,3,SHOT 19:32 LSSU #22 E. Doyle
E01441,2024-G15,3,SHOT 19:19 LSSU #30 B. Peterson
E01442,2024-G15,3,HIT 18:31 MICH #25 O. Brightwater
E01443,2024-G15,3,"PENALTY 18:27 MICH #44 Z. Vandenberg (Cross-checking, 2 min)"
E01444,2024-G15,3,SHOT 18:20 LSSU #4 C. Nilsson  
E01445,2024-G15,3,HIT 17:36 LSSU #4 C. Whelan
E01446,2024-G15,3,SHOT 16:07 LSSU  #23 E. Rasmussen
E01447,2024-G15,3,SHOT 16:06 MICH #24 V. Sepp
E01448,2024-G15,3,SHOT 15:54 LSSU #31 M. Quill
E01449,2024-G15,3,HIT 15:34 LSSU #30 L. Gauthier
E01450,2024-G15,3,SHOT 14:56 MICH #10 E. Marchand
E01451,2024-G15,3,HIT 13:54 MICH #21 W. Achterberg
E01452,2024-G15,3,HIT 13:35 LSSU #1 N. Gauthier
E01453,2024-G15,3,BLOCK 13:00 LSSU #29 T. Whelan
E01454,2024-G15,3,SHOT 11:39 LSSU #39 E. Alderson
E01455,2024-G15,3,SHOT 11:20 LSSU #21 J. Maloney
E01456,2024-G15,3,SHOT 10:07 MICH #44 Z. Vandenberg
E01457,2024-G15,3,HIT 8:34 LSSU #14 P. Yakimov  
E01458,2024-G15,3,SHOT 7:30 MICH #12 S. Rutledge
E01459,2024-G15,3,HIT 05:14 LSSU #31 T. Lachance
E01460,2024-G15,3,TAKEAWAY 4:48 LSSU #20 G. Whelan
E01461,2024-G15,3,HIT 04:36 LSSU #7 S. Maloney
E01462,2024-G15,3,"PENALTY 03:53 MICH #8 R. St. Pierre (Tripping, 2 min)"
E01463,2024-G15,3,SHOT 03:49 MICH #4 J. Ferris
E01464,2024-G15,3,HIT 3:46 MICH #12 S. Rutledge
E01465,2024-G15,3,SHOT 3:32 LSSU #34 B. Gauthier
E01466,2024-G15,3,SHOT 2:25 LSSU #27 E. Lachance  
E01467,2024-G15,3,SHOT 01:59 MICH #25 O. Brightwater
E01468,2024-G15,3,HIT 1:34 LSSU #21 M. Savard
E01469,2024-G15,3,SHOT 01:04 LSSU #10 C. Thibault
E01470,2024-G15,3,"PENALTY 1:02 MICH  #17 T. Brennan (Roughing, 2 min)"
E01471,2024-G15,3,SHOT 00:53 LSSU #16 V. Alderson
E01472,2024-G16,1,SHOT 19:34 MINN #21 A. Cormier
E01473,2024-G16,1,"PENALTY 18:27 MICH #10 E. Marchand (Contact to the Head, 5 min)"
E01474,2024-G16,1,BLOCK 17:12 MINN #1 H. Quill
E01475,2024-G16,1,SHOT 15:26 MICH #12 S. Rutledge  
E01476,2024-G16,1,"GOAL 14:23 MICH #17 T. Brennan (A: #2 P. Vander-Meer, #14 C. Wiegand) [EV]"
E01477,2024-G16,1,  SHOT 13:44 MICH #20 G. Pasternak
E01478,2024-G16,1,TAKEAWAY 13:07 MINN  #13 B. Yakimov
E01479,2024-G16,1,SHOT 10:57 MICH #29 J. Teodoro
E01480,2024-G16,1,SHOT 10:44 MINN #35 D. Doyle
E01481,2024-G16,1,BLOCK 9:31 MINN #5 P. Quill
E01482,2024-G16,1,SHOT 9:15 MICH #11 D. Ochoa
E01483,2024-G16,1,GOAL 08:52 MICH #2 P. Vander-Meer (unassisted) [EV]  
E01484,2024-G16,1,HIT 08:40 MICH #25 O. Brightwater
E01485,2024-G16,1,HIT 08:34 MICH #27 T. Ilves  
E01486,2024-G16,1,HIT 07:38 MICH #21 W. Achterberg
E01487,2024-G16,1,"GOAL 07:24 MINN #13 P. Jarvis (A: #21 B. Thibault, #28 R. Ostberg) [EV]"
E01488,2024-G16,1,  SHOT 7:16 MINN #1 C. Lachance
E01489,2024-G16,1,"PENALTY 06:30 MINN #4 M. Kuznetsov (Tripping, 2 min)"
E01490,2024-G16,1,SHOT 05:49 MICH #4 J. Ferris
E01491,2024-G16,1,BLOCK 05:24 MINN #9 P. Gauthier
E01492,2024-G16,1,HIT 04:44 MINN #13 D. Gauthier
E01493,2024-G16,1,SHOT 4:41 MICH  #2 P. Vander-Meer
E01494,2024-G16,1,SHOT 04:31 MINN #16 D. Fitzpatrick
E01495,2024-G16,1,HIT 3:29 MINN  #16 N. Vasquez
E01496,2024-G16,1,HIT 03:17 MINN #1 R. Alderson
E01497,2024-G16,1,SHOT 01:56 MINN #10 V. Savard
E01498,2024-G16,1,HIT 01:42 MINN #16 P. Beauchamp
E01499,2024-G16,1,"PENALTY 1:25 MICH #19 B. Lindgren (Slashing, 2 min)"
E01500,2024-G16,1,SHOT 1:04 MINN #13 N. Halvorson
E01501,2024-G16,1,SHOT 00:54 MINN #28 T. Peterson
E01502,2024-G16,1,"PENALTY 0:47 MINN #34 J. Nilsson (Interference, 2 min)"
E01503,2024-G16,1,HIT 0:15 MINN #7 N. Alderson
E01504,2024-G16,2,SHOT 19:35 MICH #25 O. Brightwater
E01505,2024-G16,2,"PENALTY 19:22 MICH #44 Z. Vandenberg (Boarding, 5 min)"
E01506,2024-G16,2,GOAL 18:20 MINN #14 K. Whelan (unassisted) [PP]
E01507,2024-G16,2,SHOT 18:04 MINN #30 G. Vasquez
E01508,2024-G16,2,TAKEAWAY 17:04 MICH #10 E. Marchand
E01509,2024-G16,2,"PENALTY 16:13 MICH #19 B. Lindgren (Cross-checking, 2 min)"
E01510,2024-G16,2,"PENALTY 15:11 MICH #17 T. Brennan (High-sticking, 2 min)"
E01511,2024-G16,2,SHOT 15:00 MICH #26 A. Quintero
E01512,2024-G16,2,SHOT 14:57 MICH #27 T. Ilves
E01513,2024-G16,2,HIT 13:50 MINN #12 W. Doyle
E01514,2024-G16,2,HIT 13:07 MINN #10 H. Peterson
E01515,2024-G16,2,SHOT 12:09 MICH #18 H. Okafor
E01516,2024-G16,2,SHOT 11:22 MINN #23 D. Vasquez
E01517,2024-G16,2,TAKEAWAY 10:52 MICH #4 J. Ferris
E01518,2024-G16,2,SHOT 10:50 MICH #14 C. Wiegand
E01519,2024-G16,2,HIT 10:36 MICH #21 W. Achterberg
E01520,2024-G16,2,SHOT 10:25 MINN  #28 F. Whelan
E01521,2024-G16,2,SHOT 09:19 MINN #29 J. Beauchamp
E01522,2024-G16,2,SHOT 9:12 MICH #16 K. Nystrom
E01523,2024-G16,2,HIT 08:01 MINN #3 D. Fitzpatrick
E01524,2024-G16,2,SHOT 07:51 MICH #4 J. Ferris
E01525,2024-G16,2,SHOT 07:47 MINN #3 S. Eklund
E01526,2024-G16,2,HIT 7:37 MICH #19 B. Lindgren
E01527,2024-G16,2,SHOT 05:41 MINN #17 M. Peterson
E01528,2024-G16,2,"  GOAL 05:23 MICH #11 D. Ochoa (A: #24 V. Sepp, #25 O. Brightwater) [EV]"
E01529,2024-G16,2,HIT 04:40 MINN #7 R. Underwood
E01530,2024-G16,2,SHOT 03:40 MINN  #35 F. Halvorson
E01531,2024-G16,2,SHOT 02:55 MINN #1 W. Ostberg
E01532,2024-G16,2,TAKEAWAY 02:35 MICH #14 C. Wiegand
E01533,2024-G16,2,BLOCK 02:33 MINN #22 A. Lachance
E01534,2024-G16,2,SHOT 2:28 MINN #37 A. Quill  
E01535,2024-G16,2,"PENALTY 01:29 MICH #23 M. Boychuk (Hooking, 2 min)"
E01536,2024-G16,2,BLOCK 0:27 MICH #2 P. Vander-Meer
E01537,2024-G16,3,BLOCK 19:23 MINN #17 V. Quill
E01538,2024-G16,3,TAKEAWAY 18:51 MINN #11 F. Gauthier
E01539,2024-G16,3,SHOT 18:43 MICH #44 Z. Vandenberg
E01540,2024-G16,3,HIT 18:42 MICH #20 G. Pasternak
E01541,2024-G16,3,SHOT 18:29 MICH #10 E. Marchand
E01542,2024-G16,3,"PENALTY 18:06 MINN #10 K. Vasquez (Holding, 2 min)"
E01543,2024-G16,3,HIT 17:13 MICH #25 O. Brightwater
E01544,2024-G16,3,SHOT 16:14 MINN #6 F. Whelan
E01545,2024-G16,3,SHOT 15:47 MINN #24 A. Alderson
E01546,2024-G16,3,SHOT 15:21 MICH #29 J. Teodoro
E01547,2024-G16,3,SHOT 14:31 MICH #12 S. Rutledge
E01548,2024-G16,3,SHOT 14:22 MINN #14 M. Eklund  
E01549,2024-G16,3,"PENALTY 14:13 MICH #29 J. Teodoro (Slashing, 2 min)"
E01550,2024-G16,3,SHOT 13:37 MINN #19 J. Thibault
E01551,2024-G16,3,HIT 13:09 MICH #12 S. Rutledge
E01552,2024-G16,3,  HIT 13:04 MINN #22 J. Savard
E01553,2024-G16,3,SHOT 10:45 MINN #1 H. Peterson
E01554,2024-G16,3,SHOT 10:34 MICH #27 T. Ilves
E01555,2024-G16,3,BLOCK 10:33 MICH #28 M. Halloran
E01556,2024-G16,3,HIT 10:32 MINN #1 B. Yakimov
E01557,2024-G16,3,HIT 10:14 MINN #3 V. Peterson
E01558,2024-G16,3,TAKEAWAY 10:13 MINN #3 C. Rasmussen  
E01559,2024-G16,3,GOAL 9:16 MINN #6 F. Whelan (unassisted) [EV]
E01560,2024-G16,3,"GOAL 09:08 MICH  #28 M. Halloran (A: #6 L. O'Halloran, #9 R. Karr) [EV]"
E01561,2024-G16,3,SHOT 08:55 MICH #11 D. Ochoa
E01562,2024-G16,3,SHOT 8:27 MINN #22 G. Lachance
E01563,2024-G16,3,SHOT 07:01 MINN #8 A. Halvorson
E01564,2024-G16,3,  HIT 6:58 MINN #26 N. Vasquez
E01565,2024-G16,3,BLOCK 6:39 MICH #16 K. Nystrom
E01566,2024-G16,3,HIT 06:35 MINN #3 L. Halvorson
E01567,2024-G16,3,BLOCK 6:29 MINN #21 B. Maloney
E01568,2024-G16,3,HIT 04:59 MINN #38 G. Quill
E01569,2024-G16,3,SHOT 04:32 MINN #32 A. Whelan
E01570,2024-G16,3,SHOT 2:57 MICH #22 F. Delacroix
E01571,2024-G16,3,SHOT 1:56 MICH #11 D. Ochoa
E01572,2024-G16,3,TAKEAWAY 01:55 MINN #20 S. Gauthier  
E01573,2024-G16,3,  SHOT 01:28 MICH #11 D. Ochoa
E01574,2024-G17,1,SHOT 18:53 MSU #19 H. Eklund
E01575,2024-G17,1,SHOT 18:30 MSU #28 V. Rasmussen
E01576,2024-G17,1,SHOT 18:27 MICH #8 R. St. Pierre
E01577,2024-G17,1,"GOAL 17:23 MSU #20 P. Fitzpatrick (A: #19 H. Lachance, #21 S. Yakimov) [PP]"
E01578,2024-G17,1,HIT 17:01 MICH #11 D. Ochoa
E01579,2024-G17,1,  SHOT 16:12 MSU #18 V. Peterson
E01580,2024-G17,1,SHOT 15:42 MSU  #38 M. Quill
E01581,2024-G17,1,SHOT 15:37 MICH #16 K. Nystrom
E01582,2024-G17,1,"PENALTY 15:24 MSU #21 F. Yakimov (Interference, 2 min)"
E01583,2024-G17,1,SHOT 15:21 MICH #44 Z. Vandenberg
E01584,2024-G17,1,HIT 15:16 MSU #35 E. Rasmussen  
E01585,2024-G17,1,SHOT 14:05 MSU #7 L. Nilsson
E01586,2024-G17,1,HIT 14:02 MSU #14 M. Jarvis
E01587,2024-G17,1,BLOCK 14:01 MSU #11 D. Doyle
E01588,2024-G17,1,"PENALTY 13:35 MSU #33 F. Quill (Too Many Men, 2 min)"
E01589,2024-G17,1,  BLOCK 13:20 MICH #17 T. Brennan
E01590,2024-G17,1,BLOCK 12:43 MICH #29 J. Teodoro
E01591,2024-G17,1,SHOT 10:40 MICH #14 C. Wiegand
E01592,2024-G17,1,SHOT 08:54 MSU #13 W. Savard
E01593,2024-G17,1,SHOT 07:58 MICH #20 G. Pasternak
E01594,2024-G17,1,SHOT 07:54 MICH #26 A. Quintero
E01595,2024-G17,1,  SHOT 07:44 MICH #28 M. Halloran
E01596,2024-G17,1,BLOCK 6:43 MICH #44 Z. Vandenberg
E01597,2024-G17,1,SHOT 5:46 MSU  #14 R. Alderson
E01598,2024-G17,1,SHOT 05:45 MICH #20 G. Pasternak
E01599,2024-G17,1,  BLOCK 04:40 MSU #33 C. Fitzpatrick
E01600,2024-G17,1,SHOT 04:22 MICH #16 K. Nystrom
E01601,2024-G17,1,SHOT 3:37 MSU #19 D. Beauchamp
E01602,2024-G17,1,"GOAL 03:30 MSU #35 S. Rasmussen (A: #30 R. Ives, #19 G. Maloney) [EV]"
E01603,2024-G17,1,SHOT 01:27 MSU #23 T. Vasquez
E01604,2024-G17,2,HIT 19:03 MICH #28 M. Halloran
E01605,2024-G17,2,SHOT 17:52 MSU #30 T. Ostberg
E01606,2024-G17,2,BLOCK 17:31 MSU #35 B. Ives
E01607,2024-G17,2,  HIT 17:29 MICH #20 G. Pasternak
E01608,2024-G17,2,BLOCK 15:57 MSU #16 L. Ives
E01609,2024-G17,2,SHOT 15:41 MSU #34 T. Savard  
E01610,2024-G17,2,SHOT 14:46 MICH #25 O. Brightwater
E01611,2024-G17,2,BLOCK 14:11 MICH #11 D. Ochoa
E01612,2024-G17,2,  SHOT 13:40 MSU #38 N. Underwood
E01613,2024-G17,2,BLOCK 11:49 MICH #24 V. Sepp
E01614,2024-G17,2,"PENALTY 09:27 MSU #24 E. Ostberg (Slashing, 2 min)"
E01615,2024-G17,2,GOAL 9:05 MSU #20 G. Gauthier (A: #19 W. Maloney) [PP]
E01616,2024-G17,2,SHOT 9:04 MICH #21 W. Achterberg
E01617,2024-G17,2,SHOT 8:56 MSU #12 M. Yakimov
E01618,2024-G17,2,HIT 08:49 MSU #20 N. Beauchamp
E01619,2024-G17,2,"GOAL 07:41 MSU #27 H. Quill (A: #11 S. Gauthier, #38 E. Maloney) [PP]"
E01620,2024-G17,2,SHOT 07:21 MSU #10 V. Ostberg
E01621,2024-G17,2,HIT 07:09 MSU #30 B. Lachance
E01622,2024-G17,2,SHOT 4:41 MICH #4 J. Ferris
E01623,2024-G17,2,SHOT 03:54 MICH #6 L. O'Halloran
E01624,2024-G17,2,HIT 03:20 MSU #23 R. Eklund
E01625,2024-G17,2,GOAL 2:59 MSU #5 G. Nilsson (A: #7 G. Rasmussen) [EV]
E01626,2024-G17,2,SHOT 02:13 MICH #16 K. Nystrom
E01627,2024-G17,2,HIT 1:09 MICH #44 Z. Vandenberg
E01628,2024-G17,2,SHOT 0:58 MICH #11 D. Ochoa
E01629,2024-G17,2,HIT 00:51 MSU #36 M. Jarvis
E01630,2024-G17,3,SHOT 19:47 MICH #23 M. Boychuk
E01631,2024-G17,3,SHOT 19:40 MSU #34 B. Peterson
E01632,2024-G17,3,"PENALTY 18:22 MSU #17 C. Cormier (Roughing, 2 min)"
E01633,2024-G17,3,SHOT 18:00 MSU #8 D. Underwood
E01634,2024-G17,3,SHOT 17:57 MSU #2 S. Nilsson
E01635,2024-G17,3,HIT 17:26 MICH #11 D. Ochoa
E01636,2024-G17,3,  SHOT 17:05 MSU #13 K. Quill
E01637,2024-G17,3,SHOT 16:16 MSU #16 B. Fitzpatrick
E01638,2024-G17,3,"  GOAL 16:12 MICH #21 W. Achterberg (A: #28 M. Halloran, #9 R. Karr) [EV]"
E01639,2024-G17,3,HIT 15:44 MICH #29 J. Teodoro
E01640,2024-G17,3,SHOT 14:05 MICH #14 C. Wiegand
E01641,2024-G17,3,SHOT 13:58 MICH #2 P. Vander-Meer
E01642,2024-G17,3,SHOT 13:34 MSU #37 N. Fitzpatrick
E01643,2024-G17,3,BLOCK 12:59 MICH #9 R. Karr
E01644,2024-G17,3,"PENALTY 11:48 MICH #27 T. Ilves (Roughing, 2 min)"
E01645,2024-G17,3,SHOT 09:39 MSU #12 N. Doyle
E01646,2024-G17,3,GOAL 07:56 MSU #14 J. Savard (A: #13 R. Thibault) [EV]
E01647,2024-G17,3,BLOCK 07:36 MICH #24 V. Sepp
E01648,2024-G17,3,SHOT 07:28 MICH #29 J. Teodoro
E01649,2024-G17,3,"GOAL 06:53 MSU #10 R. Underwood (A: #38 K. Kuznetsov, #15 B. Cormier) [EV]"
E01650,2024-G17,3,SHOT 6:28 MICH  #20 G. Pasternak
E01651,2024-G17,3,HIT 06:19 MSU #7 S. Rasmussen
E01652,2024-G17,3,SHOT 06:17 MICH #24 V. Sepp
E01653,2024-G17,3,BLOCK 04:46 MICH #24 V. Sepp
E01654,2024-G17,3,SHOT 4:44 MSU #38 K. Ostberg
E01655,2024-G17,3,SHOT 04:32 MSU #3 G. Eklund
E01656,2024-G17,3,GOAL 03:06 MSU #11 E. Yakimov (A: #14 M. Underwood) [EV]
E01657,2024-G17,3,  GOAL 1:51 MSU #29 E. Thibault (A: #10 T. Beauchamp) [PP]
E01658,2024-G17,3,SHOT 01:28 MICH #27 T. Ilves
E01659,2024-G17,3,HIT 1:08 MSU  #14 J. Whelan
E01660,2024-G18,1,SHOT 19:12 MICH #20 G. Pasternak
E01661,2024-G18,1,SHOT 18:40 LIN #26 R. Fitzpatrick
E01662,2024-G18,1,"PENALTY 18:06 MICH  #24 V. Sepp (Too Many Men, 2 min)"
E01663,2024-G18,1,HIT 17:44 LIN #8 F. Jarvis
E01664,2024-G18,1,BLOCK 17:07 MICH #29 J. Teodoro
E01665,2024-G18,1,  BLOCK 16:56 MICH #28 M. Halloran
E01666,2024-G18,1,SHOT 16:51 MICH #8 R. St. Pierre
E01667,2024-G18,1,"PENALTY 16:22 MICH #28 M. Halloran (Cross-checking, 2 min)"
E01668,2024-G18,1,SHOT 16:20 MICH #6 L. O'Halloran
E01669,2024-G18,1,SHOT 16:10 MICH #8 R. St. Pierre
E01670,2024-G18,1,BLOCK 14:41 MICH #26 A. Quintero
E01671,2024-G18,1,SHOT 14:29 LIN #13 D. Ostberg
E01672,2024-G18,1,"PENALTY 14:27 MICH #25 O. Brightwater (Tripping, 2 min)"
E01673,2024-G18,1,SHOT 13:52 LIN #35 G. Maloney
E01674,2024-G18,1,SHOT 13:44 MICH #20 G. Pasternak
E01675,2024-G18,1,SHOT 13:23 LIN #6 B. Ives
E01676,2024-G18,1,BLOCK 12:30 MICH  #20 G. Pasternak
E01677,2024-G18,1,BLOCK 11:25 MICH #11 D. Ochoa  
E01678,2024-G18,1,HIT 10:56 MICH #23 M. Boychuk
E01679,2024-G18,1,SHOT 10:06 MICH #28 M. Halloran
E01680,2024-G18,1,SHOT 09:57 MICH #22 F. Delacroix
E01681,2024-G18,1,"PENALTY 09:04 MICH #8 R. St. Pierre (Hooking, 2 min)"
E01682,2024-G18,1,BLOCK 7:56 MICH #18 H. Okafor
E01683,2024-G18,1,SHOT 07:16 LIN #38 V. Peterson
E01684,2024-G18,1,TAKEAWAY 06:50 LIN #10 J. Cormier
E01685,2024-G18,1,SHOT 6:15 MICH #8 R. St. Pierre  
E01686,2024-G18,1,SHOT 05:02 LIN #18 K. Gauthier
E01687,2024-G18,1,SHOT 2:58 MICH #19 B. Lindgren
E01688,2024-G18,1,SHOT 02:37 MICH #11 D. Ochoa
E01689,2024-G18,1,SHOT 02:13 LIN #37 F. Gauthier
E01690,2024-G18,1,"PENALTY 02:12 LIN #6 L. Underwood (Boarding, 5 min)"
E01691,2024-G18,1,SHOT 01:21 MICH #9 R. Karr
E01692,2024-G18,1,SHOT 00:45 MICH  #28 M. Halloran
E01693,2024-G18,1,"PENALTY 0:29 MICH #28 M. Halloran (Slashing, 2 min)"
E01694,2024-G18,1,"PENALTY 0:19 MICH  #21 W. Achterberg (Slashing, 2 min)"
E01695,2024-G18,2,SHOT 19:44 LIN #11 P. Eklund
E01696,2024-G18,2,SHOT 18:10 LIN #32 V. Maloney
E01697,2024-G18,2,"GOAL 17:48 MICH #11 D. Ochoa (A: #4 J. Ferris, #28 M. Halloran) [EN]"
E01698,2024-G18,2,"PENALTY 17:43 LIN #33 M. Whelan (Hooking, 2 min)"
E01699,2024-G18,2,SHOT 17:14 LIN #28 M. Fitzpatrick
E01700,2024-G18,2,"PENALTY 16:58 LIN #21 M. Jarvis (High-sticking, 2 min)"
E01701,2024-G18,2,SHOT 16:21 MICH #8 R. St. Pierre  
E01702,2024-G18,2,"PENALTY 15:25 LIN #22 W. Quill (Fighting, 5 min)"
E01703,2024-G18,2,  SHOT 13:19 MICH #24 V. Sepp
E01704,2024-G18,2,HIT 12:04 LIN #25 B. Jarvis
E01705,2024-G18,2,BLOCK 11:56 LIN #16 E. Thibault
E01706,2024-G18,2,SHOT 11:40 LIN #10 M. Doyle
E01707,2024-G18,2,SHOT 11:37 LIN #26 G. Gauthier
E01708,2024-G18,2,SHOT 11:14 LIN #17 D. Vasquez
E01709,2024-G18,2,SHOT 11:07 LIN #31 B. Thibault  
E01710,2024-G18,2,SHOT 10:52 MICH  #16 K. Nystrom
E01711,2024-G18,2,BLOCK 10:48 MICH #44 Z. Vandenberg
E01712,2024-G18,2,HIT 9:36 LIN #18 A. Rasmussen
E01713,2024-G18,2,TAKEAWAY 9:29 LIN #37 H. Nilsson
E01714,2024-G18,2,  SHOT 09:23 LIN #1 C. Thibault
E01715,2024-G18,2,SHOT 08:54 MICH #10 E. Marchand
E01716,2024-G18,2,BLOCK 8:35 MICH #2 P. Vander-Meer
E01717,2024-G18,2,SHOT 6:58 LIN #24 V. Yakimov
E01718,2024-G18,2,BLOCK 06:07 LIN #5 S. Eklund
E01719,2024-G18,2,"PENALTY 03:53 MICH #10 E. Marchand (Tripping, 2 min)"
E01720,2024-G18,2,SHOT 02:02 MICH #19 B. Lindgren
E01721,2024-G18,3,HIT 19:29 LIN #38 P. Halvorson
E01722,2024-G18,3,  GOAL 18:47 MICH #28 M. Halloran (A: #27 T. Ilves) [EV]
E01723,2024-G18,3,SHOT 18:13 LIN #10 R. Underwood
E01724,2024-G18,3,SHOT 17:26 LIN #16 G. Ives
E01725,2024-G18,3,SHOT 16:49 LIN #36 K. Halvorson
E01726,2024-G18,3,BLOCK 16:17 MICH #26 A. Quintero
E01727,2024-G18,3,SHOT 15:45 LIN #35 T. Ostberg
E01728,2024-G18,3,SHOT 14:44 LIN #32 R. Ostberg
E01729,2024-G18,3,SHOT 14:20 LIN #17 G. Alderson
E01730,2024-G18,3,BLOCK 14:10 LIN #8 T. Kuznetsov
E01731,2024-G18,3,HIT 13:17 MICH #2 P. Vander-Meer
E01732,2024-G18,3,SHOT 13:14 MICH #28 M. Halloran
E01733,2024-G18,3,SHOT 13:11 MICH #19 B. Lindgren
E01734,2024-G18,3,SHOT 12:12 MICH #6 L. O'Halloran
E01735,2024-G18,3,SHOT 11:26 LIN  #19 H. Underwood
E01736,2024-G18,3,"PENALTY 10:51 MICH #44 Z. Vandenberg (Cross-checking, 2 min)  "
E01737,2024-G18,3,SHOT 07:43 LIN #21 G. Ostberg
E01738,2024-G18,3,SHOT 07:41 MICH #28 M. Halloran
E01739,2024-G18,3,GOAL 07:28 MICH #11 D. Ochoa (A: #2 P. Vander-Meer) [EV]
E01740,2024-G18,3,SHOT 06:28 LIN #22 W. Maloney
E01741,2024-G18,3,SHOT 05:47 MICH #27 T. Ilves
E01742,2024-G18,3,SHOT 5:45 MICH #28 M. Halloran
E01743,2024-G18,3,BLOCK 05:41 LIN #19 F. Vasquez
E01744,2024-G18,3,"PENALTY 05:35 MICH #14 C. Wiegand (Delay of Game, 2 min)  "
E01745,2024-G18,3,HIT 05:12 LIN #18 H. Savard
E01746,2024-G18,3,"GOAL 4:25 LIN #8 A. Savard (A: #9 H. Jarvis, #17 B. Lachance) [EV]"
E01747,2024-G18,3,"  PENALTY 03:45 MICH #27 T. Ilves (Delay of Game, 2 min)"
E01748,2024-G18,3,HIT 3:30 LIN #3 C. Ives
E01749,2024-G18,3,HIT 02:34 MICH  #18 H. Okafor
E01750,2024-G18,3,BLOCK 02:10 LIN #5 E. Gauthier
E01751,2024-G18,3,BLOCK 1:13 MICH #11 D. Ochoa
E01752,2024-G18,3,SHOT 00:28 MICH #25 O. Brightwater
E01753,2024-G18,3,SHOT 0:22 LIN #38 P. Doyle
E01754,2024-G19,1,SHOT 19:07 LSSU #37 C. Vasquez
E01755,2024-G19,1,BLOCK 18:37 MICH  #23 M. Boychuk
E01756,2024-G19,1,SHOT 18:32 LSSU #35 A. Savard
E01757,2024-G19,1,TAKEAWAY 17:16 MICH #16 K. Nystrom
E01758,2024-G19,1,SHOT 17:07 MICH #27 T. Ilves
E01759,2024-G19,1,SHOT 17:05 MICH #6 L. O'Halloran
E01760,2024-G19,1,SHOT 16:38 MICH #21 W. Achterberg
E01761,2024-G19,1,"GOAL 15:35 MICH #22 F. Delacroix (A: #8 R. St. Pierre, #29 J. Teodoro) [SH]"
E01762,2024-G19,1,SHOT 15:11 MICH #19 B. Lindgren
E01763,2024-G19,1,SHOT 14:48 MICH #26 A. Quintero
E01764,2024-G19,1,HIT 14:38 LSSU #5 G. Jarvis
E01765,2024-G19,1,SHOT 14:35 LSSU  #7 S. Fitzpatrick
E01766,2024-G19,1,GOAL 14:10 MICH #29 J. Teodoro (A: #12 S. Rutledge) [EV]
E01767,2024-G19,1,SHOT 13:54 MICH #10 E. Marchand
E01768,2024-G19,1,HIT 13:16 MICH #28 M. Halloran
E01769,2024-G19,1,SHOT 12:51 LSSU #6 E. Kuznetsov
E01770,2024-G19,1,SHOT 12:32 LSSU #20 F. Thibault
E01771,2024-G19,1,SHOT 11:42 LSSU #12 J. Quill  
E01772,2024-G19,1,BLOCK 10:25 MICH #10 E. Marchand
E01773,2024-G19,1,SHOT 08:59 LSSU #29 S. Halvorson
E01774,2024-G19,1,HIT 08:52 MICH #9 R. Karr
E01775,2024-G19,1,BLOCK 08:38 LSSU #34 V. Cormier
E01776,2024-G19,1,GOAL 8:31 MICH #29 J. Teodoro (A: #17 T. Brennan) [EV]
E01777,2024-G19,1,BLOCK 08:29 MICH #2 P. Vander-Meer
E01778,2024-G19,1,SHOT 08:25 LSSU #29 B. Quill
E01779,2024-G19,1,SHOT 05:51 MICH #21 W. Achterberg
E01780,2024-G19,1,SHOT 04:28 MICH #44 Z. Vandenberg
E01781,2024-G19,1,GOAL 3:57 MICH #17 T. Brennan (unassisted) [PP]
E01782,2024-G19,1,HIT 03:54 LSSU #33 D. Underwood
E01783,2024-G19,1,BLOCK 03:27 MICH #24 V. Sepp
E01784,2024-G19,1,SHOT 03:09 LSSU #32 J. Yakimov
E01785,2024-G19,1,HIT 02:46 LSSU #34 L. Fitzpatrick
E01786,2024-G19,1,SHOT 2:13 MICH #17 T. Brennan  
E01787,2024-G19,1,  SHOT 2:09 MICH #14 C. Wiegand
E01788,2024-G19,1,SHOT 01:26 LSSU #17 E. Yakimov
E01789,2024-G19,1,SHOT 1:19 LSSU #35 W. Savard
E01790,2024-G19,1,  SHOT 01:03 LSSU #12 M. Ostberg
E01791,2024-G19,1,SHOT 00:44 MICH  #18 H. Okafor
E01792,2024-G19,1,TAKEAWAY 00:33 LSSU #36 R. Whelan
E01793,2024-G19,2,  SHOT 18:22 MICH #6 L. O'Halloran
E01794,2024-G19,2,  BLOCK 17:12 MICH #9 R. Karr
E01795,2024-G19,2,BLOCK 17:11 MICH #22 F. Delacroix
E01796,2024-G19,2,SHOT 16:25 MICH #19 B. Lindgren
E01797,2024-G19,2,  HIT 15:52 MICH #28 M. Halloran
E01798,2024-G19,2,HIT 15:27 MICH  #11 D. Ochoa
E01799,2024-G19,2,SHOT 14:45 LSSU #16 T. Maloney
E01800,2024-G19,2,BLOCK 14:26 MICH #24 V. Sepp
E01801,2024-G19,2,"PENALTY 14:07 LSSU #2 V. Ives (Holding, 2 min)"
E01802,2024-G19,2,GOAL 13:33 MICH #2 P. Vander-Meer (unassisted) [PP]
E01803,2024-G19,2,HIT 13:15 MICH #14 C. Wiegand
E01804,2024-G19,2,SHOT 12:50 MICH #16 K. Nystrom
E01805,2024-G19,2,SHOT 12:44 LSSU #1 T. Peterson
E01806,2024-G19,2,SHOT 12:43 MICH  #2 P. Vander-Meer
E01807,2024-G19,2,"PENALTY 12:26 MICH #14 C. Wiegand (High-sticking, 2 min)"
E01808,2024-G19,2,SHOT 12:24 MICH #12 S. Rutledge
E01809,2024-G19,2,SHOT 11:19 LSSU #15 B. Yakimov
E01810,2024-G19,2,HIT 11:02 MICH #17 T. Brennan
E01811,2024-G19,2,  SHOT 10:50 MICH #18 H. Okafor
E01812,2024-G19,2,SHOT 10:32 LSSU #12 L. Eklund
E01813,2024-G19,2,SHOT 10:28 MICH #19 B. Lindgren
E01814,2024-G19,2,SHOT 9:50 MICH #9 R. Karr
E01815,2024-G19,2,SHOT 9:46 MICH #11 D. Ochoa
E01816,2024-G19,2,SHOT 08:45 MICH #24 V. Sepp  
E01817,2024-G19,2,TAKEAWAY 08:43 LSSU #32 W. Gauthier
E01818,2024-G19,2,SHOT 08:20 LSSU  #22 W. Eklund
E01819,2024-G19,2,BLOCK 08:04 LSSU #30 J. Gauthier
E01820,2024-G19,2,"GOAL 07:42 MICH #2 P. Vander-Meer (A: #19 B. Lindgren, #11 D. Ochoa) [EV]"
E01821,2024-G19,2,SHOT 07:37 MICH #12 S. Rutledge
E01822,2024-G19,2,SHOT 06:14 MICH #17 T. Brennan
E01823,2024-G19,2,HIT 6:03 LSSU #11 A. Quill
E01824,2024-G19,2,SHOT 5:46 MICH #18 H. Okafor
E01825,2024-G19,2,SHOT 05:29 MICH  #26 A. Quintero
E01826,2024-G19,2,HIT 04:27 MICH #6 L. O'Halloran  
E01827,2024-G19,3,GOAL 18:31 MICH #6 L. O'Halloran (A: #9 R. Karr) [EV]
E01828,2024-G19,3,SHOT 16:48 LSSU #27 T. Gauthier
E01829,2024-G19,3,SHOT 16:01 LSSU #19 V. Doyle
E01830,2024-G19,3,BLOCK 15:19 MICH #10 E. Marchand
E01831,2024-G19,3,SHOT 15:00 LSSU #35 P. Yakimov
E01832,2024-G19,3,HIT 14:03 LSSU #17 D. Alderson
E01833,2024-G19,3,SHOT 13:07 MICH #11 D. Ochoa
E01834,2024-G19,3,SHOT 12:03 MICH #24 V. Sepp
E01835,2024-G19,3,HIT 11:55 LSSU #33 E. Kuznetsov
E01836,2024-G19,3,SHOT 10:53 LSSU #30 F. Nilsson
E01837,2024-G19,3,"PENALTY 10:21 MICH #18 H. Okafor (Slashing, 2 min)  "
E01838,2024-G19,3,TAKEAWAY 10:12 MICH #9 R. Karr
E01839,2024-G19,3,"PENALTY 09:36 LSSU #21 W. Eklund (Tripping, 2 min)"
E01840,2024-G19,3,BLOCK 9:33 LSSU #29 D. Maloney
E01841,2024-G19,3,SHOT 09:31 LSSU #8 R. Rasmussen
E01842,2024-G19,3,HIT 08:53 LSSU  #23 L. Maloney
E01843,2024-G19,3,  HIT 08:11 MICH #27 T. Ilves
E01844,2024-G19,3,SHOT 7:50 LSSU #18 G. Rasmussen
E01845,2024-G19,3,SHOT 7:10 MICH #27 T. Ilves
E01846,2024-G19,3,HIT 7:05 LSSU #18 C. Rasmussen
E01847,2024-G19,3,SHOT 6:01 LSSU  #29 W. Cormier
E01848,2024-G19,3,SHOT 5:45 MICH #17 T. Brennan
E01849,2024-G19,3,SHOT 05:17 MICH  #6 L. O'Halloran
E01850,2024-G19,3,BLOCK 04:59 MICH #17 T. Brennan
E01851,2024-G19,3,"PENALTY 04:53 MICH #12 S. Rutledge (High-sticking, 2 min)"
E01852,2024-G19,3,SHOT 04:30 MICH #6 L. O'Halloran
E01853,2024-G19,3,GOAL 2:38 MICH #8 R. St. Pierre (A: #6 L. O'Halloran) [EV]
E01854,2024-G19,3,"GOAL 02:02 MICH #9 R. Karr (A: #6 L. O'Halloran, #28 M. Halloran) [EV]  "
E01855,2024-G19,3,HIT 01:17 MICH #44 Z. Vandenberg
E01856,2024-G19,3,SHOT 00:54 LSSU #35 M. Jarvis
E01857,2024-G19,3,HIT 0:50 LSSU #19 C. Nilsson
E01858,2024-G19,3,SHOT 0:24 LSSU #18 K. Whelan  
E01859,2024-G20,1,HIT 19:52 BC #39 S. Underwood
E01860,2024-G20,1,TAKEAWAY 19:47 BC #10 F. Thibault
E01861,2024-G20,1,SHOT 19:45 BC #23 M. Doyle
E01862,2024-G20,1,SHOT 19:43 MICH #27 T. Ilves
E01863,2024-G20,1,SHOT 18:56 MICH #26 A. Quintero
E01864,2024-G20,1,"GOAL 16:48 BC #35 W. Maloney (A: #12 S. Ostberg, #2 C. Vasquez) [SH]"
E01865,2024-G20,1,HIT 15:38 BC #30 V. Halvorson
E01866,2024-G20,1,SHOT 13:04 MICH #44 Z. Vandenberg
E01867,2024-G20,1,  SHOT 13:03 MICH #25 O. Brightwater
E01868,2024-G20,1,  HIT 12:13 BC #39 S. Peterson
E01869,2024-G20,1,SHOT 12:04 MICH #44 Z. Vandenberg
E01870,2024-G20,1,SHOT 11:14 MICH #11 D. Ochoa
E01871,2024-G20,1,SHOT 10:00 BC #5 V. Quill
E01872,2024-G20,1,TAKEAWAY 09:37 MICH #29 J. Teodoro
E01873,2024-G20,1,SHOT 9:34 MICH #4 J. Ferris  
E01874,2024-G20,1,SHOT 08:43 BC #12 P. Cormier
E01875,2024-G20,1,SHOT 7:57 MICH #22 F. Delacroix
E01876,2024-G20,1,HIT 6:30 BC #8 D. Underwood
E01877,2024-G20,1,SHOT 05:27 BC #28 A. Kuznetsov
E01878,2024-G20,1,HIT 05:22 MICH #28 M. Halloran
E01879,2024-G20,1,SHOT 05:19 BC #8 J. Whelan
E01880,2024-G20,1,SHOT 03:46 MICH #27 T. Ilves  
E01881,2024-G20,1,SHOT 03:26 BC #7 K. Savard
E01882,2024-G20,1,"PENALTY 03:13 MICH #24 V. Sepp (High-sticking, 2 min)"
E01883,2024-G20,1,SHOT 02:06 MICH #28 M. Halloran
E01884,2024-G20,1,BLOCK 1:31 MICH #25 O. Brightwater  
E01885,2024-G20,1,SHOT 01:27 BC #34 N. Savard
E01886,2024-G20,2,SHOT 18:04 MICH #18 H. Okafor
E01887,2024-G20,2,SHOT 16:11 BC #9 V. Eklund
E01888,2024-G20,2,BLOCK 14:34 MICH #19 B. Lindgren
E01889,2024-G20,2,BLOCK 14:23 BC #19 K. Halvorson
E01890,2024-G20,2,SHOT 14:15 BC  #26 B. Alderson
E01891,2024-G20,2,SHOT 14:08 MICH #26 A. Quintero
E01892,2024-G20,2,SHOT 13:36 MICH #9 R. Karr
E01893,2024-G20,2,SHOT 13:33 BC #31 W. Eklund
E01894,2024-G20,2,SHOT 13:29 MICH #21 W. Achterberg
E01895,2024-G20,2,BLOCK 12:25 MICH #2 P. Vander-Meer
E01896,2024-G20,2,HIT 12:08 BC  #8 N. Ostberg
E01897,2024-G20,2,TAKEAWAY 11:58 MICH #9 R. Karr
E01898,2024-G20,2,SHOT 11:51 BC #8 F. Yakimov
E01899,2024-G20,2,SHOT 11:39 BC #4 M. Underwood
E01900,2024-G20,2,SHOT 10:03 BC #33 N. Fitzpatrick
E01901,2024-G20,2,HIT 9:45 MICH #6 L. O'Halloran
E01902,2024-G20,2,HIT 09:28 BC #36 G. Whelan
E01903,2024-G20,2,"GOAL 09:27 BC #6 L. Doyle (A: #4 S. Whelan, #1 T. Alderson) [EV]"
E01904,2024-G20,2,HIT 09:13 BC #12 T. Rasmussen
E01905,2024-G20,2,SHOT 09:00 MICH #21 W. Achterberg
E01906,2024-G20,2,HIT 08:33 MICH #2 P. Vander-Meer
E01907,2024-G20,2,HIT 07:32 BC #15 A. Kuznetsov  
E01908,2024-G20,2,SHOT 7:15 BC #37 V. Kuznetsov
E01909,2024-G20,2,SHOT 7:00 MICH #8 R. St. Pierre
E01910,2024-G20,2,"GOAL 06:58 BC #28 F. Doyle (A: #9 B. Quill, #11 N. Doyle) [EV]"
E01911,2024-G20,2,"PENALTY 6:44 BC #39 L. Beauchamp (Contact to the Head, 5 min)"
E01912,2024-G20,2,HIT 06:35 BC #34 B. Vasquez
E01913,2024-G20,2,BLOCK 5:45 MICH #8 R. St. Pierre
E01914,2024-G20,2,SHOT 05:43 MICH #12 S. Rutledge
E01915,2024-G20,2,HIT 04:57 MICH #26 A. Quintero
E01916,2024-G20,2,HIT 04:46 BC #3 L. Ives
E01917,2024-G20,2,SHOT 04:29 BC #39 M. Beauchamp
E01918,2024-G20,2,SHOT 04:21 BC #18 B. Maloney
E01919,2024-G20,2,HIT 3:31 BC #23 F. Rasmussen  
E01920,2024-G20,2,SHOT 02:33 MICH #14 C. Wiegand
E01921,2024-G20,3,BLOCK 19:43 MICH #29 J. Teodoro
E01922,2024-G20,3,"PENALTY 18:37 BC #19 C. Vasquez (Tripping, 2 min)"
E01923,2024-G20,3,"GOAL 18:08 BC #19 R. Halvorson (A: #34 F. Beauchamp, #15 C. Thibault) [EV]"
E01924,2024-G20,3,TAKEAWAY 17:41 MICH #10 E. Marchand
E01925,2024-G20,3,HIT 17:32 BC #13 G. Yakimov
E01926,2024-G20,3,SHOT 17:06 BC #1 C. Nilsson
E01927,2024-G20,3,SHOT 16:57 MICH #16 K. Nystrom
E01928,2024-G20,3,SHOT 16:55 MICH #18 H. Okafor
E01929,2024-G20,3,HIT 16:32 BC #14 T. Ives
E01930,2024-G20,3,SHOT 16:25 BC  #11 E. Nilsson
E01931,2024-G20,3,SHOT 15:02 MICH #25 O. Brightwater
E01932,2024-G20,3,SHOT 14:43 MICH #16 K. Nystrom
E01933,2024-G20,3,SHOT 14:38 MICH #25 O. Brightwater
E01934,2024-G20,3,SHOT 14:22 BC #28 P. Doyle
E01935,2024-G20,3,BLOCK 14:01 BC #18 J. Maloney
E01936,2024-G20,3,  TAKEAWAY 14:00 MICH #8 R. St. Pierre
E01937,2024-G20,3,"PENALTY 13:56 MICH #28 M. Halloran (Roughing, 2 min)"
E01938,2024-G20,3,SHOT 13:40 MICH #14 C. Wiegand
E01939,2024-G20,3,SHOT 13:14 MICH #20 G. Pasternak
E01940,2024-G20,3,BLOCK 11:43 BC #21 R. Eklund
E01941,2024-G20,3,SHOT 11:27 MICH #4 J. Ferris
E01942,2024-G20,3,HIT 10:30 BC #18 T. Halvorson  
E01943,2024-G20,3,SHOT 10:17 BC #33 B. Alderson
E01944,2024-G20,3,SHOT 09:44 BC #14 K. Lachance  
E01945,2024-G20,3,SHOT 08:31 MICH #11 D. Ochoa
E01946,2024-G20,3,HIT 7:49 BC #13 S. Lachance
E01947,2024-G20,3,SHOT 7:37 BC #22 H. Yakimov
E01948,2024-G20,3,"GOAL 04:28 BC  #38 A. Peterson (A: #12 B. Thibault, #24 E. Peterson) [EV]"
E01949,2024-G20,3,SHOT 04:20 MICH #26 A. Quintero
E01950,2024-G20,3,SHOT 04:16 MICH #27 T. Ilves
E01951,2024-G20,3,HIT 2:27 MICH #24 V. Sepp
E01952,2024-G20,3,SHOT 01:41 MICH #29 J. Teodoro
E01953,2024-G20,3,SHOT 1:40 MICH #6 L. O'Halloran
E01954,2024-G20,3,SHOT 00:50 BC #12 M. Nilsson
E01955,2024-G20,3,SHOT 00:19 MICH #26 A. Quintero
E01956,2024-G20,3,SHOT 00:12 MICH #29 J. Teodoro
E01957,2024-G20,3,BLOCK 00:06 MICH #9 R. Karr
E01958,2024-G21,1,SHOT 19:32 MICH #19 B. Lindgren
E01959,2024-G21,1,SHOT 19:27 MICH #44 Z. Vandenberg
E01960,2024-G21,1,SHOT 18:25 MICH #9 R. Karr
E01961,2024-G21,1,SHOT 18:11 UNION #37 P. Savard
E01962,2024-G21,1,"PENALTY 18:04 MICH #14 C. Wiegand (Roughing, 2 min)"
E01963,2024-G21,1,HIT 17:57 MICH #10 E. Marchand  
E01964,2024-G21,1,  SHOT 17:45 UNION #30 N. Doyle
E01965,2024-G21,1,SHOT 17:22 UNION #35 T. Thibault
E01966,2024-G21,1,HIT 16:17 MICH #8 R. St. Pierre
E01967,2024-G21,1,HIT 15:42 MICH #26 A. Quintero
E01968,2024-G21,1,"PENALTY 15:02 MICH #18 H. Okafor (Holding, 2 min)"
E01969,2024-G21,1,SHOT 13:55 UNION #26 W. Underwood
E01970,2024-G21,1,HIT 13:34 MICH #28 M. Halloran
E01971,2024-G21,1,  SHOT 12:12 UNION #21 A. Ostberg
E01972,2024-G21,1,TAKEAWAY 11:40 MICH #16 K. Nystrom
E01973,2024-G21,1,GOAL 10:49 UNION #27 J. Nilsson (A: #31 M. Savard) [PP]
E01974,2024-G21,1,SHOT 09:52 MICH #24 V. Sepp
E01975,2024-G21,1,BLOCK 9:47 MICH #29 J. Teodoro
E01976,2024-G21,1,SHOT 09:39 MICH #6 L. O'Halloran  
E01977,2024-G21,1,SHOT 9:16 UNION #7 S. Rasmussen
E01978,2024-G21,1,HIT 8:34 MICH #10 E. Marchand
E01979,2024-G21,1,HIT 07:03 MICH #29 J. Teodoro
E01980,2024-G21,1,SHOT 6:54 MICH #28 M. Halloran  
E01981,2024-G21,1,SHOT 06:49 MICH #25 O. Brightwater
E01982,2024-G21,1,SHOT 06:42 UNION #28 F. Thibault
E01983,2024-G21,1,SHOT 06:34 UNION #12 A. Fitzpatrick  
E01984,2024-G21,1,BLOCK 05:44 MICH #19 B. Lindgren
E01985,2024-G21,1,BLOCK 04:24 MICH #29 J. Teodoro
E01986,2024-G21,1,SHOT 02:50 MICH #25 O. Brightwater
E01987,2024-G21,1,HIT 02:03 UNION #26 N. Ostberg
E01988,2024-G21,1,SHOT 1:48 MICH  #23 M. Boychuk
E01989,2024-G21,1,"PENALTY 01:35 MICH  #18 H. Okafor (Interference, 2 min)"
E01990,2024-G21,1,HIT 01:05 MICH #20 G. Pasternak
E01991,2024-G21,1,SHOT 0:20 UNION #27 J. Nilsson
E01992,2024-G21,1,SHOT 00:10 UNION #5 F. Lachance
E01993,2024-G21,2,SHOT 19:23 UNION #26 K. Fitzpatrick
E01994,2024-G21,2,  SHOT 18:54 UNION #24 K. Halvorson
E01995,2024-G21,2,BLOCK 18:34 UNION #29 S. Maloney
E01996,2024-G21,2,HIT 18:15 MICH #14 C. Wiegand
E01997,2024-G21,2,SHOT 17:33 UNION #29 S. Doyle
E01998,2024-G21,2,TAKEAWAY 17:29 MICH #12 S. Rutledge
E01999,2024-G21,2,HIT 16:03 UNION #18 W. Underwood
E02000,2024-G21,2,SHOT 14:53 UNION #28 T. Nilsson
E02001,2024-G21,2,SHOT 14:44 UNION  #19 M. Eklund
E02002,2024-G21,2,SHOT 14:40 UNION  #9 M. Ives
E02003,2024-G21,2,HIT 13:26 MICH #23 M. Boychuk
E02004,2024-G21,2,SHOT 13:24 UNION #19 M. Gauthier
E02005,2024-G21,2,SHOT 12:33 UNION #37 T. Kuznetsov
E02006,2024-G21,2,HIT 12:27 MICH #26 A. Quintero
E02007,2024-G21,2,"PENALTY 11:58 MICH #25 O. Brightwater (Tripping, 2 min)"
E02008,2024-G21,2,GOAL 10:47 MICH #18 H. Okafor (A: #6 L. O'Halloran) [EV]
E02009,2024-G21,2,SHOT 10:27 UNION  #21 M. Savard
E02010,2024-G21,2,"PENALTY 10:10 UNION #22 H. Thibault (Holding, 2 min)"
E02011,2024-G21,2,SHOT 09:42 MICH #11 D. Ochoa
E02012,2024-G21,2,BLOCK 09:31 MICH #17 T. Brennan
E02013,2024-G21,2,SHOT 09:21 MICH #22 F. Delacroix
E02014,2024-G21,2,SHOT 07:14 UNION #5 E. Gauthier
E02015,2024-G21,2,"GOAL 06:28 MICH #26 A. Quintero (A: #28 M. Halloran, #14 C. Wiegand) [EV]"
E02016,2024-G21,2,SHOT 5:47 UNION #39 M. Vasquez
E02017,2024-G21,2,SHOT 05:46 UNION #32 C. Vasquez  
E02018,2024-G21,2,GOAL 5:28 MICH #21 W. Achterberg (unassisted) [PP]
E02019,2024-G21,2,SHOT 02:56 UNION #28 D. Rasmussen
E02020,2024-G21,2,SHOT 2:49 MICH #19 B. Lindgren
E02021,2024-G21,2,BLOCK 02:42 MICH #20 G. Pasternak
E02022,2024-G21,2,BLOCK 02:19 UNION #11 A. Fitzpatrick
E02023,2024-G21,2,  SHOT 02:10 MICH #11 D. Ochoa
E02024,2024-G21,2,"PENALTY 1:34 MICH #20 G. Pasternak (Hooking, 2 min)  "
E02025,2024-G21,2,SHOT 01:32 MICH #11 D. Ochoa
E02026,2024-G21,2,BLOCK 01:24 UNION #24 D. Savard
E02027,2024-G21,2,  TAKEAWAY 00:59 UNION #26 D. Maloney
E02028,2024-G21,2,SHOT 00:45 MICH #17 T. Brennan
E02029,2024-G21,2,SHOT 0:29 UNION #17 B. Peterson
E02030,2024-G21,3,SHOT 19:42 UNION #33 J. Underwood
E02031,2024-G21,3,BLOCK 17:36 MICH #16 K. Nystrom
E02032,2024-G21,3,SHOT 17:25 MICH #10 E. Marchand
E02033,2024-G21,3,"GOAL 16:05 MICH #25 O. Brightwater (A: #16 K. Nystrom, #21 W. Achterberg) [EV]"
E02034,2024-G21,3,SHOT 15:47 UNION  #17 M. Lachance
E02035,2024-G21,3,SHOT 15:46 MICH #8 R. St. Pierre
E02036,2024-G21,3,HIT 15:34 UNION #18 M. Yakimov
E02037,2024-G21,3,  SHOT 15:25 UNION #38 A. Jarvis
E02038,2024-G21,3,BLOCK 15:17 UNION #23 K. Whelan
E02039,2024-G21,3,SHOT 15:01 UNION #30 C. Rasmussen
E02040,2024-G21,3,SHOT 13:41 UNION #20 D. Eklund
E02041,2024-G21,3,GOAL 13:16 UNION #24 D. Quill (A: #4 B. Quill) [EV]
E02042,2024-G21,3,HIT 12:11 MICH #12 S. Rutledge
E02043,2024-G21,3,SHOT 12:04 MICH #16 K. Nystrom
E02044,2024-G21,3,  SHOT 11:47 UNION #9 E. Lachance
E02045,2024-G21,3,  SHOT 11:33 UNION #39 S. Alderson
E02046,2024-G21,3,SHOT 11:24 MICH #2 P. Vander-Meer
E02047,2024-G21,3,TAKEAWAY 11:21 UNION #32 P. Eklund
E02048,2024-G21,3,TAKEAWAY 10:37 UNION #19 S. Cormier
E02049,2024-G21,3,HIT 10:36 UNION #12 B. Gauthier
E02050,2024-G21,3,HIT 10:00 UNION  #33 W. Whelan
E02051,2024-G21,3,TAKEAWAY 09:31 UNION #16 E. Maloney
E02052,2024-G21,3,  SHOT 08:50 MICH #6 L. O'Halloran
E02053,2024-G21,3,"GOAL 08:48 MICH #2 P. Vander-Meer (A: #27 T. Ilves, #23 M. Boychuk) [PP]"
E02054,2024-G21,3,SHOT 08:16 UNION #18 S. Cormier
E02055,2024-G21,3,SHOT 07:53 UNION #26 S. Whelan
E02056,2024-G21,3,BLOCK 07:46 MICH #19 B. Lindgren
E02057,2024-G21,3,SHOT 07:24 UNION #34 B. Underwood
E02058,2024-G21,3,SHOT 07:05 UNION #36 A. Doyle
E02059,2024-G21,3,TAKEAWAY 06:33 UNION #5 D. Yakimov
E02060,2024-G21,3,SHOT 04:54 UNION #12 M. Alderson
E02061,2024-G21,3,SHOT 04:46 UNION  #30 S. Maloney
E02062,2024-G21,3,SHOT 4:34 UNION #38 P. Kuznetsov
E02063,2024-G21,3,SHOT 3:49 UNION #13 L. Savard
E02064,2024-G21,3,"PENALTY 3:47 UNION #39 R. Halvorson (Delay of Game, 2 min)"
E02065,2024-G21,3,HIT 3:29 UNION #3 K. Eklund
E02066,2024-G21,3,  HIT 02:00 UNION #14 G. Yakimov
E02067,2024-G21,3,"GOAL 01:41 MICH #10 E. Marchand (A: #16 K. Nystrom, #20 G. Pasternak) [EN]  "
E02068,2024-G21,3,TAKEAWAY 01:09 UNION  #30 M. Jarvis
E02069,2024-G22,1,SHOT 19:52 MICH #44 Z. Vandenberg
E02070,2024-G22,1,HIT 19:15 DU #24 C. Doyle
E02071,2024-G22,1,BLOCK 18:52 MICH #24 V. Sepp
E02072,2024-G22,1,SHOT 18:50 DU  #29 L. Jarvis
E02073,2024-G22,1,SHOT 18:44 MICH #8 R. St. Pierre
E02074,2024-G22,1,  HIT 18:31 MICH #23 M. Boychuk
E02075,2024-G22,1,"PENALTY 18:08 MICH #14 C. Wiegand (Hooking, 2 min)"
E02076,2024-G22,1,BLOCK 18:02 DU #12 H. Cormier
E02077,2024-G22,1,"PENALTY 17:51 MICH #16 K. Nystrom (Tripping, 2 min)"
E02078,2024-G22,1,HIT 15:15 MICH #21 W. Achterberg
E02079,2024-G22,1,"PENALTY 13:12 MICH #29 J. Teodoro (Interference, 2 min)"
E02080,2024-G22,1,"PENALTY 11:41 DU #10 K. Lachance (Too Many Men, 2 min)"
E02081,2024-G22,1,BLOCK 11:16 MICH #20 G. Pasternak
E02082,2024-G22,1,"PENALTY 10:04 MICH #26 A. Quintero (Tripping, 2 min)"
E02083,2024-G22,1,"PENALTY 09:46 MICH #12 S. Rutledge (Interference, 2 min)"
E02084,2024-G22,1,HIT 9:39 MICH #12 S. Rutledge
E02085,2024-G22,1,BLOCK 9:28 MICH #23 M. Boychuk
E02086,2024-G22,1,SHOT 8:43 DU #37 H. Gauthier
E02087,2024-G22,1,SHOT 08:20 DU #6 J. Cormier
E02088,2024-G22,1,"PENALTY 7:13 MICH #24 V. Sepp (Holding, 2 min)"
E02089,2024-G22,1,  HIT 06:07 DU #22 J. Jarvis
E02090,2024-G22,1,SHOT 06:05 MICH #24 V. Sepp
E02091,2024-G22,1,SHOT 6:03 DU #14 E. Rasmussen
E02092,2024-G22,1,  HIT 05:18 DU #19 J. Whelan
E02093,2024-G22,1,BLOCK 5:11 DU #9 J. Jarvis
E02094,2024-G22,1,TAKEAWAY 05:09 DU #9 W. Jarvis
E02095,2024-G22,1,SHOT 04:18 MICH #6 L. O'Halloran
E02096,2024-G22,1,GOAL 03:47 DU #34 R. Ostberg (A: #36 R. Vasquez) [EV]
E02097,2024-G22,1,SHOT 03:45 DU #21 T. Beauchamp
E02098,2024-G22,1,SHOT 02:37 DU #29 E. Nilsson
E02099,2024-G22,1,SHOT 02:14 MICH #27 T. Ilves
E02100,2024-G22,1,"PENALTY 01:50 DU #16 W. Gauthier (Delay of Game, 2 min)"
E02101,2024-G22,1,HIT 1:16 MICH #19 B. Lindgren
E02102,2024-G22,1,SHOT 00:21 MICH #28 M. Halloran
E02103,2024-G22,2,SHOT 19:51 MICH #16 K. Nystrom
E02104,2024-G22,2,SHOT 17:58 DU #28 T. Maloney
E02105,2024-G22,2,HIT 17:40 MICH #16 K. Nystrom
E02106,2024-G22,2,BLOCK 17:32 MICH #12 S. Rutledge
E02107,2024-G22,2,HIT 15:59 DU  #28 V. Quill
E02108,2024-G22,2,SHOT 15:28 MICH #25 O. Brightwater
E02109,2024-G22,2,SHOT 13:41 MICH #6 L. O'Halloran
E02110,2024-G22,2,SHOT 13:28 MICH #21 W. Achterberg
E02111,2024-G22,2,BLOCK 13:11 DU #38 N. Quill
E02112,2024-G22,2,"  GOAL 12:10 MICH #9 R. Karr (A: #16 K. Nystrom, #11 D. Ochoa) [EV]"
E02113,2024-G22,2,SHOT 12:02 DU #27 N. Underwood
E02114,2024-G22,2,SHOT 11:48 DU #27 J. Cormier
E02115,2024-G22,2,BLOCK 11:45 DU #10 J. Beauchamp
E02116,2024-G22,2,SHOT 10:51 DU #13 E. Cormier
E02117,2024-G22,2,SHOT 09:27 MICH #26 A. Quintero
E02118,2024-G22,2,SHOT 09:11 DU #39 R. Rasmussen
E02119,2024-G22,2,"GOAL 09:00 MICH #23 M. Boychuk (A: #19 B. Lindgren, #9 R. Karr) [SH]"
E02120,2024-G22,2,BLOCK 8:55 DU #22 F. Beauchamp
E02121,2024-G22,2,SHOT 08:03 MICH #27 T. Ilves
E02122,2024-G22,2,SHOT 08:01 DU #11 E. Thibault
E02123,2024-G22,2,"PENALTY 07:24 DU #23 P. Doyle (Hooking, 2 min)"
E02124,2024-G22,2,SHOT 6:03 DU #12 M. Underwood
E02125,2024-G22,2,SHOT 5:03 MICH #25 O. Brightwater
E02126,2024-G22,2,SHOT 04:19 MICH #12 S. Rutledge
E02127,2024-G22,2,SHOT 03:55 DU #33 T. Vasquez
E02128,2024-G22,2,  HIT 02:51 DU #5 T. Underwood
E02129,2024-G22,2,SHOT 02:13 MICH #18 H. Okafor
E02130,2024-G22,2,SHOT 1:46 MICH #29 J. Teodoro
E02131,2024-G22,2,  SHOT 01:39 MICH #8 R. St. Pierre
E02132,2024-G22,2,BLOCK 1:16 MICH #18 H. Okafor
E02133,2024-G22,2,HIT 01:13 DU  #5 J. Rasmussen
E02134,2024-G22,2,SHOT 01:11 MICH #4 J. Ferris
E02135,2024-G22,2,SHOT 00:52 MICH #28 M. Halloran
E02136,2024-G22,2,"PENALTY 00:21 DU #36 C. Cormier (Tripping, 2 min)"
E02137,2024-G22,3,HIT 19:45 MICH #27 T. Ilves
E02138,2024-G22,3,  HIT 19:39 MICH #24 V. Sepp
E02139,2024-G22,3,SHOT 19:11 MICH #44 Z. Vandenberg
E02140,2024-G22,3,SHOT 18:32 MICH #44 Z. Vandenberg
E02141,2024-G22,3,SHOT 18:29 DU #30 C. Beauchamp
E02142,2024-G22,3,"PENALTY 18:25 DU #11 K. Alderson (Roughing, 2 min)"
E02143,2024-G22,3,SHOT 18:01 DU #7 C. Thibault
E02144,2024-G22,3,SHOT 16:44 MICH #25 O. Brightwater  
E02145,2024-G22,3,SHOT 16:37 DU #24 J. Quill
E02146,2024-G22,3,SHOT 15:10 DU #36 V. Underwood
E02147,2024-G22,3,BLOCK 13:47 MICH #10 E. Marchand
E02148,2024-G22,3,SHOT 13:00 MICH #12 S. Rutledge
E02149,2024-G22,3,SHOT 12:18 MICH #24 V. Sepp
E02150,2024-G22,3,"PENALTY 11:24 DU  #2 C. Eklund (Tripping, 2 min)"
E02151,2024-G22,3,"PENALTY 10:19 MICH #24 V. Sepp (Cross-checking, 2 min)"
E02152,2024-G22,3,SHOT 8:18 DU #36 H. Lachance
E02153,2024-G22,3,HIT 08:12 MICH #20 G. Pasternak
E02154,2024-G22,3,BLOCK 07:49 MICH #26 A. Quintero
E02155,2024-G22,3,SHOT 06:47 MICH #2 P. Vander-Meer
E02156,2024-G22,3,HIT 06:36 DU #25 H. Fitzpatrick
E02157,2024-G22,3,GOAL 5:45 DU #8 L. Fitzpatrick (A: #37 T. Rasmussen) [PP]
E02158,2024-G22,3,"PENALTY 04:35 MICH #2 P. Vander-Meer (Roughing, 2 min)"
E02159,2024-G22,3,BLOCK 04:16 MICH #10 E. Marchand
E02160,2024-G22,3,"PENALTY 03:08 DU #24 G. Ives (Interference, 2 min)"
E02161,2024-G22,3,SHOT 2:50 MICH #25 O. Brightwater
E02162,2024-G22,3,SHOT 02:30 DU #7 S. Eklund
E02163,2024-G22,3,HIT 01:38 MICH #28 M. Halloran
E02164,2024-G22,3,SHOT 1:32 DU  #16 S. Halvorson
E02165,2024-G22,4,HIT 04:05 MICH #26 A. Quintero  
E02166,2024-G22,4,SHOT 04:03 MICH #27 T. Ilves
E02167,2024-G22,4,GOAL 3:59 DU #27 V. Halvorson (A: #21 G. Jarvis) [EV]
E02168,2024-G22,4,TAKEAWAY 03:35 DU #31 R. Beauchamp
E02169,2024-G22,4,BLOCK 02:51 MICH #6 L. O'Halloran
E02170,2024-G22,4,BLOCK 01:43 DU  #4 T. Gauthier
E02171,2024-G22,4,SHOT 01:21 MICH #44 Z. Vandenberg
E02172,2024-G22,4,HIT 00:57 MICH #19 B. Lindgren
E02173,2024-G22,4,HIT 00:17 DU #6 J. Gauthier
E02174,2024-G23,1,"PENALTY 19:34 MICH #19 B. Lindgren (Cross-checking, 2 min)"
E02175,2024-G23,1,SHOT 18:59 MICH #29 J. Teodoro
E02176,2024-G23,1,SHOT 18:37 WISC #19 J. Underwood
E02177,2024-G23,1,"PENALTY 18:25 MICH #21 W. Achterberg (Slashing, 2 min)"
E02178,2024-G23,1,SHOT 16:27 MICH #16 K. Nystrom
E02179,2024-G23,1,HIT 15:31 WISC #29 F. Cormier
E02180,2024-G23,1,BLOCK 14:13 MICH #22 F. Delacroix
E02181,2024-G23,1,SHOT 13:55 WISC #19 G. Beauchamp
E02182,2024-G23,1,BLOCK 13:41 MICH #22 F. Delacroix
E02183,2024-G23,1,SHOT 13:38 WISC #34 V. Thibault
E02184,2024-G23,1,  HIT 13:02 WISC #31 T. Eklund
E02185,2024-G23,1,  TAKEAWAY 12:20 WISC #18 H. Thibault
E02186,2024-G23,1,SHOT 11:02 MICH #44 Z. Vandenberg
E02187,2024-G23,1,HIT 10:37 MICH #22 F. Delacroix
E02188,2024-G23,1,BLOCK 10:04 WISC #35 W. Kuznetsov
E02189,2024-G23,1,BLOCK 9:51 WISC #14 K. Jarvis
E02190,2024-G23,1,TAKEAWAY 08:34 MICH #16 K. Nystrom
E02191,2024-G23,1,SHOT 07:31 MICH #22 F. Delacroix
E02192,2024-G23,1,SHOT 07:14 MICH #24 V. Sepp
E02193,2024-G23,1,BLOCK 6:57 MICH  #28 M. Halloran
E02194,2024-G23,1,SHOT 06:46 WISC #12 B. Fitzpatrick
E02195,2024-G23,1,"PENALTY 05:49 WISC #38 H. Nilsson (Cross-checking, 2 min)"
E02196,2024-G23,1,SHOT 05:42 WISC #1 V. Quill
E02197,2024-G23,1,GOAL 05:40 WISC #17 H. Rasmussen (unassisted) [EV]
E02198,2024-G23,1,SHOT 04:53 WISC #24 P. Yakimov
E02199,2024-G23,1,SHOT 04:33 MICH #21 W. Achterberg
E02200,2024-G23,1,HIT 04:21 WISC #19 T. Cormier
E02201,2024-G23,1,BLOCK 3:41 WISC #12 D. Ives
E02202,2024-G23,1,"PENALTY 01:06 WISC #26 F. Gauthier (Interference, 2 min)"
E02203,2024-G23,1,HIT 1:03 MICH #10 E. Marchand
E02204,2024-G23,1,SHOT 01:00 MICH #27 T. Ilves
E02205,2024-G23,1,SHOT 0:23 MICH #14 C. Wiegand
E02206,2024-G23,2,SHOT 19:32 WISC #20 M. Jarvis
E02207,2024-G23,2,SHOT 17:13 MICH #28 M. Halloran
E02208,2024-G23,2,SHOT 15:43 WISC #28 W. Thibault
E02209,2024-G23,2,"GOAL 15:04 MICH #14 C. Wiegand (A: #18 H. Okafor, #10 E. Marchand) [PP]"
E02210,2024-G23,2,"PENALTY 14:13 MICH #44 Z. Vandenberg (Tripping, 2 min)"
E02211,2024-G23,2,HIT 14:06 WISC #39 W. Vasquez
E02212,2024-G23,2,SHOT 14:03 WISC #14 C. Maloney  
E02213,2024-G23,2,SHOT 13:34 WISC #31 D. Cormier
E02214,2024-G23,2,"PENALTY 12:02 MICH #21 W. Achterberg (Hooking, 2 min)"
E02215,2024-G23,2,"PENALTY 11:57 WISC #26 R. Quill (High-sticking, 2 min)"
E02216,2024-G23,2,SHOT 11:23 MICH #21 W. Achterberg
E02217,2024-G23,2,SHOT 10:52 WISC #14 R. Whelan
E02218,2024-G23,2,HIT 09:29 MICH #11 D. Ochoa
E02219,2024-G23,2,TAKEAWAY 08:58 MICH #12 S. Rutledge
E02220,2024-G23,2,"PENALTY 08:27 MICH #24 V. Sepp (Hooking, 2 min)"
E02221,2024-G23,2,SHOT 08:02 WISC #21 L. Thibault
E02222,2024-G23,2,SHOT 7:37 WISC #8 D. Thibault
E02223,2024-G23,2,SHOT 06:36 MICH #6 L. O'Halloran
E02224,2024-G23,2,SHOT 06:32 MICH #9 R. Karr
E02225,2024-G23,2,SHOT 06:26 WISC #21 T. Cormier
E02226,2024-G23,2,SHOT 5:49 MICH #18 H. Okafor
E02227,2024-G23,2,GOAL 04:25 WISC #27 F. Eklund (A: #9 V. Thibault) [EV]
E02228,2024-G23,2,"PENALTY 04:11 MICH #26 A. Quintero (Tripping, 2 min)"
E02229,2024-G23,2,"PENALTY 03:57 MICH #16 K. Nystrom (Tripping, 2 min)"
E02230,2024-G23,2,  SHOT 03:45 WISC #39 N. Beauchamp
E02231,2024-G23,2,"GOAL 03:41 WISC #34 L. Underwood (A: #39 B. Eklund, #28 H. Yakimov) [PP]"
E02232,2024-G23,2,SHOT 03:11 MICH #22 F. Delacroix
E02233,2024-G23,2,SHOT 03:07 MICH #9 R. Karr  
E02234,2024-G23,2,SHOT 02:50 MICH #19 B. Lindgren
E02235,2024-G23,2,SHOT 02:11 WISC #30 T. Ostberg
E02236,2024-G23,2,  SHOT 2:04 MICH #20 G. Pasternak
E02237,2024-G23,2,HIT 01:18 MICH #44 Z. Vandenberg
E02238,2024-G23,2,  SHOT 01:11 WISC #39 F. Fitzpatrick
E02239,2024-G23,2,SHOT 0:25 WISC  #11 L. Peterson
E02240,2024-G23,2,  SHOT 00:12 MICH #11 D. Ochoa
E02241,2024-G23,3,SHOT 19:18 MICH #2 P. Vander-Meer
E02242,2024-G23,3,SHOT 18:55 WISC #13 J. Beauchamp
E02243,2024-G23,3,TAKEAWAY 18:37 MICH #10 E. Marchand
E02244,2024-G23,3,SHOT 17:59 MICH #19 B. Lindgren
E02245,2024-G23,3,SHOT 17:48 WISC #17 E. Lachance
E02246,2024-G23,3,GOAL 16:34 WISC #16 E. Ives (unassisted) [EV]
E02247,2024-G23,3,SHOT 15:48 WISC #11 W. Ostberg
E02248,2024-G23,3,  SHOT 15:05 WISC #21 T. Cormier
E02249,2024-G23,3,TAKEAWAY 14:14 MICH #27 T. Ilves
E02250,2024-G23,3,SHOT 13:16 WISC #37 K. Jarvis
E02251,2024-G23,3,SHOT 12:28 MICH #29 J. Teodoro
E02252,2024-G23,3,HIT 11:57 MICH #24 V. Sepp
E02253,2024-G23,3,BLOCK 11:29 MICH #6 L. O'Halloran
E02254,2024-G23,3,SHOT 10:36 MICH #44 Z. Vandenberg
E02255,2024-G23,3,SHOT 09:54 WISC #36 W. Ostberg
E02256,2024-G23,3,SHOT 08:57 WISC #5 V. Kuznetsov
E02257,2024-G23,3,BLOCK 08:39 MICH #27 T. Ilves
E02258,2024-G23,3,SHOT 08:35 WISC #5 B. Cormier
E02259,2024-G23,3,HIT 07:13 WISC #1 M. Quill
E02260,2024-G23,3,SHOT 06:44 WISC #35 K. Lachance
E02261,2024-G23,3,SHOT 06:24 MICH #29 J. Teodoro
E02262,2024-G23,3,HIT 06:20 WISC #32 R. Peterson
E02263,2024-G23,3,SHOT 06:04 WISC #18 J. Whelan
E02264,2024-G23,3,SHOT 05:19 WISC #30 B. Kuznetsov
E02265,2024-G23,3,SHOT 04:51 MICH #18 H. Okafor
E02266,2024-G23,3,"PENALTY 04:48 MICH #12 S. Rutledge (Slashing, 2 min)"
E02267,2024-G23,3,HIT 04:23 WISC #22 J. Beauchamp
E02268,2024-G23,3,SHOT 04:10 WISC #37 B. Savard
E02269,2024-G23,3,GOAL 03:48 WISC #30 E. Rasmussen (A: #2 V. Jarvis) [EV]
E02270,2024-G23,3,BLOCK 03:25 WISC #28 T. Fitzpatrick
E02271,2024-G23,3,"PENALTY 03:06 WISC #39 V. Gauthier (Holding, 2 min)"
E02272,2024-G23,3,SHOT 03:04 WISC #14 N. Fitzpatrick
E02273,2024-G23,3,SHOT 02:25 WISC #14 V. Quill
E02274,2024-G23,3,TAKEAWAY 01:52 MICH #28 M. Halloran
E02275,2024-G23,3,SHOT 01:16 WISC #13 V. Gauthier
E02276,2024-G23,3,SHOT 00:50 WISC #17 B. Rasmussen
E02277,2024-G24,1,  SHOT 19:50 MICH #26 A. Quintero
E02278,2024-G24,1,SHOT 19:29 LSSU #21 A. Savard
E02279,2024-G24,1,TAKEAWAY 18:52 LSSU #5 N. Jarvis  
E02280,2024-G24,1,SHOT 18:38 MICH #23 M. Boychuk
E02281,2024-G24,1,"PENALTY 17:57 LSSU #32 D. Nilsson (Hooking, 2 min)"
E02282,2024-G24,1,SHOT 17:29 LSSU #12 L. Doyle
E02283,2024-G24,1,SHOT 17:21 LSSU #9 K. Ives
E02284,2024-G24,1,BLOCK 17:05 LSSU #27 F. Rasmussen
E02285,2024-G24,1,SHOT 16:38 LSSU #26 F. Quill
E02286,2024-G24,1,HIT 16:28 MICH #12 S. Rutledge
E02287,2024-G24,1,SHOT 16:27 LSSU #28 L. Ostberg
E02288,2024-G24,1,SHOT 16:08 MICH #16 K. Nystrom
E02289,2024-G24,1,BLOCK 15:54 LSSU #11 N. Ostberg  
E02290,2024-G24,1,BLOCK 14:35 LSSU  #31 J. Kuznetsov
E02291,2024-G24,1,SHOT 14:25 LSSU #32 P. Whelan
E02292,2024-G24,1,SHOT 14:24 LSSU #37 S. Peterson
E02293,2024-G24,1,SHOT 14:15 MICH #24 V. Sepp
E02294,2024-G24,1,SHOT 14:14 MICH #21 W. Achterberg
E02295,2024-G24,1,SHOT 13:42 LSSU #6 J. Nilsson
E02296,2024-G24,1,BLOCK 13:30 LSSU #23 W. Ives
E02297,2024-G24,1,SHOT 13:15 LSSU #32 G. Lachance
E02298,2024-G24,1,SHOT 12:34 LSSU #33 P. Thibault
E02299,2024-G24,1,BLOCK 12:21 MICH #2 P. Vander-Meer
E02300,2024-G24,1,  SHOT 09:44 MICH #29 J. Teodoro
E02301,2024-G24,1,"PENALTY 09:42 LSSU #29 L. Gauthier (Hooking, 2 min)"
E02302,2024-G24,1,SHOT 9:27 MICH #14 C. Wiegand
E02303,2024-G24,1,SHOT 8:13 MICH #10 E. Marchand
E02304,2024-G24,1,SHOT 07:42 MICH #20 G. Pasternak
E02305,2024-G24,1,"PENALTY 07:30 MICH #17 T. Brennan (Too Many Men, 2 min)"
E02306,2024-G24,1,SHOT 6:55 LSSU #27 B. Underwood
E02307,2024-G24,1,TAKEAWAY 05:51 LSSU #32 S. Kuznetsov  
E02308,2024-G24,1,SHOT 05:42 MICH #8 R. St. Pierre
E02309,2024-G24,1,"PENALTY 5:36 LSSU #36 T. Whelan (Hooking, 2 min)"
E02310,2024-G24,1,  HIT 05:14 MICH #18 H. Okafor
E02311,2024-G24,1,SHOT 03:59 MICH #14 C. Wiegand
E02312,2024-G24,1,SHOT 01:59 LSSU #39 T. Quill
E02313,2024-G24,1,SHOT 00:42 MICH #10 E. Marchand
E02314,2024-G24,1,SHOT 00:16 MICH #25 O. Brightwater
E02315,2024-G24,2,SHOT 18:59 MICH #9 R. Karr
E02316,2024-G24,2,HIT 18:31 LSSU #8 C. Cormier
E02317,2024-G24,2,SHOT 17:33 MICH #44 Z. Vandenberg
E02318,2024-G24,2,HIT 17:27 MICH #26 A. Quintero
E02319,2024-G24,2,"PENALTY 16:13 LSSU #28 C. Doyle (Slashing, 2 min)"
E02320,2024-G24,2,SHOT 15:49 LSSU #10 M. Lachance
E02321,2024-G24,2,SHOT 15:23 MICH #26 A. Quintero
E02322,2024-G24,2,BLOCK 13:08 LSSU #34 D. Yakimov
E02323,2024-G24,2,SHOT 12:22 LSSU #27 N. Yakimov  
E02324,2024-G24,2,SHOT 11:33 MICH #4 J. Ferris
E02325,2024-G24,2,GOAL 09:26 LSSU #15 P. Gauthier (A: #39 J. Eklund) [EV]
E02326,2024-G24,2,SHOT 9:19 LSSU #27 W. Alderson
E02327,2024-G24,2,SHOT 9:16 MICH #19 B. Lindgren
E02328,2024-G24,2,SHOT 7:33 MICH #4 J. Ferris
E02329,2024-G24,2,SHOT 07:15 LSSU #4 M. Peterson
E02330,2024-G24,2,  SHOT 07:11 MICH #28 M. Halloran
E02331,2024-G24,2,"PENALTY 06:57 MICH #21 W. Achterberg (Tripping, 2 min)"
E02332,2024-G24,2,"GOAL 6:09 MICH #44 Z. Vandenberg (A: #10 E. Marchand, #29 J. Teodoro) [EN]"
E02333,2024-G24,2,SHOT 4:54 LSSU #15 G. Gauthier
E02334,2024-G24,2,"GOAL 4:23 MICH #8 R. St. Pierre (A: #17 T. Brennan, #2 P. Vander-Meer) [EV]"
E02335,2024-G24,2,SHOT 04:09 LSSU #23 J. Beauchamp
E02336,2024-G24,2,BLOCK 03:55 LSSU #12 V. Jarvis
E02337,2024-G24,2,SHOT 3:04 LSSU #14 W. Jarvis
E02338,2024-G24,2,SHOT 03:01 MICH #20 G. Pasternak
E02339,2024-G24,2,SHOT 2:50 LSSU #21 M. Ostberg
E02340,2024-G24,2,HIT 01:53 LSSU #29 N. Beauchamp
E02341,2024-G24,2,SHOT 01:35 MICH  #44 Z. Vandenberg
E02342,2024-G24,2,SHOT 01:29 MICH #12 S. Rutledge
E02343,2024-G24,2,SHOT 1:03 MICH #23 M. Boychuk
E02344,2024-G24,3,SHOT 18:04 LSSU #2 T. Nilsson
E02345,2024-G24,3,HIT 17:56 MICH #10 E. Marchand
E02346,2024-G24,3,BLOCK 17:48 MICH #14 C. Wiegand
E02347,2024-G24,3,HIT 17:19 LSSU #17 P. Vasquez
E02348,2024-G24,3,SHOT 17:17 MICH #19 B. Lindgren
E02349,2024-G24,3,BLOCK 16:50 LSSU #2 R. Halvorson
E02350,2024-G24,3,  SHOT 16:37 MICH #29 J. Teodoro
E02351,2024-G24,3,  SHOT 16:23 MICH #11 D. Ochoa
E02352,2024-G24,3,HIT 15:39 LSSU #17 B. Jarvis
E02353,2024-G24,3,BLOCK 14:15 LSSU #35 J. Cormier
E02354,2024-G24,3,SHOT 12:42 LSSU #19 F. Kuznetsov
E02355,2024-G24,3,SHOT 11:03 LSSU  #9 M. Halvorson
E02356,2024-G24,3,SHOT 10:54 LSSU #9 P. Underwood
E02357,2024-G24,3,HIT 8:33 MICH #24 V. Sepp
E02358,2024-G24,3,HIT 08:30 MICH #10 E. Marchand
E02359,2024-G24,3,SHOT 07:20 MICH #26 A. Quintero
E02360,2024-G24,3,SHOT 07:13 LSSU #33 V. Alderson
E02361,2024-G24,3,  SHOT 06:48 MICH #6 L. O'Halloran
E02362,2024-G24,3,BLOCK 6:46 MICH #18 H. Okafor
E02363,2024-G24,3,HIT 6:33 MICH #23 M. Boychuk
E02364,2024-G24,3,SHOT 06:31 MICH #11 D. Ochoa
E02365,2024-G24,3,GOAL 06:26 MICH #4 J. Ferris (A: #19 B. Lindgren) [PP]
E02366,2024-G24,3,BLOCK 4:37 MICH #6 L. O'Halloran
E02367,2024-G24,3,SHOT 03:39 MICH  #11 D. Ochoa
E02368,2024-G24,3,BLOCK 03:27 MICH  #11 D. Ochoa
E02369,2024-G24,3,BLOCK 03:23 MICH #14 C. Wiegand  
E02370,2024-G24,3,HIT 2:35 LSSU #37 S. Doyle
E02371,2024-G24,3,SHOT 1:49 LSSU #12 L. Underwood
E02372,2024-G24,3,HIT 0:28 LSSU #15 T. Cormier
E02373,2024-G25,1,SHOT 19:53 MICH #24 V. Sepp
E02374,2024-G25,1,SHOT 19:17 LSSU #36 B. Maloney
E02375,2024-G25,1,SHOT 18:31 LSSU #12 B. Peterson
E02376,2024-G25,1,SHOT 18:12 LSSU  #33 W. Kuznetsov
E02377,2024-G25,1,"PENALTY 17:56 MICH #16 K. Nystrom (Roughing, 2 min)"
E02378,2024-G25,1,SHOT 17:37 MICH  #20 G. Pasternak
E02379,2024-G25,1,SHOT 17:17 LSSU #26 E. Alderson
E02380,2024-G25,1,BLOCK 17:15 LSSU #31 M. Halvorson
E02381,2024-G25,1,"GOAL 17:06 MICH #28 M. Halloran (A: #16 K. Nystrom, #23 M. Boychuk) [EV]  "
E02382,2024-G25,1,HIT 17:04 MICH #19 B. Lindgren
E02383,2024-G25,1,TAKEAWAY 16:53 LSSU #35 A. Thibault
E02384,2024-G25,1,SHOT 16:15 MICH #27 T. Ilves
E02385,2024-G25,1,SHOT 15:50 LSSU #24 M. Peterson
E02386,2024-G25,1,BLOCK 15:10 LSSU #17 K. Rasmussen
E02387,2024-G25,1,SHOT 14:52 LSSU #8 W. Alderson
E02388,2024-G25,1,"PENALTY 14:31 MICH #11 D. Ochoa (Tripping, 2 min)"
E02389,2024-G25,1,SHOT 14:11 LSSU #24 C. Gauthier
E02390,2024-G25,1,  SHOT 13:01 LSSU #7 C. Rasmussen
E02391,2024-G25,1,SHOT 09:59 MICH #8 R. St. Pierre
E02392,2024-G25,1,"PENALTY 09:06 LSSU #7 A. Alderson (Roughing, 2 min)"
E02393,2024-G25,1,  SHOT 09:03 MICH #20 G. Pasternak
E02394,2024-G25,1,"PENALTY 08:37 MICH #44 Z. Vandenberg (Cross-checking, 2 min)"
E02395,2024-G25,1,"  PENALTY 08:35 MICH #23 M. Boychuk (Tripping, 2 min)"
E02396,2024-G25,1,BLOCK 06:52 LSSU #37 G. Whelan
E02397,2024-G25,1,SHOT 6:24 LSSU #8 H. Kuznetsov
E02398,2024-G25,1,SHOT 5:48 LSSU #36 L. Fitzpatrick
E02399,2024-G25,1,HIT 5:15 MICH #24 V. Sepp
E02400,2024-G25,1,SHOT 4:41 LSSU #23 L. Yakimov
E02401,2024-G25,1,"GOAL 03:32 MICH #10 E. Marchand (A: #4 J. Ferris, #9 R. Karr) [PP]"
E02402,2024-G25,1,SHOT 02:55 LSSU #27 E. Quill
E02403,2024-G25,1,"PENALTY 02:39 LSSU #37 T. Maloney (Slashing, 2 min)"
E02404,2024-G25,1,SHOT 02:18 MICH #28 M. Halloran
E02405,2024-G25,1,SHOT 02:07 LSSU #14 J. Maloney
E02406,2024-G25,1,BLOCK 01:33 LSSU #22 C. Lachance
E02407,2024-G25,1,  HIT 01:22 MICH #26 A. Quintero
E02408,2024-G25,1,SHOT 01:05 MICH #10 E. Marchand
E02409,2024-G25,1,"  GOAL 00:53 MICH #17 T. Brennan (A: #2 P. Vander-Meer, #18 H. Okafor) [PP]"
E02410,2024-G25,2,SHOT 18:44 MICH #28 M. Halloran
E02411,2024-G25,2,SHOT 17:39 MICH #26 A. Quintero
E02412,2024-G25,2,  SHOT 17:26 LSSU #35 S. Fitzpatrick
E02413,2024-G25,2,SHOT 17:19 MICH  #18 H. Okafor
E02414,2024-G25,2,SHOT 17:03 LSSU #18 V. Jarvis
E02415,2024-G25,2,TAKEAWAY 16:52 MICH #23 M. Boychuk
E02416,2024-G25,2,BLOCK 16:05 LSSU #20 T. Doyle
E02417,2024-G25,2,SHOT 15:21 LSSU #11 P. Ostberg
E02418,2024-G25,2,SHOT 15:06 LSSU #7 T. Peterson
E02419,2024-G25,2,  SHOT 14:50 LSSU #35 C. Underwood
E02420,2024-G25,2,GOAL 13:20 MICH #20 G. Pasternak (A: #21 W. Achterberg) [EV]
E02421,2024-G25,2,BLOCK 13:14 MICH #26 A. Quintero
E02422,2024-G25,2,SHOT 13:08 LSSU #5 H. Jarvis
E02423,2024-G25,2,SHOT 12:37 MICH #25 O. Brightwater
E02424,2024-G25,2,SHOT 12:27 MICH #29 J. Teodoro
E02425,2024-G25,2,SHOT 12:26 LSSU #39 J. Doyle
E02426,2024-G25,2,SHOT 10:38 LSSU  #30 P. Alderson
E02427,2024-G25,2,BLOCK 10:05 LSSU  #30 S. Jarvis
E02428,2024-G25,2,HIT 08:18 MICH #8 R. St. Pierre
E02429,2024-G25,2,HIT 07:59 MICH #44 Z. Vandenberg
E02430,2024-G25,2,SHOT 7:44 LSSU #22 E. Halvorson
E02431,2024-G25,2,GOAL 07:38 MICH #23 M. Boychuk (A: #19 B. Lindgren) [PP]
E02432,2024-G25,2,GOAL 06:44 MICH #25 O. Brightwater (unassisted) [PP]
E02433,2024-G25,2,SHOT 06:35 LSSU #21 B. Gauthier
E02434,2024-G25,2,SHOT 6:16 LSSU #30 T. Thibault
E02435,2024-G25,2,  SHOT 6:11 LSSU #1 E. Rasmussen
E02436,2024-G25,2,HIT 5:21 MICH #11 D. Ochoa
E02437,2024-G25,2,SHOT 05:04 LSSU #27 D. Gauthier
E02438,2024-G25,2,  SHOT 4:53 LSSU #17 W. Doyle
E02439,2024-G25,2,"PENALTY 03:15 LSSU #22 G. Doyle (Tripping, 2 min)"
E02440,2024-G25,2,  SHOT 00:55 MICH #20 G. Pasternak
E02441,2024-G25,2,GOAL 0:39 MICH #9 R. Karr (A: #4 J. Ferris) [PP]
E02442,2024-G25,3,SHOT 19:29 LSSU #17 N. Jarvis
E02443,2024-G25,3,SHOT 18:15 MICH #28 M. Halloran
E02444,2024-G25,3,GOAL 17:49 MICH #9 R. Karr (A: #6 L. O'Halloran) [EV]
E02445,2024-G25,3,HIT 16:50 MICH #44 Z. Vandenberg
E02446,2024-G25,3,SHOT 16:49 LSSU  #29 R. Ives
E02447,2024-G25,3,"PENALTY 16:29 LSSU #37 P. Rasmussen (Hooking, 2 min)"
E02448,2024-G25,3,SHOT 16:22 LSSU #7 F. Doyle
E02449,2024-G25,3,SHOT 15:53 LSSU #30 P. Lachance
E02450,2024-G25,3,BLOCK 14:15 MICH #6 L. O'Halloran  
E02451,2024-G25,3,SHOT 13:43 MICH #29 J. Teodoro
E02452,2024-G25,3,HIT 13:17 MICH #19 B. Lindgren
E02453,2024-G25,3,HIT 13:05 MICH #26 A. Quintero
E02454,2024-G25,3,SHOT 12:05 LSSU #23 R. Nilsson
E02455,2024-G25,3,HIT 11:05 LSSU #35 G. Jarvis
E02456,2024-G25,3,SHOT 10:25 MICH #20 G. Pasternak
E02457,2024-G25,3,SHOT 10:01 LSSU #16 J. Whelan
E02458,2024-G25,3,HIT 09:53 MICH #28 M. Halloran
E02459,2024-G25,3,SHOT 09:49 LSSU #22 H. Vasquez
E02460,2024-G25,3,"GOAL 8:45 LSSU #28 E. Ives (A: #32 L. Nilsson, #14 F. Halvorson) [EV]"
E02461,2024-G25,3,SHOT 08:13 MICH #22 F. Delacroix
E02462,2024-G25,3,HIT 07:18 MICH #19 B. Lindgren
E02463,2024-G25,3,HIT 07:10 LSSU #9 M. Doyle
E02464,2024-G25,3,"PENALTY 6:16 MICH #28 M. Halloran (Cross-checking, 2 min)  "
E02465,2024-G25,3,HIT 05:55 MICH #8 R. St. Pierre
E02466,2024-G25,3,"GOAL 5:12 MICH #17 T. Brennan (A: #16 K. Nystrom, #9 R. Karr) [EV]"
E02467,2024-G25,3,SHOT 4:46 LSSU #25 W. Cormier
E02468,2024-G25,3,BLOCK 04:22 MICH #44 Z. Vandenberg
E02469,2024-G25,3,  SHOT 4:07 LSSU #8 K. Nilsson
E02470,2024-G25,3,  HIT 03:34 MICH #17 T. Brennan
E02471,2024-G25,3,  BLOCK 2:01 LSSU #36 L. Underwood
E02472,2024-G25,3,SHOT 00:27 MICH #29 J. Teodoro
E02473,2024-G26,1,TAKEAWAY 19:19 WMU #38 V. Beauchamp
E02474,2024-G26,1,HIT 19:05 WMU #38 L. Halvorson
E02475,2024-G26,1,HIT 18:53 WMU #39 K. Doyle
E02476,2024-G26,1,"PENALTY 17:34 MICH #28 M. Halloran (Roughing, 2 min)"
E02477,2024-G26,1,SHOT 16:41 WMU #24 E. Gauthier
E02478,2024-G26,1,SHOT 16:34 WMU #5 A. Fitzpatrick
E02479,2024-G26,1,SHOT 16:27 WMU #9 D. Ives  
E02480,2024-G26,1,SHOT 16:22 MICH #14 C. Wiegand
E02481,2024-G26,1,SHOT 15:45 MICH #10 E. Marchand
E02482,2024-G26,1,SHOT 15:32 MICH #44 Z. Vandenberg
E02483,2024-G26,1,  SHOT 14:40 WMU #22 P. Ives
E02484,2024-G26,1,HIT 14:36 MICH #23 M. Boychuk
E02485,2024-G26,1,BLOCK 14:25 MICH #19 B. Lindgren
E02486,2024-G26,1,BLOCK 14:21 WMU #22 B. Ives
E02487,2024-G26,1,TAKEAWAY 13:56 WMU #35 E. Fitzpatrick
E02488,2024-G26,1,"PENALTY 13:39 WMU #13 G. Jarvis (Cross-checking, 2 min)"
E02489,2024-G26,1,BLOCK 12:50 WMU #22 L. Alderson
E02490,2024-G26,1,SHOT 12:42 WMU #12 A. Rasmussen
E02491,2024-G26,1,"PENALTY 12:09 WMU #23 V. Gauthier (Holding, 2 min)"
E02492,2024-G26,1,HIT 11:28 WMU #6 C. Quill
E02493,2024-G26,1,SHOT 10:20 WMU  #38 H. Quill
E02494,2024-G26,1,"GOAL 9:51 WMU #20 M. Beauchamp (A: #8 F. Underwood, #2 R. Eklund) [EV]"
E02495,2024-G26,1,SHOT 9:49 WMU #36 A. Doyle
E02496,2024-G26,1,HIT 9:18 WMU  #29 M. Jarvis
E02497,2024-G26,1,HIT 08:14 MICH #19 B. Lindgren
E02498,2024-G26,1,TAKEAWAY 7:19 WMU #12 R. Kuznetsov
E02499,2024-G26,1,SHOT 5:28 MICH #27 T. Ilves
E02500,2024-G26,1,SHOT 05:20 WMU #23 K. Savard
E02501,2024-G26,1,SHOT 05:14 WMU #15 A. Ives
E02502,2024-G26,1,HIT 05:09 WMU  #36 B. Kuznetsov
E02503,2024-G26,1,SHOT 4:18 MICH #10 E. Marchand
E02504,2024-G26,1,SHOT 02:41 MICH #44 Z. Vandenberg  
E02505,2024-G26,1,"PENALTY 2:11 WMU #28 L. Rasmussen (Roughing, 2 min)"
E02506,2024-G26,1,BLOCK 2:00 WMU #12 B. Ives
E02507,2024-G26,1,SHOT 01:36 WMU #24 R. Gauthier
E02508,2024-G26,1,SHOT 01:26 MICH #23 M. Boychuk
E02509,2024-G26,1,SHOT 01:21 MICH #28 M. Halloran
E02510,2024-G26,1,GOAL 1:20 MICH #44 Z. Vandenberg (A: #18 H. Okafor) [EV]
E02511,2024-G26,1,SHOT 00:17 MICH #14 C. Wiegand  
E02512,2024-G26,2,SHOT 19:26 MICH #10 E. Marchand
E02513,2024-G26,2,SHOT 19:16 WMU #24 N. Gauthier  
E02514,2024-G26,2,SHOT 19:09 WMU  #19 N. Savard
E02515,2024-G26,2,HIT 18:10 WMU #30 B. Underwood
E02516,2024-G26,2,SHOT 17:27 WMU #19 F. Halvorson
E02517,2024-G26,2,SHOT 17:19 MICH #19 B. Lindgren
E02518,2024-G26,2,SHOT 16:57 MICH #10 E. Marchand
E02519,2024-G26,2,BLOCK 16:04 MICH #14 C. Wiegand
E02520,2024-G26,2,SHOT 15:54 WMU  #19 K. Maloney
E02521,2024-G26,2,BLOCK 15:37 WMU #25 H. Fitzpatrick
E02522,2024-G26,2,  TAKEAWAY 14:31 MICH #18 H. Okafor
E02523,2024-G26,2,HIT 14:26 WMU  #24 C. Underwood
E02524,2024-G26,2,"PENALTY 11:11 WMU #20 E. Savard (Roughing, 2 min)"
E02525,2024-G26,2,SHOT 10:18 MICH #29 J. Teodoro
E02526,2024-G26,2,SHOT 9:31 WMU #19 R. Thibault
E02527,2024-G26,2,HIT 09:08 MICH #20 G. Pasternak
E02528,2024-G26,2,SHOT 8:51 WMU #32 H. Vasquez
E02529,2024-G26,2,"PENALTY 08:20 WMU #17 W. Yakimov (Interference, 2 min)"
E02530,2024-G26,2,SHOT 7:11 MICH #9 R. Karr
E02531,2024-G26,2,SHOT 6:39 WMU #32 R. Doyle
E02532,2024-G26,2,SHOT 6:10 MICH #9 R. Karr
E02533,2024-G26,2,SHOT 05:30 WMU #26 P. Fitzpatrick
E02534,2024-G26,2,GOAL 04:48 WMU #11 K. Beauchamp (A: #26 H. Rasmussen) [EV]
E02535,2024-G26,2,TAKEAWAY 04:08 WMU #19 H. Jarvis
E02536,2024-G26,2,"PENALTY 01:18 WMU #23 G. Peterson (Hooking, 2 min)"
E02537,2024-G26,2,SHOT 0:05 WMU #14 J. Peterson
E02538,2024-G26,3,SHOT 19:29 WMU #1 V. Yakimov
E02539,2024-G26,3,SHOT 17:55 WMU #35 F. Cormier
E02540,2024-G26,3,GOAL 17:14 WMU #8 V. Ostberg (A: #32 S. Underwood) [EV]
E02541,2024-G26,3,SHOT 17:12 WMU #24 M. Yakimov
E02542,2024-G26,3,BLOCK 17:01 WMU #4 E. Kuznetsov  
E02543,2024-G26,3,SHOT 15:49 WMU #15 L. Rasmussen
E02544,2024-G26,3,HIT 15:22 WMU #35 L. Peterson
E02545,2024-G26,3,BLOCK 14:47 MICH #44 Z. Vandenberg
E02546,2024-G26,3,GOAL 13:21 MICH #8 R. St. Pierre (A: #19 B. Lindgren) [EV]
E02547,2024-G26,3,SHOT 12:19 MICH #16 K. Nystrom
E02548,2024-G26,3,TAKEAWAY 11:13 WMU #17 T. Savard
E02549,2024-G26,3,"GOAL 10:47 WMU #7 F. Alderson (A: #4 J. Doyle, #23 S. Halvorson) [EN]"
E02550,2024-G26,3,BLOCK 10:15 WMU #4 H. Vasquez
E02551,2024-G26,3,HIT 09:57 MICH #20 G. Pasternak
E02552,2024-G26,3,SHOT 9:27 MICH #23 M. Boychuk
E02553,2024-G26,3,BLOCK 8:55 MICH #12 S. Rutledge
E02554,2024-G26,3,SHOT 08:28 WMU #9 G. Ives
E02555,2024-G26,3,  HIT 07:53 MICH #20 G. Pasternak
E02556,2024-G26,3,HIT 07:41 MICH #14 C. Wiegand
E02557,2024-G26,3,"PENALTY 7:11 WMU #24 N. Alderson (High-sticking, 2 min)"
E02558,2024-G26,3,SHOT 6:32 MICH #29 J. Teodoro
E02559,2024-G26,3,SHOT 6:09 WMU #21 E. Kuznetsov
E02560,2024-G26,3,GOAL 05:02 WMU #7 P. Quill (A: #18 M. Thibault) [EV]
E02561,2024-G26,3,"PENALTY 4:55 WMU #14 G. Vasquez (Roughing, 2 min)"
E02562,2024-G26,3,  HIT 01:28 WMU #30 W. Alderson
E02563,2024-G26,3,SHOT 01:20 MICH  #18 H. Okafor
E02564,2024-G26,3,"GOAL 00:43 MICH #6 L. O'Halloran (A: #24 V. Sepp, #2 P. Vander-Meer) [EV]  "
E02565,2024-G26,3,"PENALTY 00:07 WMU #39 G. Halvorson (Hooking, 2 min)"
E02566,2024-G27,1,SHOT 19:50 OSU #12 C. Peterson
E02567,2024-G27,1,SHOT 19:21 MICH #2 P. Vander-Meer
E02568,2024-G27,1,SHOT 18:40 MICH #6 L. O'Halloran
E02569,2024-G27,1,SHOT 18:15 MICH #11 D. Ochoa
E02570,2024-G27,1,BLOCK 16:27 OSU #7 R. Nilsson
E02571,2024-G27,1,SHOT 16:24 MICH #9 R. Karr
E02572,2024-G27,1,TAKEAWAY 16:10 OSU #5 C. Kuznetsov
E02573,2024-G27,1,BLOCK 14:55 MICH #23 M. Boychuk
E02574,2024-G27,1,SHOT 14:48 MICH #28 M. Halloran
E02575,2024-G27,1,TAKEAWAY 14:35 OSU #30 H. Thibault
E02576,2024-G27,1,HIT 14:07 OSU #11 C. Whelan
E02577,2024-G27,1,"GOAL 12:48 OSU #31 S. Vasquez (A: #36 N. Kuznetsov, #11 G. Whelan) [EV]"
E02578,2024-G27,1,SHOT 12:35 MICH #26 A. Quintero
E02579,2024-G27,1,"PENALTY 11:59 MICH #20 G. Pasternak (Slashing, 2 min)"
E02580,2024-G27,1,SHOT 11:43 MICH #8 R. St. Pierre
E02581,2024-G27,1,SHOT 10:54 MICH #10 E. Marchand
E02582,2024-G27,1,SHOT 10:21 MICH  #20 G. Pasternak
E02583,2024-G27,1,SHOT 09:44 OSU #8 T. Eklund
E02584,2024-G27,1,TAKEAWAY 08:17 OSU  #1 S. Beauchamp
E02585,2024-G27,1,BLOCK 8:14 MICH #8 R. St. Pierre
E02586,2024-G27,1,SHOT 07:14 OSU #20 G. Eklund  
E02587,2024-G27,1,  SHOT 06:36 OSU #36 N. Underwood
E02588,2024-G27,1,"GOAL 06:04 OSU #22 B. Nilsson (A: #3 R. Ives, #28 F. Nilsson) [PP]"
E02589,2024-G27,1,SHOT 4:22 MICH #20 G. Pasternak
E02590,2024-G27,1,"PENALTY 3:36 OSU #37 V. Beauchamp (Holding, 2 min)"
E02591,2024-G27,1,SHOT 03:16 MICH #8 R. St. Pierre
E02592,2024-G27,1,HIT 02:59 MICH #17 T. Brennan
E02593,2024-G27,1,SHOT 02:46 MICH #21 W. Achterberg
E02594,2024-G27,1,SHOT 2:01 OSU #5 F. Whelan
E02595,2024-G27,1,SHOT 1:52 OSU #18 M. Maloney
E02596,2024-G27,1,BLOCK 0:52 OSU #21 H. Alderson
E02597,2024-G27,1,SHOT 00:48 OSU #17 W. Kuznetsov  
E02598,2024-G27,1,"GOAL 0:21 OSU #17 H. Eklund (A: #37 L. Thibault, #25 M. Yakimov) [PP]  "
E02599,2024-G27,2,TAKEAWAY 18:45 MICH #12 S. Rutledge
E02600,2024-G27,2,SHOT 18:13 OSU  #20 T. Vasquez
E02601,2024-G27,2,BLOCK 18:09 OSU #34 K. Nilsson
E02602,2024-G27,2,BLOCK 17:48 MICH #4 J. Ferris  
E02603,2024-G27,2,SHOT 16:35 MICH  #14 C. Wiegand
E02604,2024-G27,2,SHOT 15:47 MICH #21 W. Achterberg
E02605,2024-G27,2,TAKEAWAY 14:27 MICH #17 T. Brennan
E02606,2024-G27,2,"PENALTY 14:25 OSU #37 M. Gauthier (Interference, 2 min)"
E02607,2024-G27,2,SHOT 13:49 OSU #5 F. Halvorson
E02608,2024-G27,2,SHOT 13:24 OSU #39 C. Ives
E02609,2024-G27,2,SHOT 13:21 MICH #17 T. Brennan
E02610,2024-G27,2,SHOT 13:15 OSU #34 F. Rasmussen
E02611,2024-G27,2,SHOT 12:54 MICH #22 F. Delacroix
E02612,2024-G27,2,SHOT 12:00 OSU #4 A. Thibault
E02613,2024-G27,2,BLOCK 11:23 OSU #19 H. Lachance
E02614,2024-G27,2,SHOT 11:04 MICH #8 R. St. Pierre
E02615,2024-G27,2,BLOCK 10:47 OSU #11 G. Gauthier
E02616,2024-G27,2,SHOT 8:37 OSU #29 D. Gauthier
E02617,2024-G27,2,BLOCK 07:47 OSU #29 L. Gauthier
E02618,2024-G27,2,HIT 7:22 OSU #2 B. Jarvis
E02619,2024-G27,2,HIT 07:20 MICH #25 O. Brightwater
E02620,2024-G27,2,HIT 7:05 MICH #19 B. Lindgren
E02621,2024-G27,2,  SHOT 6:29 MICH #26 A. Quintero
E02622,2024-G27,2,HIT 06:28 OSU #37 K. Doyle
E02623,2024-G27,2,HIT 03:59 MICH #18 H. Okafor
E02624,2024-G27,2,SHOT 03:58 OSU #25 T. Fitzpatrick
E02625,2024-G27,2,  BLOCK 02:40 MICH #20 G. Pasternak
E02626,2024-G27,2,SHOT 02:17 OSU #1 P. Ives
E02627,2024-G27,2,SHOT 01:48 MICH #26 A. Quintero
E02628,2024-G27,2,SHOT 01:05 OSU  #17 J. Whelan
E02629,2024-G27,2,BLOCK 00:58 OSU #31 E. Vasquez
E02630,2024-G27,3,SHOT 19:54 OSU #2 C. Ives
E02631,2024-G27,3,GOAL 19:51 OSU #34 E. Halvorson (unassisted) [PP]  
E02632,2024-G27,3,HIT 19:44 OSU #26 H. Quill
E02633,2024-G27,3,SHOT 18:25 OSU #11 E. Alderson
E02634,2024-G27,3,SHOT 17:52 MICH #22 F. Delacroix
E02635,2024-G27,3,SHOT 17:21 MICH #27 T. Ilves
E02636,2024-G27,3,SHOT 16:14 OSU #16 G. Maloney
E02637,2024-G27,3,BLOCK 15:55 MICH #44 Z. Vandenberg  
E02638,2024-G27,3,SHOT 15:47 OSU #14 P. Whelan
E02639,2024-G27,3,BLOCK 15:37 MICH #8 R. St. Pierre
E02640,2024-G27,3,TAKEAWAY 14:38 MICH #16 K. Nystrom
E02641,2024-G27,3,HIT 14:32 OSU #6 D. Ives
E02642,2024-G27,3,SHOT 13:17 MICH  #21 W. Achterberg
E02643,2024-G27,3,SHOT 12:56 MICH #8 R. St. Pierre
E02644,2024-G27,3,"PENALTY 12:45 MICH #19 B. Lindgren (Too Many Men, 2 min)"
E02645,2024-G27,3,SHOT 10:52 MICH #23 M. Boychuk
E02646,2024-G27,3,BLOCK 09:22 OSU #31 D. Quill
E02647,2024-G27,3,HIT 08:29 MICH #10 E. Marchand
E02648,2024-G27,3,SHOT 7:36 OSU #22 J. Vasquez
E02649,2024-G27,3,HIT 6:01 OSU  #23 A. Savard
E02650,2024-G27,3,HIT 5:28 OSU #36 C. Jarvis
E02651,2024-G27,3,SHOT 05:17 OSU #24 S. Kuznetsov
E02652,2024-G27,3,BLOCK 3:59 MICH #4 J. Ferris
E02653,2024-G27,3,HIT 03:04 OSU #38 E. Vasquez
E02654,2024-G27,3,SHOT 02:58 MICH #9 R. Karr
E02655,2024-G27,3,HIT 2:42 OSU #29 W. Kuznetsov
E02656,2024-G27,3,"PENALTY 2:26 MICH #28 M. Halloran (Too Many Men, 2 min)"
E02657,2024-G27,3,SHOT 01:43 MICH #18 H. Okafor
E02658,2024-G27,3,SHOT 1:14 MICH #27 T. Ilves
E02659,2024-G27,3,SHOT 0:18 OSU #4 N. Halvorson
E02660,2024-G28,1,SHOT 18:47 MICH #6 L. O'Halloran
E02661,2024-G28,1,SHOT 18:45 LSSU #37 R. Eklund
E02662,2024-G28,1,SHOT 17:45 MICH #4 J. Ferris
E02663,2024-G28,1,  HIT 17:33 LSSU #11 E. Gauthier
E02664,2024-G28,1,HIT 17:28 LSSU #36 R. Doyle
E02665,2024-G28,1,SHOT 16:04 MICH #2 P. Vander-Meer
E02666,2024-G28,1,HIT 16:01 MICH #26 A. Quintero
E02667,2024-G28,1,BLOCK 15:23 MICH #24 V. Sepp
E02668,2024-G28,1,HIT 14:48 LSSU #20 R. Maloney
E02669,2024-G28,1,BLOCK 14:36 MICH #25 O. Brightwater
E02670,2024-G28,1,BLOCK 14:20 LSSU #17 L. Savard
E02671,2024-G28,1,HIT 14:07 MICH #18 H. Okafor
E02672,2024-G28,1,HIT 14:03 MICH #8 R. St. Pierre
E02673,2024-G28,1,BLOCK 13:27 MICH #11 D. Ochoa
E02674,2024-G28,1,SHOT 12:41 MICH #28 M. Halloran
E02675,2024-G28,1,HIT 11:27 LSSU  #39 T. Whelan
E02676,2024-G28,1,TAKEAWAY 09:48 MICH  #18 H. Okafor
E02677,2024-G28,1,SHOT 09:35 MICH #26 A. Quintero
E02678,2024-G28,1,SHOT 09:28 MICH #26 A. Quintero  
E02679,2024-G28,1,SHOT 09:15 LSSU #20 A. Vasquez
E02680,2024-G28,1,SHOT 09:05 MICH #29 J. Teodoro  
E02681,2024-G28,1,"PENALTY 08:59 MICH #44 Z. Vandenberg (Holding, 2 min)"
E02682,2024-G28,1,HIT 08:55 MICH #18 H. Okafor
E02683,2024-G28,1,  SHOT 08:40 MICH #2 P. Vander-Meer
E02684,2024-G28,1,SHOT 05:11 LSSU #13 W. Ostberg
E02685,2024-G28,1,BLOCK 4:53 MICH #29 J. Teodoro
E02686,2024-G28,1,SHOT 4:33 MICH #18 H. Okafor
E02687,2024-G28,1,SHOT 04:25 LSSU #11 R. Underwood
E02688,2024-G28,1,HIT 03:16 MICH #22 F. Delacroix
E02689,2024-G28,1,"PENALTY 03:06 LSSU #11 R. Doyle (Interference, 2 min)"
E02690,2024-G28,1,SHOT 3:01 LSSU #9 M. Quill
E02691,2024-G28,1,SHOT 02:14 MICH #26 A. Quintero
E02692,2024-G28,1,BLOCK 01:50 MICH  #17 T. Brennan
E02693,2024-G28,1,HIT 01:29 LSSU #37 N. Peterson
E02694,2024-G28,1,HIT 01:10 LSSU #31 H. Quill
E02695,2024-G28,1,"PENALTY 1:08 LSSU #38 R. Kuznetsov (High-sticking, 2 min)"
E02696,2024-G28,1,"GOAL 00:49 LSSU #28 B. Doyle (A: #31 V. Eklund, #14 V. Peterson) [EV]"
E02697,2024-G28,2,SHOT 19:39 LSSU #32 F. Maloney
E02698,2024-G28,2,SHOT 18:57 MICH #2 P. Vander-Meer
E02699,2024-G28,2,"PENALTY 18:29 MICH #22 F. Delacroix (High-sticking, 2 min)"
E02700,2024-G28,2,GOAL 18:00 MICH #21 W. Achterberg (A: #19 B. Lindgren) [EV]  
E02701,2024-G28,2,"PENALTY 17:29 LSSU #21 T. Whelan (Tripping, 2 min)"
E02702,2024-G28,2,SHOT 16:01 LSSU #23 F. Nilsson
E02703,2024-G28,2,SHOT 15:37 MICH #6 L. O'Halloran
E02704,2024-G28,2,HIT 15:28 MICH #23 M. Boychuk
E02705,2024-G28,2,SHOT 15:03 MICH #44 Z. Vandenberg
E02706,2024-G28,2,BLOCK 14:39 MICH #10 E. Marchand
E02707,2024-G28,2,HIT 13:46 MICH  #8 R. St. Pierre
E02708,2024-G28,2,SHOT 13:08 MICH #44 Z. Vandenberg
E02709,2024-G28,2,"PENALTY 11:27 LSSU #19 E. Rasmussen (Boarding, 5 min)"
E02710,2024-G28,2,SHOT 11:04 MICH #11 D. Ochoa
E02711,2024-G28,2,SHOT 10:59 LSSU #11 D. Ives
E02712,2024-G28,2,  HIT 10:42 LSSU #34 W. Maloney
E02713,2024-G28,2,SHOT 10:04 MICH #14 C. Wiegand
E02714,2024-G28,2,SHOT 09:52 LSSU #25 F. Fitzpatrick
E02715,2024-G28,2,SHOT 09:38 LSSU #35 D. Eklund  
E02716,2024-G28,2,HIT 8:52 LSSU #9 J. Thibault
E02717,2024-G28,2,SHOT 08:05 MICH #24 V. Sepp
E02718,2024-G28,2,HIT 06:50 LSSU  #33 V. Nilsson
E02719,2024-G28,2,SHOT 6:23 MICH #24 V. Sepp
E02720,2024-G28,2,SHOT 05:58 MICH  #8 R. St. Pierre
E02721,2024-G28,2,SHOT 5:02 LSSU #38 G. Eklund
E02722,2024-G28,2,"PENALTY 4:57 LSSU #9 R. Quill (Slashing, 2 min)"
E02723,2024-G28,2,BLOCK 02:07 LSSU #7 M. Rasmussen
E02724,2024-G28,2,SHOT 01:57 MICH #9 R. Karr
E02725,2024-G28,2,HIT 01:33 MICH #14 C. Wiegand
E02726,2024-G28,2,SHOT 0:26 LSSU #13 P. Quill
E02727,2024-G28,2,HIT 0:08 MICH #24 V. Sepp
E02728,2024-G28,3,SHOT 18:43 MICH #25 O. Brightwater
E02729,2024-G28,3,BLOCK 15:23 MICH #11 D. Ochoa
E02730,2024-G28,3,SHOT 14:57 LSSU #34 S. Underwood
E02731,2024-G28,3,SHOT 14:32 MICH #21 W. Achterberg
E02732,2024-G28,3,SHOT 14:19 LSSU #30 N. Fitzpatrick
E02733,2024-G28,3,SHOT 14:13 LSSU #30 W. Ostberg
E02734,2024-G28,3,TAKEAWAY 13:58 MICH #27 T. Ilves
E02735,2024-G28,3,"PENALTY 13:28 LSSU #5 K. Kuznetsov (High-sticking, 2 min)"
E02736,2024-G28,3,SHOT 13:25 LSSU #28 D. Gauthier
E02737,2024-G28,3,SHOT 13:23 MICH #29 J. Teodoro  
E02738,2024-G28,3,HIT 12:56 MICH #16 K. Nystrom
E02739,2024-G28,3,SHOT 12:50 MICH #44 Z. Vandenberg  
E02740,2024-G28,3,SHOT 12:28 LSSU #31 S. Fitzpatrick
E02741,2024-G28,3,"PENALTY 11:11 LSSU #14 L. Halvorson (Too Many Men, 2 min)"
E02742,2024-G28,3,HIT 11:00 MICH #14 C. Wiegand
E02743,2024-G28,3,SHOT 09:47 MICH #27 T. Ilves
E02744,2024-G28,3,SHOT 09:03 LSSU #15 N. Ostberg
E02745,2024-G28,3,SHOT 08:48 MICH #17 T. Brennan
E02746,2024-G28,3,SHOT 08:26 LSSU #37 W. Rasmussen
E02747,2024-G28,3,SHOT 7:16 MICH  #24 V. Sepp
E02748,2024-G28,3,SHOT 06:11 MICH #25 O. Brightwater
E02749,2024-G28,3,HIT 05:53 LSSU #25 T. Cormier
E02750,2024-G28,3,SHOT 5:25 MICH #17 T. Brennan
E02751,2024-G28,3,SHOT 05:22 LSSU #32 J. Fitzpatrick
E02752,2024-G28,3,SHOT 05:18 MICH #6 L. O'Halloran
E02753,2024-G28,3,HIT 5:03 LSSU #31 H. Beauchamp
E02754,2024-G28,3,SHOT 04:53 LSSU #10 D. Whelan
E02755,2024-G28,3,SHOT 04:05 MICH #14 C. Wiegand
E02756,2024-G28,3,BLOCK 03:54 LSSU #11 S. Ostberg
E02757,2024-G28,3,SHOT 03:52 MICH #19 B. Lindgren  
E02758,2024-G28,3,SHOT 03:21 LSSU #2 D. Lachance
E02759,2024-G28,3,SHOT 2:13 LSSU #17 N. Lachance
E02760,2024-G28,3,SHOT 01:59 LSSU #31 D. Fitzpatrick
E02761,2024-G28,3,SHOT 1:09 MICH #11 D. Ochoa
E02762,2024-G28,3,SHOT 00:56 LSSU #7 T. Rasmussen
E02763,2024-G28,3,BLOCK 00:12 MICH #23 M. Boychuk
E02764,2024-G28,3,  HIT 0:11 LSSU #7 D. Eklund
E02765,2024-G28,4,  SHOT 04:23 MICH #18 H. Okafor
E02766,2024-G28,4,TAKEAWAY 03:42 LSSU #10 J. Beauchamp
E02767,2024-G28,4,  SHOT 2:25 LSSU #21 S. Lachance
E02768,2024-G28,4,SHOT 02:09 MICH #8 R. St. Pierre
E02769,2024-G28,4,  GOAL 00:31 LSSU #24 R. Beauchamp (unassisted) [EV]
E02770,2024-G29,1,  SHOT 19:38 MICH #27 T. Ilves
E02771,2024-G29,1,SHOT 17:01 ND #24 L. Kuznetsov
E02772,2024-G29,1,HIT 16:52 MICH #17 T. Brennan
E02773,2024-G29,1,BLOCK 16:21 ND  #31 H. Halvorson
E02774,2024-G29,1,"PENALTY 13:49 ND #5 J. Quill (Contact to the Head, 5 min)"
E02775,2024-G29,1,HIT 13:42 MICH #29 J. Teodoro
E02776,2024-G29,1,"PENALTY 13:17 MICH #10 E. Marchand (Fighting, 5 min)"
E02777,2024-G29,1,SHOT 12:57 MICH #11 D. Ochoa
E02778,2024-G29,1,SHOT 12:42 ND #18 S. Gauthier
E02779,2024-G29,1,SHOT 12:38 MICH #26 A. Quintero
E02780,2024-G29,1,HIT 12:12 MICH #28 M. Halloran
E02781,2024-G29,1,SHOT 11:46 ND #4 V. Ostberg  
E02782,2024-G29,1,SHOT 10:17 MICH #20 G. Pasternak
E02783,2024-G29,1,SHOT 8:45 ND #7 K. Jarvis
E02784,2024-G29,1,SHOT 8:41 ND #23 B. Thibault
E02785,2024-G29,1,GOAL 06:32 MICH #9 R. Karr (A: #25 O. Brightwater) [EV]
E02786,2024-G29,1,BLOCK 6:10 MICH #28 M. Halloran
E02787,2024-G29,1,SHOT 05:31 MICH #8 R. St. Pierre
E02788,2024-G29,1,SHOT 4:27 ND #8 T. Yakimov
E02789,2024-G29,1,SHOT 03:54 ND #31 W. Jarvis
E02790,2024-G29,1,SHOT 3:50 MICH  #24 V. Sepp
E02791,2024-G29,1,SHOT 03:13 ND #9 A. Jarvis
E02792,2024-G29,1,SHOT 02:47 MICH #12 S. Rutledge
E02793,2024-G29,1,SHOT 2:30 ND  #25 V. Ostberg
E02794,2024-G29,1,SHOT 02:25 MICH #17 T. Brennan
E02795,2024-G29,1,HIT 02:23 MICH #2 P. Vander-Meer
E02796,2024-G29,1,HIT 02:20 ND #38 D. Peterson
E02797,2024-G29,1,BLOCK 1:27 ND #28 H. Jarvis
E02798,2024-G29,1,HIT 01:19 MICH #24 V. Sepp
E02799,2024-G29,1,SHOT 01:03 ND #26 F. Peterson
E02800,2024-G29,1,BLOCK 0:13 ND #6 G. Maloney
E02801,2024-G29,2,BLOCK 19:38 ND #33 L. Savard
E02802,2024-G29,2,SHOT 18:51 MICH #17 T. Brennan
E02803,2024-G29,2,HIT 18:36 MICH #44 Z. Vandenberg  
E02804,2024-G29,2,SHOT 18:10 ND #2 F. Nilsson
E02805,2024-G29,2,SHOT 17:40 MICH #18 H. Okafor
E02806,2024-G29,2,HIT 17:10 ND  #8 H. Kuznetsov
E02807,2024-G29,2,SHOT 17:06 MICH #17 T. Brennan  
E02808,2024-G29,2,SHOT 16:39 ND #16 B. Halvorson
E02809,2024-G29,2,SHOT 15:50 MICH #26 A. Quintero
E02810,2024-G29,2,SHOT 15:14 ND #12 H. Nilsson
E02811,2024-G29,2,GOAL 13:38 MICH #6 L. O'Halloran (A: #23 M. Boychuk) [EV]
E02812,2024-G29,2,"PENALTY 11:31 MICH  #19 B. Lindgren (Delay of Game, 2 min)"
E02813,2024-G29,2,SHOT 11:10 ND #20 F. Peterson
E02814,2024-G29,2,BLOCK 11:08 MICH #10 E. Marchand
E02815,2024-G29,2,SHOT 10:52 ND #21 P. Lachance
E02816,2024-G29,2,SHOT 10:36 ND #6 C. Savard
E02817,2024-G29,2,  HIT 10:28 ND #19 G. Maloney
E02818,2024-G29,2,SHOT 10:09 MICH #28 M. Halloran
E02819,2024-G29,2,BLOCK 09:43 MICH #27 T. Ilves
E02820,2024-G29,2,SHOT 08:43 MICH #12 S. Rutledge
E02821,2024-G29,2,TAKEAWAY 08:33 MICH #24 V. Sepp
E02822,2024-G29,2,TAKEAWAY 08:32 MICH #20 G. Pasternak
E02823,2024-G29,2,SHOT 08:16 MICH #11 D. Ochoa
E02824,2024-G29,2,SHOT 08:03 MICH #6 L. O'Halloran
E02825,2024-G29,2,SHOT 08:00 MICH  #6 L. O'Halloran
E02826,2024-G29,2,SHOT 07:18 MICH #44 Z. Vandenberg
E02827,2024-G29,2,SHOT 6:48 MICH #24 V. Sepp
E02828,2024-G29,2,SHOT 05:42 ND #17 S. Maloney
E02829,2024-G29,2,SHOT 5:33 ND #33 P. Thibault
E02830,2024-G29,2,HIT 04:49 ND #15 S. Alderson
E02831,2024-G29,2,SHOT 4:42 MICH #2 P. Vander-Meer
E02832,2024-G29,2,"PENALTY 04:24 MICH #26 A. Quintero (Cross-checking, 2 min)"
E02833,2024-G29,2,SHOT 03:14 MICH #16 K. Nystrom
E02834,2024-G29,2,BLOCK 02:52 MICH #22 F. Delacroix
E02835,2024-G29,2,HIT 02:12 MICH #26 A. Quintero
E02836,2024-G29,2,SHOT 1:55 MICH #20 G. Pasternak
E02837,2024-G29,2,HIT 01:52 ND #33 W. Rasmussen
E02838,2024-G29,2,SHOT 00:40 ND #1 V. Rasmussen
E02839,2024-G29,3,GOAL 19:45 ND #6 F. Gauthier (unassisted) [EV]
E02840,2024-G29,3,SHOT 18:18 ND #6 G. Quill
E02841,2024-G29,3,HIT 18:03 ND #15 D. Eklund  
E02842,2024-G29,3,SHOT 17:58 ND #19 W. Underwood
E02843,2024-G29,3,SHOT 17:36 ND #26 W. Gauthier  
E02844,2024-G29,3,BLOCK 16:38 ND #19 F. Jarvis
E02845,2024-G29,3,"PENALTY 16:02 ND #17 A. Alderson (Interference, 2 min)"
E02846,2024-G29,3,"PENALTY 15:47 MICH #8 R. St. Pierre (Too Many Men, 2 min)"
E02847,2024-G29,3,HIT 15:01 MICH #9 R. Karr
E02848,2024-G29,3,SHOT 14:29 MICH #28 M. Halloran
E02849,2024-G29,3,HIT 13:01 ND #29 R. Beauchamp
E02850,2024-G29,3,BLOCK 12:12 ND #36 W. Ostberg
E02851,2024-G29,3,SHOT 11:49 MICH #26 A. Quintero
E02852,2024-G29,3,SHOT 9:46 MICH #8 R. St. Pierre
E02853,2024-G29,3,"PENALTY 09:34 MICH #14 C. Wiegand (Roughing, 2 min)"
E02854,2024-G29,3,SHOT 9:14 ND #6 G. Doyle
E02855,2024-G29,3,HIT 08:41 MICH #20 G. Pasternak
E02856,2024-G29,3,SHOT 06:55 ND #36 G. Alderson
E02857,2024-G29,3,SHOT 6:12 MICH  #6 L. O'Halloran
E02858,2024-G29,3,BLOCK 6:08 MICH #27 T. Ilves
E02859,2024-G29,3,BLOCK 5:23 ND #33 L. Eklund
E02860,2024-G29,3,SHOT 03:04 MICH #12 S. Rutledge  
E02861,2024-G29,3,SHOT 2:47 ND #13 S. Ives
E02862,2024-G29,3,HIT 02:46 MICH #22 F. Delacroix
E02863,2024-G29,3,HIT 2:06 ND #18 K. Doyle
E02864,2024-G29,3,HIT 00:29 ND #38 N. Whelan
E02865,2024-G30,1,SHOT 19:49 MICH #10 E. Marchand
E02866,2024-G30,1,SHOT 19:19 ND #37 V. Thibault
E02867,2024-G30,1,  SHOT 18:28 MICH #11 D. Ochoa
E02868,2024-G30,1,  SHOT 17:27 MICH #9 R. Karr
E02869,2024-G30,1,"PENALTY 17:26 MICH #2 P. Vander-Meer (Boarding, 5 min)"
E02870,2024-G30,1,HIT 16:37 MICH #21 W. Achterberg
E02871,2024-G30,1,TAKEAWAY 16:32 ND #15 L. Lachance  
E02872,2024-G30,1,"GOAL 16:13 ND #22 J. Eklund (A: #17 K. Alderson, #23 C. Beauchamp) [EV]"
E02873,2024-G30,1,SHOT 14:40 ND #23 S. Yakimov
E02874,2024-G30,1,SHOT 14:33 ND #30 G. Savard
E02875,2024-G30,1,HIT 14:30 ND #18 R. Eklund
E02876,2024-G30,1,SHOT 14:29 ND #9 B. Alderson
E02877,2024-G30,1,SHOT 14:06 ND #32 D. Yakimov  
E02878,2024-G30,1,SHOT 10:45 ND #4 T. Quill
E02879,2024-G30,1,"GOAL 10:04 ND  #35 K. Cormier (A: #29 M. Nilsson, #26 B. Yakimov) [EV]"
E02880,2024-G30,1,HIT 09:58 MICH #29 J. Teodoro
E02881,2024-G30,1,HIT 09:03 MICH #4 J. Ferris
E02882,2024-G30,1,SHOT 08:04 MICH #20 G. Pasternak
E02883,2024-G30,1,SHOT 08:03 ND #37 E. Vasquez
E02884,2024-G30,1,GOAL 07:48 MICH #12 S. Rutledge (unassisted) [EV]
E02885,2024-G30,1,SHOT 07:34 ND #2 P. Whelan
E02886,2024-G30,1,HIT 07:12 ND #32 R. Beauchamp
E02887,2024-G30,1,SHOT 05:22 MICH #20 G. Pasternak
E02888,2024-G30,1,SHOT 04:36 MICH #4 J. Ferris
E02889,2024-G30,1,HIT 03:19 ND #18 L. Fitzpatrick
E02890,2024-G30,1,HIT 02:24 ND #30 A. Halvorson
E02891,2024-G30,1,SHOT 02:16 MICH #21 W. Achterberg
E02892,2024-G30,1,BLOCK 02:13 MICH #6 L. O'Halloran
E02893,2024-G30,1,SHOT 0:57 MICH #21 W. Achterberg
E02894,2024-G30,1,HIT 00:17 ND #37 A. Nilsson
E02895,2024-G30,1,SHOT 0:16 ND #4 E. Fitzpatrick
E02896,2024-G30,2,  SHOT 19:47 MICH #6 L. O'Halloran
E02897,2024-G30,2,HIT 17:41 MICH #26 A. Quintero
E02898,2024-G30,2,  SHOT 17:26 MICH #27 T. Ilves
E02899,2024-G30,2,SHOT 17:13 MICH #4 J. Ferris
E02900,2024-G30,2,"PENALTY 16:36 MICH #4 J. Ferris (Too Many Men, 2 min)"
E02901,2024-G30,2,HIT 16:26 ND  #11 C. Peterson
E02902,2024-G30,2,SHOT 16:12 ND #24 L. Lachance
E02903,2024-G30,2,SHOT 15:21 MICH #20 G. Pasternak
E02904,2024-G30,2,SHOT 14:21 ND #13 A. Nilsson
E02905,2024-G30,2,BLOCK 13:33 MICH #28 M. Halloran
E02906,2024-G30,2,"PENALTY 13:14 ND  #1 C. Ives (Holding, 2 min)"
E02907,2024-G30,2,SHOT 12:54 ND #9 L. Jarvis
E02908,2024-G30,2,SHOT 11:39 ND #28 P. Kuznetsov
E02909,2024-G30,2,SHOT 10:50 MICH #18 H. Okafor
E02910,2024-G30,2,SHOT 10:45 MICH #4 J. Ferris
E02911,2024-G30,2,SHOT 10:32 ND #33 P. Rasmussen
E02912,2024-G30,2,HIT 10:27 MICH #10 E. Marchand
E02913,2024-G30,2,HIT 08:56 ND #10 C. Lachance  
E02914,2024-G30,2,SHOT 08:45 ND #21 P. Thibault
E02915,2024-G30,2,"PENALTY 07:52 ND #31 A. Vasquez (Roughing, 2 min)"
E02916,2024-G30,2,SHOT 07:38 MICH #20 G. Pasternak
E02917,2024-G30,2,SHOT 7:33 MICH #23 M. Boychuk
E02918,2024-G30,2,"PENALTY 05:42 MICH #44 Z. Vandenberg (Interference, 2 min)"
E02919,2024-G30,2,SHOT 04:33 MICH #23 M. Boychuk
E02920,2024-G30,2,HIT 04:18 ND #22 L. Savard
E02921,2024-G30,2,SHOT 04:02 ND #19 G. Jarvis
E02922,2024-G30,2,"PENALTY 03:43 ND #11 P. Underwood (Too Many Men, 2 min)"
E02923,2024-G30,2,SHOT 02:06 ND  #37 L. Jarvis
E02924,2024-G30,2,TAKEAWAY 01:57 ND #11 H. Savard
E02925,2024-G30,2,BLOCK 01:33 MICH #22 F. Delacroix
E02926,2024-G30,2,BLOCK 01:27 ND #19 H. Quill
E02927,2024-G30,2,GOAL 0:42 MICH #19 B. Lindgren (A: #23 M. Boychuk) [EV]
E02928,2024-G30,2,HIT 0:07 MICH #6 L. O'Halloran
E02929,2024-G30,3,HIT 19:15 ND #12 H. Maloney
E02930,2024-G30,3,SHOT 18:44 MICH #19 B. Lindgren
E02931,2024-G30,3,BLOCK 18:23 ND #11 G. Savard
E02932,2024-G30,3,GOAL 18:12 MICH #10 E. Marchand (A: #24 V. Sepp) [EV]
E02933,2024-G30,3,"PENALTY 18:01 MICH  #23 M. Boychuk (Interference, 2 min)"
E02934,2024-G30,3,SHOT 17:23 MICH #28 M. Halloran
E02935,2024-G30,3,SHOT 17:02 ND #4 M. Thibault
E02936,2024-G30,3,SHOT 14:47 MICH #18 H. Okafor
E02937,2024-G30,3,SHOT 14:17 ND #15 W. Lachance
E02938,2024-G30,3,  SHOT 12:55 ND #5 D. Halvorson
E02939,2024-G30,3,SHOT 12:44 MICH #27 T. Ilves
E02940,2024-G30,3,SHOT 11:50 ND #27 B. Fitzpatrick
E02941,2024-G30,3,SHOT 11:41 MICH #24 V. Sepp
E02942,2024-G30,3,SHOT 10:47 MICH #6 L. O'Halloran  
E02943,2024-G30,3,"PENALTY 10:02 MICH #19 B. Lindgren (Too Many Men, 2 min)"
E02944,2024-G30,3,BLOCK 09:55 MICH #18 H. Okafor
E02945,2024-G30,3,HIT 09:50 MICH #17 T. Brennan
E02946,2024-G30,3,HIT 08:08 ND #36 H. Beauchamp
E02947,2024-G30,3,  HIT 08:01 ND #5 A. Yakimov
E02948,2024-G30,3,SHOT 07:48 ND #35 D. Thibault
E02949,2024-G30,3,"GOAL 06:54 ND #19 K. Ives (A: #1 L. Underwood, #36 N. Beauchamp) [EV]"
E02950,2024-G30,3,SHOT 05:24 ND #28 C. Yakimov
E02951,2024-G30,3,SHOT 5:23 MICH #4 J. Ferris
E02952,2024-G30,3,HIT 04:59 ND #4 B. Jarvis
E02953,2024-G30,3,HIT 04:48 ND #9 H. Whelan
E02954,2024-G30,3,SHOT 04:44 MICH #4 J. Ferris
E02955,2024-G30,3,BLOCK 04:25 ND #25 B. Rasmussen
E02956,2024-G30,3,SHOT 03:27 ND #28 V. Beauchamp
E02957,2024-G30,3,SHOT 2:31 MICH #29 J. Teodoro
E02958,2024-G30,3,BLOCK 01:50 ND #23 F. Fitzpatrick
E02959,2024-G30,3,SHOT 01:44 ND #21 P. Doyle
E02960,2024-G30,3,SHOT 01:02 MICH #6 L. O'Halloran
E02961,2024-G30,3,"PENALTY 00:09 ND #35 D. Alderson (Roughing, 2 min)  "
E02962,2024-G30,4,HIT 03:38 MICH #26 A. Quintero
E02963,2024-G30,4,SHOT 03:29 MICH #25 O. Brightwater
E02964,2024-G30,4,HIT 02:28 MICH #8 R. St. Pierre
E02965,2024-G30,4,SHOT 01:51 ND #6 G. Beauchamp
E02966,2024-G30,4,"GOAL 00:58 MICH #17 T. Brennan (A: #22 F. Delacroix, #16 K. Nystrom) [EV]"
E02967,2024-G31,1,"PENALTY 18:38 MICH #29 J. Teodoro (Cross-checking, 2 min)"
E02968,2024-G31,1,SHOT 17:40 BGSU #30 E. Peterson
E02969,2024-G31,1,"PENALTY 16:52 MICH #28 M. Halloran (Hooking, 2 min)"
E02970,2024-G31,1,SHOT 16:47 MICH #20 G. Pasternak
E02971,2024-G31,1,"PENALTY 16:30 MICH #22 F. Delacroix (Roughing, 2 min)"
E02972,2024-G31,1,BLOCK 15:36 BGSU #17 T. Whelan
E02973,2024-G31,1,SHOT 14:46 MICH #14 C. Wiegand
E02974,2024-G31,1,HIT 13:34 BGSU #32 H. Jarvis
E02975,2024-G31,1,SHOT 12:20 MICH #2 P. Vander-Meer
E02976,2024-G31,1,"GOAL 11:53 MICH #28 M. Halloran (A: #20 G. Pasternak, #17 T. Brennan) [EV]"
E02977,2024-G31,1,SHOT 09:57 MICH #19 B. Lindgren
E02978,2024-G31,1,  HIT 09:10 BGSU #11 W. Peterson
E02979,2024-G31,1,"GOAL 8:56 BGSU #5 V. Jarvis (A: #8 W. Halvorson, #35 P. Gauthier) [EV]"
E02980,2024-G31,1,HIT 08:03 MICH #24 V. Sepp
E02981,2024-G31,1,SHOT 7:23 BGSU #25 D. Rasmussen
E02982,2024-G31,1,HIT 07:16 MICH #27 T. Ilves
E02983,2024-G31,1,SHOT 07:01 MICH #9 R. Karr
E02984,2024-G31,1,BLOCK 06:29 MICH #24 V. Sepp
E02985,2024-G31,1,HIT 05:50 MICH #44 Z. Vandenberg
E02986,2024-G31,1,"PENALTY 05:22 MICH #11 D. Ochoa (Tripping, 2 min)"
E02987,2024-G31,1,SHOT 05:15 BGSU #11 H. Rasmussen
E02988,2024-G31,1,TAKEAWAY 4:49 MICH #29 J. Teodoro
E02989,2024-G31,1,SHOT 04:10 MICH #20 G. Pasternak
E02990,2024-G31,1,SHOT 3:58 BGSU #4 T. Doyle
E02991,2024-G31,1,"GOAL 3:16 BGSU #21 H. Yakimov (A: #19 D. Underwood, #29 P. Vasquez) [EV]"
E02992,2024-G31,1,  BLOCK 02:26 MICH #23 M. Boychuk
E02993,2024-G31,1,SHOT 01:58 MICH #24 V. Sepp
E02994,2024-G31,1,SHOT 01:51 BGSU #16 L. Thibault
E02995,2024-G31,1,SHOT 0:51 MICH #12 S. Rutledge
E02996,2024-G31,1,SHOT 00:17 BGSU #11 L. Halvorson
E02997,2024-G31,2,SHOT 19:39 BGSU #33 C. Savard
E02998,2024-G31,2,"GOAL 19:23 MICH #21 W. Achterberg (A: #44 Z. Vandenberg, #16 K. Nystrom) [PP]"
E02999,2024-G31,2,SHOT 19:10 BGSU #32 A. Savard
E03000,2024-G31,2,SHOT 18:54 MICH  #27 T. Ilves
E03001,2024-G31,2,HIT 17:29 MICH #25 O. Brightwater
E03002,2024-G31,2,SHOT 17:26 MICH #8 R. St. Pierre
E03003,2024-G31,2,BLOCK 17:22 BGSU #27 L. Nilsson
E03004,2024-G31,2,SHOT 16:32 BGSU #39 A. Halvorson
E03005,2024-G31,2,HIT 15:25 BGSU #22 P. Quill  
E03006,2024-G31,2,HIT 15:20 MICH #14 C. Wiegand  
E03007,2024-G31,2,TAKEAWAY 11:57 BGSU #24 D. Lachance
E03008,2024-G31,2,"GOAL 10:02 MICH #4 J. Ferris (A: #26 A. Quintero, #17 T. Brennan) [EV]"
E03009,2024-G31,2,SHOT 09:46 MICH #19 B. Lindgren
E03010,2024-G31,2,SHOT 9:33 BGSU #27 S. Peterson
E03011,2024-G31,2,SHOT 09:30 MICH #24 V. Sepp
E03012,2024-G31,2,GOAL 08:22 BGSU #8 B. Yakimov (A: #14 S. Peterson) [SH]
E03013,2024-G31,2,SHOT 08:07 MICH #23 M. Boychuk
E03014,2024-G31,2,SHOT 07:30 MICH #12 S. Rutledge
E03015,2024-G31,2,HIT 06:17 MICH #9 R. Karr
E03016,2024-G31,2,SHOT 5:45 MICH #22 F. Delacroix
E03017,2024-G31,2,"PENALTY 04:16 MICH #8 R. St. Pierre (Hooking, 2 min)"
E03018,2024-G31,2,HIT 03:54 MICH #24 V. Sepp
E03019,2024-G31,2,SHOT 03:46 BGSU #1 A. Ostberg
E03020,2024-G31,2,SHOT 03:34 BGSU  #12 S. Peterson
E03021,2024-G31,2,SHOT 02:59 BGSU #28 E. Vasquez  
E03022,2024-G31,2,GOAL 02:18 BGSU #1 N. Fitzpatrick (A: #21 P. Thibault) [EV]
E03023,2024-G31,2,"GOAL 1:22 MICH #10 E. Marchand (A: #12 S. Rutledge, #9 R. Karr) [EV]"
E03024,2024-G31,3,SHOT 19:43 MICH #14 C. Wiegand
E03025,2024-G31,3,HIT 19:10 MICH #26 A. Quintero
E03026,2024-G31,3,GOAL 18:19 MICH  #25 O. Brightwater (A: #11 D. Ochoa) [EV]
E03027,2024-G31,3,SHOT 17:07 BGSU #31 V. Savard  
E03028,2024-G31,3,BLOCK 16:17 MICH #27 T. Ilves
E03029,2024-G31,3,SHOT 16:16 BGSU #11 M. Kuznetsov
E03030,2024-G31,3,SHOT 15:19 MICH #29 J. Teodoro
E03031,2024-G31,3,TAKEAWAY 14:41 BGSU #2 T. Ostberg
E03032,2024-G31,3,"PENALTY 14:07 BGSU #22 A. Underwood (Holding, 2 min)"
E03033,2024-G31,3,SHOT 13:40 BGSU #26 M. Savard
E03034,2024-G31,3,SHOT 13:03 BGSU #29 D. Yakimov
E03035,2024-G31,3,"GOAL 12:42 MICH #44 Z. Vandenberg (A: #16 K. Nystrom, #23 M. Boychuk) [EV]"
E03036,2024-G31,3,SHOT 11:24 MICH #8 R. St. Pierre
E03037,2024-G31,3,SHOT 10:52 MICH #26 A. Quintero
E03038,2024-G31,3,SHOT 09:51 MICH  #6 L. O'Halloran
E03039,2024-G31,3,HIT 9:19 BGSU #14 W. Nilsson
E03040,2024-G31,3,SHOT 08:00 MICH #29 J. Teodoro
E03041,2024-G31,3,SHOT 6:14 MICH #27 T. Ilves
E03042,2024-G31,3,SHOT 05:36 BGSU #18 P. Eklund
E03043,2024-G31,3,SHOT 04:32 BGSU #18 R. Ives
E03044,2024-G31,3,SHOT 03:02 MICH #9 R. Karr
E03045,2024-G31,3,"PENALTY 2:24 MICH #6 L. O'Halloran (Slashing, 2 min)"
E03046,2024-G31,3,GOAL 02:12 MICH #20 G. Pasternak (unassisted) [EV]
E03047,2024-G31,3,SHOT 01:28 BGSU #13 W. Savard
E03048,2024-G31,3,  BLOCK 01:22 MICH #19 B. Lindgren
E03049,2024-G31,3,"PENALTY 00:55 BGSU #34 L. Ostberg (Interference, 2 min)"
E03050,2024-G31,3,SHOT 0:16 BGSU #29 C. Whelan
E03051,2024-G31,3,HIT 0:08 MICH #6 L. O'Halloran
E03052,2024-G32,1,SHOT 19:38 WMU #6 A. Ostberg
E03053,2024-G32,1,SHOT 19:19 WMU #29 G. Vasquez
E03054,2024-G32,1,"GOAL 19:17 WMU #20 H. Doyle (A: #36 N. Ives, #11 D. Quill) [EV]"
E03055,2024-G32,1,SHOT 19:06 WMU #8 W. Thibault
E03056,2024-G32,1,HIT 18:49 MICH #10 E. Marchand
E03057,2024-G32,1,HIT 18:23 MICH #6 L. O'Halloran
E03058,2024-G32,1,SHOT 18:00 WMU  #25 M. Yakimov
E03059,2024-G32,1,"GOAL 17:28 WMU #28 V. Peterson (A: #25 K. Gauthier, #30 S. Nilsson) [EV]"
E03060,2024-G32,1,HIT 16:29 MICH #27 T. Ilves
E03061,2024-G32,1,SHOT 14:53 WMU #10 B. Halvorson
E03062,2024-G32,1,SHOT 14:21 MICH #27 T. Ilves
E03063,2024-G32,1,"PENALTY 14:15 WMU #23 T. Nilsson (Cross-checking, 2 min)"
E03064,2024-G32,1,SHOT 12:50 MICH #18 H. Okafor
E03065,2024-G32,1,HIT 12:23 MICH #4 J. Ferris
E03066,2024-G32,1,"GOAL 11:15 WMU #9 L. Nilsson (A: #31 F. Whelan, #22 H. Ives) [EV]"
E03067,2024-G32,1,SHOT 10:55 WMU #34 P. Thibault
E03068,2024-G32,1,BLOCK 10:03 WMU #15 W. Underwood
E03069,2024-G32,1,SHOT 09:31 MICH #12 S. Rutledge
E03070,2024-G32,1,SHOT 8:47 MICH #25 O. Brightwater
E03071,2024-G32,1,SHOT 08:15 WMU #17 P. Doyle
E03072,2024-G32,1,HIT 7:23 MICH #11 D. Ochoa  
E03073,2024-G32,1,SHOT 6:52 WMU #17 S. Whelan
E03074,2024-G32,1,SHOT 04:37 WMU #25 F. Yakimov
E03075,2024-G32,1,SHOT 4:07 WMU #4 H. Ostberg
E03076,2024-G32,1,SHOT 4:02 WMU #18 W. Nilsson
E03077,2024-G32,1,SHOT 03:54 MICH #8 R. St. Pierre
E03078,2024-G32,1,SHOT 3:17 WMU #14 N. Alderson
E03079,2024-G32,1,BLOCK 03:15 WMU #34 C. Rasmussen
E03080,2024-G32,1,HIT 02:15 MICH #28 M. Halloran
E03081,2024-G32,1,SHOT 01:57 WMU #39 D. Eklund
E03082,2024-G32,1,SHOT 00:58 MICH #2 P. Vander-Meer
E03083,2024-G32,1,BLOCK 0:53 WMU #30 V. Maloney
E03084,2024-G32,1,BLOCK 0:51 MICH #8 R. St. Pierre
E03085,2024-G32,1,HIT 00:37 MICH #25 O. Brightwater
E03086,2024-G32,1,GOAL 00:29 WMU #37 S. Whelan (A: #26 D. Gauthier) [EV]
E03087,2024-G32,1,"PENALTY 0:13 WMU #4 N. Whelan (Interference, 2 min)"
E03088,2024-G32,2,  GOAL 19:53 WMU #8 M. Fitzpatrick (A: #2 H. Beauchamp) [EV]
E03089,2024-G32,2,HIT 19:02 MICH #6 L. O'Halloran
E03090,2024-G32,2,SHOT 18:57 MICH #26 A. Quintero  
E03091,2024-G32,2,GOAL 17:36 MICH #12 S. Rutledge (A: #6 L. O'Halloran) [SH]
E03092,2024-G32,2,SHOT 17:14 WMU #5 C. Vasquez
E03093,2024-G32,2,HIT 16:47 MICH #14 C. Wiegand
E03094,2024-G32,2,"PENALTY 16:24 WMU #32 L. Nilsson (Interference, 2 min)"
E03095,2024-G32,2,  SHOT 15:53 MICH #10 E. Marchand
E03096,2024-G32,2,SHOT 14:49 MICH #24 V. Sepp  
E03097,2024-G32,2,GOAL 12:31 MICH #9 R. Karr (A: #19 B. Lindgren) [PP]
E03098,2024-G32,2,SHOT 11:34 WMU #16 E. Underwood
E03099,2024-G32,2,SHOT 11:05 WMU #29 N. Fitzpatrick
E03100,2024-G32,2,SHOT 09:27 WMU #33 W. Eklund
E03101,2024-G32,2,SHOT 09:26 WMU #4 A. Nilsson
E03102,2024-G32,2,HIT 09:10 WMU #31 F. Savard
E03103,2024-G32,2,SHOT 08:58 WMU #36 F. Alderson
E03104,2024-G32,2,  TAKEAWAY 08:57 MICH #8 R. St. Pierre
E03105,2024-G32,2,TAKEAWAY 08:32 WMU #31 D. Jarvis
E03106,2024-G32,2,BLOCK 07:35 WMU #7 B. Gauthier  
E03107,2024-G32,2,"PENALTY 06:28 WMU #28 V. Savard (Tripping, 2 min)"
E03108,2024-G32,2,SHOT 05:55 WMU #30 H. Underwood
E03109,2024-G32,2,"PENALTY 05:20 WMU #17 S. Underwood (Slashing, 2 min)"
E03110,2024-G32,2,SHOT 4:22 MICH #19 B. Lindgren
E03111,2024-G32,2,"GOAL 04:03 WMU  #27 R. Lachance (A: #39 K. Underwood, #8 R. Quill) [PP]"
E03112,2024-G32,2,HIT 2:44 WMU #21 C. Savard
E03113,2024-G32,2,SHOT 02:39 MICH #23 M. Boychuk
E03114,2024-G32,2,HIT 2:27 MICH #21 W. Achterberg
E03115,2024-G32,2,GOAL 1:44 MICH #26 A. Quintero (A: #10 E. Marchand) [EV]
E03116,2024-G32,2,"PENALTY 00:55 MICH #27 T. Ilves (Hooking, 2 min)"
E03117,2024-G32,2,HIT 0:45 WMU #13 G. Savard
E03118,2024-G32,3,SHOT 19:23 MICH #14 C. Wiegand
E03119,2024-G32,3,SHOT 18:15 MICH #23 M. Boychuk
E03120,2024-G32,3,SHOT 17:33 WMU #22 L. Whelan
E03121,2024-G32,3,SHOT 17:30 WMU #6 B. Alderson
E03122,2024-G32,3,SHOT 17:25 WMU #25 K. Vasquez
E03123,2024-G32,3,SHOT 16:34 WMU #18 M. Quill
E03124,2024-G32,3,"PENALTY 16:15 WMU #6 H. Nilsson (Slashing, 2 min)"
E03125,2024-G32,3,BLOCK 16:12 MICH #4 J. Ferris
E03126,2024-G32,3,BLOCK 15:43 MICH #26 A. Quintero
E03127,2024-G32,3,BLOCK 15:37 WMU #6 W. Cormier
E03128,2024-G32,3,"GOAL 15:23 MICH #44 Z. Vandenberg (A: #12 S. Rutledge, #20 G. Pasternak) [PP]"
E03129,2024-G32,3,BLOCK 14:54 MICH #4 J. Ferris
E03130,2024-G32,3,BLOCK 14:12 WMU #27 D. Doyle
E03131,2024-G32,3,  SHOT 13:47 MICH #12 S. Rutledge
E03132,2024-G32,3,"PENALTY 12:37 MICH #4 J. Ferris (Hooking, 2 min)"
E03133,2024-G32,3,SHOT 11:37 MICH #22 F. Delacroix
E03134,2024-G32,3,BLOCK 10:02 WMU #7 W. Beauchamp  
E03135,2024-G32,3,BLOCK 09:45 MICH #14 C. Wiegand
E03136,2024-G32,3,SHOT 9:44 MICH #14 C. Wiegand
E03137,2024-G32,3,BLOCK 09:36 WMU #18 R. Kuznetsov
E03138,2024-G32,3,HIT 9:31 MICH #8 R. St. Pierre
E03139,2024-G32,3,SHOT 08:45 WMU #9 A. Cormier
E03140,2024-G32,3,TAKEAWAY 8:29 WMU #8 W. Vasquez
E03141,2024-G32,3,SHOT 08:15 WMU #13 R. Kuznetsov
E03142,2024-G32,3,"PENALTY 07:57 WMU #36 J. Beauchamp (Tripping, 2 min)"
E03143,2024-G32,3,BLOCK 07:51 WMU #8 S. Alderson
E03144,2024-G32,3,GOAL 07:28 MICH #4 J. Ferris (A: #9 R. Karr) [EV]
E03145,2024-G32,3,SHOT 6:45 MICH #9 R. Karr
E03146,2024-G32,3,SHOT 06:36 WMU #35 V. Cormier
E03147,2024-G32,3,"PENALTY 05:42 MICH #16 K. Nystrom (Roughing, 2 min)"
E03148,2024-G32,3,SHOT 05:41 MICH #20 G. Pasternak
E03149,2024-G32,3,SHOT 05:24 WMU #39 R. Cormier
E03150,2024-G32,3,HIT 04:29 WMU #28 G. Quill
E03151,2024-G32,3,HIT 03:36 WMU #26 S. Peterson
E03152,2024-G32,3,SHOT 3:14 WMU #12 P. Underwood
E03153,2024-G32,3,SHOT 02:14 MICH #9 R. Karr
E03154,2024-G32,3,SHOT 01:21 WMU #28 C. Halvorson
E03155,2024-G32,3,BLOCK 0:55 WMU #4 N. Halvorson
E03156,2024-G33,1,SHOT 19:51 PSU #6 T. Maloney
E03157,2024-G33,1,SHOT 19:47 MICH #26 A. Quintero
E03158,2024-G33,1,SHOT 19:35 MICH #20 G. Pasternak
E03159,2024-G33,1,HIT 19:18 MICH #8 R. St. Pierre
E03160,2024-G33,1,SHOT 18:47 MICH #18 H. Okafor
E03161,2024-G33,1,BLOCK 18:18 MICH #23 M. Boychuk
E03162,2024-G33,1,SHOT 16:49 MICH #21 W. Achterberg
E03163,2024-G33,1,TAKEAWAY 16:44 PSU #9 C. Alderson
E03164,2024-G33,1,BLOCK 15:44 PSU #35 T. Underwood
E03165,2024-G33,1,SHOT 15:40 MICH  #21 W. Achterberg
E03166,2024-G33,1,SHOT 15:35 MICH #2 P. Vander-Meer
E03167,2024-G33,1,TAKEAWAY 14:29 PSU #29 V. Eklund
E03168,2024-G33,1,SHOT 13:58 MICH #4 J. Ferris
E03169,2024-G33,1,  SHOT 13:55 PSU #2 R. Savard
E03170,2024-G33,1,SHOT 13:48 PSU #11 G. Thibault
E03171,2024-G33,1,TAKEAWAY 12:52 PSU #13 J. Ives
E03172,2024-G33,1,SHOT 12:47 MICH #22 F. Delacroix
E03173,2024-G33,1,BLOCK 12:45 PSU #22 R. Eklund  
E03174,2024-G33,1,HIT 12:32 PSU #20 F. Rasmussen
E03175,2024-G33,1,TAKEAWAY 12:01 PSU  #21 W. Gauthier
E03176,2024-G33,1,HIT 11:44 MICH #18 H. Okafor
E03177,2024-G33,1,SHOT 10:54 MICH #22 F. Delacroix
E03178,2024-G33,1,HIT 09:08 MICH #23 M. Boychuk
E03179,2024-G33,1,SHOT 08:12 PSU #10 F. Doyle
E03180,2024-G33,1,"PENALTY 7:40 MICH #18 H. Okafor (Interference, 2 min)"
E03181,2024-G33,1,BLOCK 07:08 MICH #24 V. Sepp
E03182,2024-G33,1,BLOCK 05:38 PSU #21 G. Vasquez
E03183,2024-G33,1,BLOCK 04:55 MICH #22 F. Delacroix
E03184,2024-G33,1,SHOT 4:54 PSU #13 C. Yakimov
E03185,2024-G33,1,"PENALTY 04:33 PSU #38 D. Gauthier (Roughing, 2 min)"
E03186,2024-G33,1,SHOT 04:03 MICH #4 J. Ferris
E03187,2024-G33,1,SHOT 03:36 PSU #31 K. Jarvis
E03188,2024-G33,1,  HIT 03:03 PSU #37 L. Halvorson
E03189,2024-G33,1,BLOCK 1:46 MICH #18 H. Okafor
E03190,2024-G33,1,"GOAL 01:41 MICH #26 A. Quintero (A: #18 H. Okafor, #8 R. St. Pierre) [EV]"
E03191,2024-G33,1,HIT 00:11 PSU #20 J. Quill
E03192,2024-G33,2,SHOT 19:45 MICH #20 G. Pasternak
E03193,2024-G33,2,GOAL 18:14 MICH #44 Z. Vandenberg (A: #18 H. Okafor) [PP]
E03194,2024-G33,2,SHOT 18:05 MICH  #26 A. Quintero
E03195,2024-G33,2,HIT 18:04 PSU #2 S. Alderson
E03196,2024-G33,2,TAKEAWAY 17:22 PSU #12 M. Kuznetsov
E03197,2024-G33,2,BLOCK 17:06 PSU #11 V. Kuznetsov
E03198,2024-G33,2,SHOT 16:38 MICH  #44 Z. Vandenberg
E03199,2024-G33,2,SHOT 16:21 MICH #9 R. Karr
E03200,2024-G33,2,BLOCK 16:15 MICH #23 M. Boychuk
E03201,2024-G33,2,"GOAL 14:55 MICH #17 T. Brennan (A: #6 L. O'Halloran, #26 A. Quintero) [EV]"
E03202,2024-G33,2,SHOT 14:34 PSU  #30 J. Quill
E03203,2024-G33,2,"GOAL 14:28 MICH  #25 O. Brightwater (A: #26 A. Quintero, #10 E. Marchand) [EV]"
E03204,2024-G33,2,SHOT 14:26 PSU #14 B. Eklund
E03205,2024-G33,2,SHOT 14:15 MICH #10 E. Marchand
E03206,2024-G33,2,SHOT 13:51 MICH #19 B. Lindgren
E03207,2024-G33,2,SHOT 13:11 PSU #21 H. Alderson
E03208,2024-G33,2,HIT 12:38 MICH #21 W. Achterberg
E03209,2024-G33,2,HIT 11:47 PSU #37 C. Underwood
E03210,2024-G33,2,SHOT 10:35 MICH #2 P. Vander-Meer
E03211,2024-G33,2,TAKEAWAY 9:55 PSU #29 A. Cormier
E03212,2024-G33,2,SHOT 09:49 MICH #12 S. Rutledge
E03213,2024-G33,2,SHOT 09:41 MICH #10 E. Marchand
E03214,2024-G33,2,BLOCK 09:07 MICH #12 S. Rutledge
E03215,2024-G33,2,SHOT 08:25 PSU #34 V. Whelan
E03216,2024-G33,2,SHOT 7:41 MICH #27 T. Ilves
E03217,2024-G33,2,GOAL 6:06 MICH #24 V. Sepp (A: #29 J. Teodoro) [EV]
E03218,2024-G33,2,SHOT 5:49 PSU #2 L. Kuznetsov
E03219,2024-G33,2,SHOT 5:22 PSU  #28 W. Vasquez
E03220,2024-G33,2,BLOCK 5:13 PSU #20 J. Ives
E03221,2024-G33,2,SHOT 04:41 MICH #11 D. Ochoa
E03222,2024-G33,2,SHOT 4:37 PSU #28 J. Eklund
E03223,2024-G33,2,SHOT 04:25 MICH #10 E. Marchand
E03224,2024-G33,2,"PENALTY 4:14 PSU #8 M. Savard (High-sticking, 2 min)  "
E03225,2024-G33,2,HIT 02:16 MICH #10 E. Marchand
E03226,2024-G33,2,HIT 0:57 MICH #28 M. Halloran
E03227,2024-G33,2,SHOT 00:31 MICH #19 B. Lindgren
E03228,2024-G33,2,"PENALTY 00:18 MICH #19 B. Lindgren (Roughing, 2 min)"
E03229,2024-G33,3,"PENALTY 18:50 PSU #4 H. Yakimov (Too Many Men, 2 min)"
E03230,2024-G33,3,TAKEAWAY 18:25 MICH #18 H. Okafor
E03231,2024-G33,3,SHOT 18:16 MICH #44 Z. Vandenberg
E03232,2024-G33,3,SHOT 17:45 PSU #29 G. Jarvis
E03233,2024-G33,3,"GOAL 17:16 MICH #19 B. Lindgren (A: #23 M. Boychuk, #11 D. Ochoa) [EV]"
E03234,2024-G33,3,HIT 17:03 PSU  #31 C. Ostberg
E03235,2024-G33,3,SHOT 16:24 PSU #38 P. Halvorson
E03236,2024-G33,3,SHOT 16:13 PSU #38 L. Lachance
E03237,2024-G33,3,BLOCK 15:43 PSU #16 T. Quill
E03238,2024-G33,3,SHOT 15:38 PSU #13 H. Lachance
E03239,2024-G33,3,BLOCK 15:21 PSU #2 P. Fitzpatrick
E03240,2024-G33,3,HIT 15:13 MICH  #4 J. Ferris
E03241,2024-G33,3,  SHOT 14:59 MICH #21 W. Achterberg
E03242,2024-G33,3,HIT 14:34 PSU #25 A. Ostberg  
E03243,2024-G33,3,SHOT 14:12 MICH #17 T. Brennan
E03244,2024-G33,3,SHOT 14:01 PSU #11 R. Beauchamp
E03245,2024-G33,3,SHOT 12:45 MICH #29 J. Teodoro
E03246,2024-G33,3,HIT 12:15 PSU #10 T. Rasmussen
E03247,2024-G33,3,BLOCK 11:43 MICH  #24 V. Sepp
E03248,2024-G33,3,SHOT 11:22 PSU #18 W. Peterson
E03249,2024-G33,3,SHOT 11:10 PSU #8 D. Jarvis
E03250,2024-G33,3,SHOT 10:15 PSU #19 T. Halvorson
E03251,2024-G33,3,BLOCK 9:49 MICH #17 T. Brennan
E03252,2024-G33,3,SHOT 09:09 MICH #28 M. Halloran
E03253,2024-G33,3,BLOCK 08:30 PSU #30 M. Fitzpatrick
E03254,2024-G33,3,BLOCK 08:07 PSU  #17 M. Quill
E03255,2024-G33,3,HIT 7:54 PSU #2 G. Rasmussen
E03256,2024-G33,3,HIT 07:27 PSU #3 J. Kuznetsov
E03257,2024-G33,3,GOAL 07:26 PSU #14 T. Cormier (A: #11 J. Eklund) [PP]
E03258,2024-G33,3,SHOT 06:28 PSU #18 F. Beauchamp
E03259,2024-G33,3,HIT 05:50 PSU #18 M. Ostberg
E03260,2024-G33,3,HIT 04:50 MICH  #27 T. Ilves
E03261,2024-G33,3,SHOT 04:25 PSU #2 E. Whelan
E03262,2024-G33,3,SHOT 3:17 MICH #19 B. Lindgren
E03263,2024-G33,3,SHOT 02:55 MICH  #26 A. Quintero
E03264,2024-G33,3,SHOT 02:52 MICH #16 K. Nystrom
E03265,2024-G33,3,SHOT 02:07 PSU #15 D. Yakimov
E03266,2024-G33,3,HIT 01:54 MICH #20 G. Pasternak
E03267,2024-G33,3,SHOT 00:22 PSU #25 G. Doyle
E03268,2024-G34,1,SHOT 18:47 OSU #8 T. Gauthier
E03269,2024-G34,1,SHOT 17:59 MICH #22 F. Delacroix
E03270,2024-G34,1,SHOT 17:56 MICH #2 P. Vander-Meer
E03271,2024-G34,1,SHOT 17:54 OSU #27 K. Beauchamp
E03272,2024-G34,1,SHOT 17:15 OSU #2 A. Kuznetsov
E03273,2024-G34,1,SHOT 16:47 MICH #17 T. Brennan
E03274,2024-G34,1,BLOCK 16:21 MICH #23 M. Boychuk
E03275,2024-G34,1,SHOT 14:21 MICH #22 F. Delacroix
E03276,2024-G34,1,HIT 13:45 OSU #21 K. Halvorson
E03277,2024-G34,1,SHOT 13:21 MICH #4 J. Ferris
E03278,2024-G34,1,HIT 12:54 MICH #2 P. Vander-Meer
E03279,2024-G34,1,"GOAL 12:43 MICH #6 L. O'Halloran (A: #23 M. Boychuk, #21 W. Achterberg) [EV]"
E03280,2024-G34,1,  SHOT 12:19 MICH #11 D. Ochoa
E03281,2024-G34,1,SHOT 12:18 OSU #7 G. Kuznetsov
E03282,2024-G34,1,BLOCK 11:25 MICH #10 E. Marchand
E03283,2024-G34,1,BLOCK 11:14 MICH #11 D. Ochoa
E03284,2024-G34,1,"PENALTY 09:22 MICH #12 S. Rutledge (Interference, 2 min)"
E03285,2024-G34,1,HIT 8:36 MICH #9 R. Karr
E03286,2024-G34,1,  SHOT 8:16 MICH #9 R. Karr
E03287,2024-G34,1,BLOCK 7:40 MICH #29 J. Teodoro
E03288,2024-G34,1,HIT 7:25 MICH #6 L. O'Halloran
E03289,2024-G34,1,BLOCK 07:01 MICH #24 V. Sepp
E03290,2024-G34,1,SHOT 06:59 OSU  #31 B. Quill
E03291,2024-G34,1,HIT 6:53 MICH #24 V. Sepp
E03292,2024-G34,1,HIT 06:47 OSU  #23 D. Alderson
E03293,2024-G34,1,HIT 6:24 MICH  #23 M. Boychuk
E03294,2024-G34,1,SHOT 05:56 OSU #20 R. Yakimov
E03295,2024-G34,1,SHOT 05:39 MICH #20 G. Pasternak
E03296,2024-G34,1,HIT 5:16 MICH #4 J. Ferris
E03297,2024-G34,1,SHOT 04:19 OSU #29 G. Ives
E03298,2024-G34,1,"GOAL 2:32 MICH #14 C. Wiegand (A: #17 T. Brennan, #9 R. Karr) [PP]"
E03299,2024-G34,1,SHOT 1:57 OSU #4 S. Maloney
E03300,2024-G34,1,HIT 1:56 MICH #17 T. Brennan
E03301,2024-G34,1,SHOT 01:51 OSU #36 E. Thibault
E03302,2024-G34,1,SHOT 01:29 OSU #6 V. Fitzpatrick
E03303,2024-G34,1,"PENALTY 0:45 OSU #3 V. Thibault (Hooking, 2 min)"
E03304,2024-G34,1,SHOT 0:27 OSU #26 D. Thibault
E03305,2024-G34,1,HIT 0:20 OSU #29 D. Cormier
E03306,2024-G34,2,"GOAL 19:48 OSU #18 C. Vasquez (A: #26 C. Lachance, #34 M. Peterson) [EV]"
E03307,2024-G34,2,HIT 19:00 MICH #6 L. O'Halloran  
E03308,2024-G34,2,HIT 18:52 MICH #4 J. Ferris
E03309,2024-G34,2,SHOT 16:53 MICH #8 R. St. Pierre
E03310,2024-G34,2,"GOAL 16:43 OSU #37 T. Nilsson (A: #12 K. Cormier, #6 J. Doyle) [EV]"
E03311,2024-G34,2,SHOT 16:35 MICH #26 A. Quintero
E03312,2024-G34,2,  SHOT 16:22 OSU #15 D. Beauchamp
E03313,2024-G34,2,SHOT 16:01 MICH #25 O. Brightwater  
E03314,2024-G34,2,SHOT 15:35 MICH #6 L. O'Halloran
E03315,2024-G34,2,  HIT 15:33 MICH #27 T. Ilves
E03316,2024-G34,2,SHOT 14:47 MICH #10 E. Marchand
E03317,2024-G34,2,SHOT 14:33 MICH #29 J. Teodoro
E03318,2024-G34,2,SHOT 13:28 MICH  #28 M. Halloran
E03319,2024-G34,2,TAKEAWAY 13:26 MICH #25 O. Brightwater
E03320,2024-G34,2,BLOCK 12:22 MICH #8 R. St. Pierre
E03321,2024-G34,2,GOAL 11:40 OSU #28 K. Thibault (A: #37 N. Yakimov) [EV]
E03322,2024-G34,2,"PENALTY 11:18 MICH #8 R. St. Pierre (Cross-checking, 2 min)"
E03323,2024-G34,2,SHOT 11:02 MICH #2 P. Vander-Meer
E03324,2024-G34,2,GOAL 10:55 OSU #14 G. Ives (unassisted) [PP]
E03325,2024-G34,2,SHOT 10:04 MICH #11 D. Ochoa
E03326,2024-G34,2,SHOT 9:58 MICH  #44 Z. Vandenberg
E03327,2024-G34,2,SHOT 09:57 MICH #18 H. Okafor
E03328,2024-G34,2,BLOCK 09:44 OSU #3 W. Cormier
E03329,2024-G34,2,HIT 09:42 MICH #24 V. Sepp
E03330,2024-G34,2,SHOT 9:26 MICH #8 R. St. Pierre
E03331,2024-G34,2,"GOAL 7:44 MICH #21 W. Achterberg (A: #18 H. Okafor, #6 L. O'Halloran) [EV]"
E03332,2024-G34,2,BLOCK 07:19 MICH #2 P. Vander-Meer
E03333,2024-G34,2,SHOT 07:12 OSU #22 G. Whelan
E03334,2024-G34,2,SHOT 06:44 OSU #8 S. Whelan
E03335,2024-G34,2,  SHOT 5:42 OSU #21 D. Rasmussen
E03336,2024-G34,2,SHOT 5:38 OSU #10 N. Kuznetsov
E03337,2024-G34,2,HIT 05:28 MICH  #24 V. Sepp
E03338,2024-G34,2,SHOT 4:56 OSU #23 V. Nilsson
E03339,2024-G34,2,GOAL 04:25 MICH #17 T. Brennan (unassisted) [EV]
E03340,2024-G34,2,BLOCK 4:15 OSU #22 R. Gauthier
E03341,2024-G34,2,SHOT 03:06 OSU #35 T. Peterson
E03342,2024-G34,2,SHOT 02:17 OSU #39 F. Halvorson
E03343,2024-G34,2,SHOT 01:20 OSU #21 J. Underwood  
E03344,2024-G34,2,SHOT 0:20 OSU #24 K. Yakimov
E03345,2024-G34,3,SHOT 19:50 MICH #4 J. Ferris
E03346,2024-G34,3,SHOT 18:59 MICH #22 F. Delacroix
E03347,2024-G34,3,HIT 18:58 OSU #36 T. Thibault
E03348,2024-G34,3,SHOT 18:06 MICH #2 P. Vander-Meer
E03349,2024-G34,3,"PENALTY 17:57 OSU #33 J. Halvorson (Cross-checking, 2 min)"
E03350,2024-G34,3,SHOT 17:52 MICH #10 E. Marchand
E03351,2024-G34,3,SHOT 17:14 OSU #36 N. Maloney
E03352,2024-G34,3,"  GOAL 16:47 OSU #17 B. Cormier (A: #29 G. Ostberg, #22 L. Rasmussen) [EN]"
E03353,2024-G34,3,SHOT 16:17 MICH #18 H. Okafor
E03354,2024-G34,3,HIT 15:50 MICH #22 F. Delacroix
E03355,2024-G34,3,SHOT 14:47 OSU #5 C. Underwood
E03356,2024-G34,3,SHOT 14:35 MICH #29 J. Teodoro
E03357,2024-G34,3,SHOT 13:28 OSU #3 V. Alderson
E03358,2024-G34,3,HIT 12:49 MICH #22 F. Delacroix
E03359,2024-G34,3,HIT 12:47 MICH #14 C. Wiegand
E03360,2024-G34,3,"PENALTY 11:47 OSU #19 D. Cormier (Cross-checking, 2 min)"
E03361,2024-G34,3,BLOCK 10:54 OSU #34 D. Savard
E03362,2024-G34,3,SHOT 10:52 OSU #17 S. Whelan
E03363,2024-G34,3,SHOT 10:48 OSU #23 L. Doyle
E03364,2024-G34,3,SHOT 09:46 MICH #11 D. Ochoa  
E03365,2024-G34,3,SHOT 9:39 OSU #9 T. Cormier
E03366,2024-G34,3,SHOT 09:02 MICH #19 B. Lindgren
E03367,2024-G34,3,SHOT 7:17 MICH #23 M. Boychuk
E03368,2024-G34,3,SHOT 07:09 OSU #8 W. Yakimov
E03369,2024-G34,3,SHOT 06:32 MICH #11 D. Ochoa
E03370,2024-G34,3,"PENALTY 05:47 OSU #20 A. Cormier (Hooking, 2 min)"
E03371,2024-G34,3,SHOT 05:46 OSU #19 M. Jarvis
E03372,2024-G34,3,SHOT 05:08 MICH #28 M. Halloran  
E03373,2024-G34,3,SHOT 04:51 OSU #5 H. Beauchamp
E03374,2024-G34,3,"GOAL 04:16 OSU #11 E. Maloney (A: #32 W. Nilsson, #1 T. Ives) [EV]"
E03375,2024-G34,3,SHOT 03:58 OSU #31 V. Beauchamp
E03376,2024-G34,3,BLOCK 03:14 MICH #28 M. Halloran
E03377,2024-G34,3,TAKEAWAY 02:49 MICH #20 G. Pasternak
E03378,2024-G34,3,BLOCK 02:33 MICH #23 M. Boychuk
E03379,2024-G34,3,"PENALTY 02:13 OSU #18 F. Eklund (Tripping, 2 min)"
E03380,2024-G34,3,SHOT 1:30 OSU #37 B. Halvorson
E03381,2024-G34,3,SHOT 0:22 OSU #35 D. Yakimov
E03382,2024-G35,1,HIT 19:47 WISC  #23 J. Lachance
E03383,2024-G35,1,SHOT 19:43 WISC #8 W. Halvorson
E03384,2024-G35,1,"GOAL 19:42 WISC #31 P. Ostberg (A: #10 T. Kuznetsov, #38 J. Thibault) [EV]"
E03385,2024-G35,1,  HIT 18:42 MICH #14 C. Wiegand
E03386,2024-G35,1,SHOT 17:45 WISC #12 P. Alderson
E03387,2024-G35,1,SHOT 17:41 MICH #9 R. Karr
E03388,2024-G35,1,HIT 16:59 MICH #20 G. Pasternak
E03389,2024-G35,1,HIT 15:03 WISC #23 D. Halvorson
E03390,2024-G35,1,SHOT 14:02 MICH #29 J. Teodoro
E03391,2024-G35,1,TAKEAWAY 14:01 MICH #25 O. Brightwater
E03392,2024-G35,1,"PENALTY 12:56 WISC #9 L. Underwood (Contact to the Head, 5 min)"
E03393,2024-G35,1,SHOT 11:40 WISC #2 R. Rasmussen
E03394,2024-G35,1,SHOT 11:27 MICH #18 H. Okafor
E03395,2024-G35,1,"  PENALTY 11:21 WISC #7 M. Thibault (Interference, 2 min)"
E03396,2024-G35,1,HIT 11:20 MICH  #6 L. O'Halloran
E03397,2024-G35,1,SHOT 11:14 WISC #35 C. Gauthier
E03398,2024-G35,1,BLOCK 10:48 WISC #20 P. Alderson
E03399,2024-G35,1,BLOCK 10:35 WISC #34 V. Peterson
E03400,2024-G35,1,SHOT 10:12 WISC #21 L. Alderson
E03401,2024-G35,1,HIT 10:09 WISC #31 H. Ostberg
E03402,2024-G35,1,TAKEAWAY 9:49 MICH #4 J. Ferris
E03403,2024-G35,1,SHOT 08:56 MICH #4 J. Ferris
E03404,2024-G35,1,"PENALTY 08:54 MICH #44 Z. Vandenberg (Hooking, 2 min)"
E03405,2024-G35,1,SHOT 8:49 WISC #39 W. Vasquez
E03406,2024-G35,1,SHOT 08:26 WISC #5 D. Vasquez
E03407,2024-G35,1,  TAKEAWAY 07:43 MICH #14 C. Wiegand
E03408,2024-G35,1,BLOCK 06:44 MICH #16 K. Nystrom
E03409,2024-G35,1,SHOT 5:55 WISC #10 R. Quill
E03410,2024-G35,1,BLOCK 05:04 WISC #33 V. Rasmussen
E03411,2024-G35,1,BLOCK 04:58 MICH  #10 E. Marchand
E03412,2024-G35,1,SHOT 04:44 WISC #5 F. Gauthier
E03413,2024-G35,1,BLOCK 04:35 MICH #44 Z. Vandenberg
E03414,2024-G35,1,BLOCK 04:21 MICH #16 K. Nystrom
E03415,2024-G35,1,BLOCK 03:55 MICH #20 G. Pasternak
E03416,2024-G35,1,HIT 3:37 WISC #20 K. Kuznetsov
E03417,2024-G35,1,SHOT 01:32 WISC #28 V. Cormier
E03418,2024-G35,2,SHOT 19:08 MICH #6 L. O'Halloran
E03419,2024-G35,2,HIT 18:44 WISC #21 A. Underwood
E03420,2024-G35,2,GOAL 18:14 WISC #11 M. Kuznetsov (A: #12 F. Jarvis) [EV]
E03421,2024-G35,2,BLOCK 14:33 WISC #34 C. Quill
E03422,2024-G35,2,HIT 14:13 WISC #4 W. Fitzpatrick
E03423,2024-G35,2,SHOT 14:06 WISC #16 G. Vasquez
E03424,2024-G35,2,"PENALTY 13:37 MICH #44 Z. Vandenberg (Slashing, 2 min)"
E03425,2024-G35,2,"GOAL 12:44 MICH #11 D. Ochoa (A: #9 R. Karr, #6 L. O'Halloran) [PP]"
E03426,2024-G35,2,"PENALTY 12:26 MICH #28 M. Halloran (Slashing, 2 min)"
E03427,2024-G35,2,SHOT 11:32 MICH #27 T. Ilves  
E03428,2024-G35,2,HIT 11:07 MICH #20 G. Pasternak
E03429,2024-G35,2,SHOT 10:33 MICH #14 C. Wiegand
E03430,2024-G35,2,HIT 08:31 WISC #31 B. Halvorson
E03431,2024-G35,2,"PENALTY 8:21 WISC  #21 M. Halvorson (Slashing, 2 min)"
E03432,2024-G35,2,SHOT 07:42 MICH #4 J. Ferris
E03433,2024-G35,2,BLOCK 6:53 MICH #18 H. Okafor
E03434,2024-G35,2,"GOAL 06:38 MICH #10 E. Marchand (A: #11 D. Ochoa, #26 A. Quintero) [SH]"
E03435,2024-G35,2,BLOCK 06:35 WISC #16 W. Alderson  
E03436,2024-G35,2,BLOCK 6:13 MICH #20 G. Pasternak
E03437,2024-G35,2,SHOT 05:59 WISC #8 S. Vasquez
E03438,2024-G35,2,GOAL 5:53 WISC #15 E. Peterson (unassisted) [PP]
E03439,2024-G35,2,SHOT 5:29 WISC #3 C. Underwood
E03440,2024-G35,2,SHOT 05:24 MICH #23 M. Boychuk
E03441,2024-G35,2,SHOT 05:21 MICH #12 S. Rutledge
E03442,2024-G35,2,HIT 05:17 WISC #12 G. Rasmussen
E03443,2024-G35,2,  HIT 04:58 WISC #8 B. Yakimov
E03444,2024-G35,2,  SHOT 04:29 MICH #27 T. Ilves
E03445,2024-G35,2,SHOT 04:19 MICH #9 R. Karr
E03446,2024-G35,2,SHOT 04:15 MICH #22 F. Delacroix
E03447,2024-G35,2,"GOAL 03:01 WISC #4 W. Thibault (A: #32 R. Gauthier, #36 P. Gauthier) [PP]  "
E03448,2024-G35,2,SHOT 02:46 MICH #26 A. Quintero
E03449,2024-G35,2,SHOT 02:44 MICH #27 T. Ilves
E03450,2024-G35,2,GOAL 02:34 MICH #9 R. Karr (A: #2 P. Vander-Meer) [EV]
E03451,2024-G35,2,BLOCK 01:18 MICH #11 D. Ochoa
E03452,2024-G35,2,SHOT 00:52 WISC #2 M. Cormier  
E03453,2024-G35,3,SHOT 19:49 WISC #37 B. Quill
E03454,2024-G35,3,HIT 19:16 MICH #17 T. Brennan
E03455,2024-G35,3,BLOCK 19:10 MICH #18 H. Okafor
E03456,2024-G35,3,"PENALTY 18:08 MICH #10 E. Marchand (Too Many Men, 2 min)"
E03457,2024-G35,3,BLOCK 17:29 WISC #23 W. Cormier
E03458,2024-G35,3,HIT 17:04 WISC #12 M. Cormier  
E03459,2024-G35,3,  GOAL 16:57 WISC #7 H. Yakimov (A: #38 L. Yakimov) [EV]
E03460,2024-G35,3,BLOCK 15:13 WISC #37 B. Ives  
E03461,2024-G35,3,BLOCK 13:22 MICH #44 Z. Vandenberg
E03462,2024-G35,3,HIT 13:21 WISC #18 P. Quill
E03463,2024-G35,3,SHOT 12:57 WISC #3 L. Maloney
E03464,2024-G35,3,SHOT 11:57 WISC  #16 N. Yakimov
E03465,2024-G35,3,SHOT 11:27 WISC #8 P. Jarvis
E03466,2024-G35,3,SHOT 10:44 MICH #14 C. Wiegand  
E03467,2024-G35,3,SHOT 09:43 MICH #25 O. Brightwater
E03468,2024-G35,3,"PENALTY 08:49 MICH #22 F. Delacroix (Interference, 2 min)"
E03469,2024-G35,3,GOAL 8:43 WISC #9 S. Gauthier (A: #14 P. Kuznetsov) [EV]  
E03470,2024-G35,3,TAKEAWAY 07:50 WISC #36 K. Underwood
E03471,2024-G35,3,BLOCK 07:29 WISC #1 M. Quill  
E03472,2024-G35,3,BLOCK 06:59 WISC #22 N. Vasquez
E03473,2024-G35,3,"PENALTY 6:34 MICH #24 V. Sepp (Interference, 2 min)"
E03474,2024-G35,3,SHOT 06:14 MICH #12 S. Rutledge
E03475,2024-G35,3,SHOT 06:04 MICH #4 J. Ferris
E03476,2024-G35,3,BLOCK 05:40 MICH #25 O. Brightwater
E03477,2024-G35,3,HIT 04:00 MICH #6 L. O'Halloran
E03478,2024-G35,3,SHOT 03:23 WISC #2 H. Peterson
E03479,2024-G35,3,BLOCK 02:59 MICH #24 V. Sepp
E03480,2024-G35,3,SHOT 02:21 WISC #31 D. Yakimov
E03481,2024-G35,3,BLOCK 01:15 MICH #10 E. Marchand
E03482,2024-G36,1,HIT 19:47 PSU #27 B. Yakimov
E03483,2024-G36,1,BLOCK 19:01 PSU #10 V. Lachance
E03484,2024-G36,1,"PENALTY 17:05 MICH #25 O. Brightwater (Cross-checking, 2 min)"
E03485,2024-G36,1,SHOT 16:48 PSU #3 B. Vasquez
E03486,2024-G36,1,SHOT 16:39 MICH #14 C. Wiegand
E03487,2024-G36,1,SHOT 15:46 MICH #24 V. Sepp  
E03488,2024-G36,1,HIT 15:34 MICH #28 M. Halloran
E03489,2024-G36,1,SHOT 15:29 MICH #28 M. Halloran
E03490,2024-G36,1,HIT 13:23 PSU #14 D. Jarvis  
E03491,2024-G36,1,BLOCK 13:02 MICH #21 W. Achterberg
E03492,2024-G36,1,SHOT 12:30 MICH #10 E. Marchand
E03493,2024-G36,1,SHOT 12:17 PSU #4 W. Halvorson
E03494,2024-G36,1,SHOT 12:00 MICH #26 A. Quintero
E03495,2024-G36,1,HIT 11:43 PSU #11 F. Lachance
E03496,2024-G36,1,HIT 11:07 PSU #37 R. Peterson
E03497,2024-G36,1,SHOT 10:44 MICH #20 G. Pasternak
E03498,2024-G36,1,"PENALTY 09:23 MICH  #26 A. Quintero (Interference, 2 min)"
E03499,2024-G36,1,HIT 9:21 MICH #16 K. Nystrom
E03500,2024-G36,1,SHOT 09:11 MICH #25 O. Brightwater
E03501,2024-G36,1,SHOT 08:43 MICH #44 Z. Vandenberg
E03502,2024-G36,1,SHOT 08:09 PSU #34 S. Kuznetsov
E03503,2024-G36,1,BLOCK 07:53 MICH #26 A. Quintero
E03504,2024-G36,1,SHOT 07:37 PSU #19 N. Alderson
E03505,2024-G36,1,SHOT 06:34 PSU #9 T. Gauthier
E03506,2024-G36,1,"GOAL 6:11 MICH #20 G. Pasternak (A: #28 M. Halloran, #11 D. Ochoa) [EV]"
E03507,2024-G36,1,BLOCK 05:44 MICH #21 W. Achterberg
E03508,2024-G36,1,SHOT 03:17 PSU #36 J. Eklund
E03509,2024-G36,1,SHOT 3:06 PSU #3 N. Ostberg
E03510,2024-G36,1,HIT 03:01 PSU #28 C. Eklund
E03511,2024-G36,1,BLOCK 2:24 PSU #26 N. Whelan
E03512,2024-G36,1,SHOT 00:39 PSU #28 B. Beauchamp
E03513,2024-G36,1,TAKEAWAY 00:21 MICH #9 R. Karr
E03514,2024-G36,1,SHOT 00:12 PSU #23 G. Underwood
E03515,2024-G36,2,SHOT 19:15 MICH #10 E. Marchand
E03516,2024-G36,2,HIT 18:00 PSU #30 A. Gauthier
E03517,2024-G36,2,HIT 16:29 MICH #8 R. St. Pierre
E03518,2024-G36,2,SHOT 16:23 MICH #26 A. Quintero
E03519,2024-G36,2,  HIT 16:17 MICH #20 G. Pasternak
E03520,2024-G36,2,SHOT 16:12 PSU #38 N. Fitzpatrick
E03521,2024-G36,2,"PENALTY 15:16 MICH #24 V. Sepp (Roughing, 2 min)"
E03522,2024-G36,2,HIT 15:01 PSU #10 F. Rasmussen
E03523,2024-G36,2,SHOT 14:55 PSU #38 W. Maloney
E03524,2024-G36,2,SHOT 14:07 MICH #10 E. Marchand
E03525,2024-G36,2,TAKEAWAY 13:53 MICH #14 C. Wiegand
E03526,2024-G36,2,HIT 13:25 MICH #21 W. Achterberg  
E03527,2024-G36,2,HIT 12:13 MICH  #8 R. St. Pierre
E03528,2024-G36,2,BLOCK 11:48 PSU #9 F. Lachance
E03529,2024-G36,2,BLOCK 11:14 PSU #19 F. Rasmussen  
E03530,2024-G36,2,SHOT 10:52 PSU #27 T. Savard
E03531,2024-G36,2,HIT 10:31 PSU #24 E. Quill
E03532,2024-G36,2,BLOCK 9:59 MICH #21 W. Achterberg
E03533,2024-G36,2,SHOT 09:03 MICH #22 F. Delacroix
E03534,2024-G36,2,BLOCK 08:34 MICH #6 L. O'Halloran
E03535,2024-G36,2,SHOT 08:10 MICH #24 V. Sepp
E03536,2024-G36,2,SHOT 8:00 MICH #14 C. Wiegand
E03537,2024-G36,2,"PENALTY 7:48 PSU #32 G. Halvorson (Cross-checking, 2 min)"
E03538,2024-G36,2,SHOT 07:38 PSU #35 N. Lachance
E03539,2024-G36,2,  SHOT 07:33 PSU #21 C. Rasmussen
E03540,2024-G36,2,SHOT 7:28 PSU #37 B. Maloney
E03541,2024-G36,2,"PENALTY 06:18 PSU #13 H. Cormier (High-sticking, 2 min)"
E03542,2024-G36,2,SHOT 5:45 MICH #17 T. Brennan
E03543,2024-G36,2,"PENALTY 5:17 PSU #37 D. Jarvis (Tripping, 2 min)"
E03544,2024-G36,2,"PENALTY 04:41 PSU #3 F. Quill (Holding, 2 min)"
E03545,2024-G36,2,BLOCK 03:11 PSU #1 N. Eklund
E03546,2024-G36,2,SHOT 1:20 PSU #30 K. Eklund
E03547,2024-G36,3,SHOT 19:07 MICH #28 M. Halloran
E03548,2024-G36,3,  SHOT 18:54 PSU #3 F. Ostberg
E03549,2024-G36,3,SHOT 18:51 MICH #6 L. O'Halloran
E03550,2024-G36,3,BLOCK 18:39 PSU #19 F. Nilsson
E03551,2024-G36,3,BLOCK 18:28 PSU #14 N. Thibault
E03552,2024-G36,3,HIT 17:21 PSU #38 S. Underwood
E03553,2024-G36,3,HIT 17:02 MICH #9 R. Karr
E03554,2024-G36,3,SHOT 14:35 MICH #29 J. Teodoro
E03555,2024-G36,3,HIT 14:09 PSU #3 L. Beauchamp
E03556,2024-G36,3,HIT 13:54 MICH #8 R. St. Pierre
E03557,2024-G36,3,SHOT 13:44 MICH #19 B. Lindgren
E03558,2024-G36,3,HIT 13:40 MICH #16 K. Nystrom
E03559,2024-G36,3,  BLOCK 12:34 MICH #16 K. Nystrom
E03560,2024-G36,3,HIT 10:04 MICH #2 P. Vander-Meer
E03561,2024-G36,3,BLOCK 9:56 MICH #2 P. Vander-Meer
E03562,2024-G36,3,SHOT 9:15 MICH #26 A. Quintero
E03563,2024-G36,3,BLOCK 06:14 MICH #12 S. Rutledge
E03564,2024-G36,3,  SHOT 6:05 MICH #21 W. Achterberg
E03565,2024-G36,3,SHOT 05:39 MICH #2 P. Vander-Meer
E03566,2024-G36,3,SHOT 4:39 MICH #26 A. Quintero
E03567,2024-G36,3,SHOT 01:20 MICH #29 J. Teodoro
E03568,2024-G36,3,SHOT 1:05 MICH #27 T. Ilves
E03569,2024-G36,3,SHOT 0:57 PSU #5 N. Gauthier
E03570,2024-G36,3,SHOT 00:53 PSU #12 K. Lachance
E03571,2024-G36,3,BLOCK 00:45 PSU #17 A. Ives
E03572,2024-G36,3,BLOCK 00:39 PSU #33 A. Ostberg
E03573,2024-G36,3,SHOT 00:32 PSU #18 T. Maloney
E03574,2024-G36,3,"  PENALTY 0:27 PSU #15 L. Ostberg (Contact to the Head, 5 min)"
E03575,2024-G37,1,SHOT 18:44 MICH #29 J. Teodoro
E03576,2024-G37,1,GOAL 18:31 MICH #26 A. Quintero (A: #10 E. Marchand) [PP]
E03577,2024-G37,1,SHOT 16:22 MICH #44 Z. Vandenberg
E03578,2024-G37,1,SHOT 15:24 MICH #17 T. Brennan
E03579,2024-G37,1,HIT 15:03 MICH #21 W. Achterberg
E03580,2024-G37,1,"GOAL 12:15 NIAG #24 L. Savard (A: #25 C. Whelan, #32 F. Jarvis) [EV]"
E03581,2024-G37,1,"PENALTY 12:13 NIAG #1 W. Fitzpatrick (Hooking, 2 min)"
E03582,2024-G37,1,"PENALTY 11:53 MICH #24 V. Sepp (Boarding, 5 min)"
E03583,2024-G37,1,SHOT 11:07 MICH #26 A. Quintero
E03584,2024-G37,1,SHOT 10:32 NIAG #35 K. Whelan
E03585,2024-G37,1,SHOT 10:05 NIAG #16 J. Peterson
E03586,2024-G37,1,SHOT 9:55 MICH #8 R. St. Pierre  
E03587,2024-G37,1,BLOCK 09:50 MICH #4 J. Ferris
E03588,2024-G37,1,BLOCK 09:43 MICH #25 O. Brightwater
E03589,2024-G37,1,HIT 09:13 MICH #14 C. Wiegand
E03590,2024-G37,1,SHOT 8:47 NIAG  #13 E. Fitzpatrick
E03591,2024-G37,1,HIT 06:50 MICH #26 A. Quintero
E03592,2024-G37,1,"PENALTY 06:04 NIAG #10 F. Peterson (Delay of Game, 2 min)"
E03593,2024-G37,1,SHOT 05:31 NIAG #17 B. Maloney
E03594,2024-G37,1,SHOT 05:27 MICH #20 G. Pasternak
E03595,2024-G37,1,SHOT 5:08 NIAG #14 V. Nilsson
E03596,2024-G37,1,SHOT 04:56 NIAG #21 H. Vasquez
E03597,2024-G37,1,SHOT 04:23 NIAG #1 C. Savard
E03598,2024-G37,1,HIT 3:37 NIAG #25 G. Maloney
E03599,2024-G37,1,BLOCK 02:36 MICH #23 M. Boychuk  
E03600,2024-G37,1,SHOT 02:24 MICH #9 R. Karr
E03601,2024-G37,1,TAKEAWAY 01:18 NIAG #38 E. Fitzpatrick
E03602,2024-G37,1,"PENALTY 01:16 MICH #28 M. Halloran (High-sticking, 2 min)"
E03603,2024-G37,1,SHOT 1:06 MICH #18 H. Okafor
E03604,2024-G37,1,"PENALTY 00:57 MICH #26 A. Quintero (Delay of Game, 2 min)"
E03605,2024-G37,1,SHOT 0:45 NIAG #11 C. Alderson
E03606,2024-G37,1,SHOT 0:32 MICH #20 G. Pasternak  
E03607,2024-G37,1,HIT 0:16 MICH #18 H. Okafor
E03608,2024-G37,2,SHOT 17:43 MICH #11 D. Ochoa
E03609,2024-G37,2,"PENALTY 17:42 MICH  #23 M. Boychuk (Roughing, 2 min)"
E03610,2024-G37,2,BLOCK 17:18 NIAG #3 R. Maloney
E03611,2024-G37,2,SHOT 17:16 NIAG  #24 K. Doyle
E03612,2024-G37,2,SHOT 17:01 NIAG #35 F. Eklund
E03613,2024-G37,2,SHOT 16:39 MICH  #23 M. Boychuk
E03614,2024-G37,2,SHOT 15:18 NIAG  #18 P. Halvorson
E03615,2024-G37,2,SHOT 15:01 NIAG #5 R. Ives
E03616,2024-G37,2,SHOT 14:15 MICH #14 C. Wiegand
E03617,2024-G37,2,  GOAL 13:49 MICH #11 D. Ochoa (unassisted) [EV]
E03618,2024-G37,2,SHOT 12:08 NIAG #1 T. Lachance
E03619,2024-G37,2,SHOT 11:05 MICH #9 R. Karr
E03620,2024-G37,2,BLOCK 11:02 MICH #28 M. Halloran
E03621,2024-G37,2,"PENALTY 10:37 NIAG #34 G. Fitzpatrick (Tripping, 2 min)"
E03622,2024-G37,2,SHOT 8:50 NIAG #21 C. Underwood
E03623,2024-G37,2,SHOT 08:34 NIAG #30 K. Gauthier
E03624,2024-G37,2,SHOT 07:12 MICH #19 B. Lindgren
E03625,2024-G37,2,SHOT 06:58 MICH #19 B. Lindgren
E03626,2024-G37,2,SHOT 06:48 NIAG #26 D. Jarvis
E03627,2024-G37,2,SHOT 06:27 MICH #12 S. Rutledge
E03628,2024-G37,2,HIT 5:15 NIAG #17 M. Ostberg
E03629,2024-G37,2,HIT 3:42 NIAG #10 P. Peterson
E03630,2024-G37,2,TAKEAWAY 3:38 NIAG #28 J. Eklund  
E03631,2024-G37,2,SHOT 03:37 NIAG #13 B. Eklund
E03632,2024-G37,2,SHOT 3:34 NIAG #27 H. Alderson
E03633,2024-G37,2,SHOT 03:07 MICH #14 C. Wiegand
E03634,2024-G37,2,"PENALTY 2:43 MICH #6 L. O'Halloran (Roughing, 2 min)"
E03635,2024-G37,2,BLOCK 02:29 NIAG #18 C. Quill
E03636,2024-G37,2,SHOT 02:25 MICH #12 S. Rutledge
E03637,2024-G37,2,SHOT 01:11 NIAG #8 M. Kuznetsov
E03638,2024-G37,2,SHOT 00:47 NIAG #7 V. Whelan
E03639,2024-G37,2,HIT 0:20 MICH #17 T. Brennan
E03640,2024-G37,3,"PENALTY 19:37 MICH #27 T. Ilves (Interference, 2 min)"
E03641,2024-G37,3,SHOT 17:31 MICH #20 G. Pasternak
E03642,2024-G37,3,SHOT 16:10 NIAG #25 R. Gauthier  
E03643,2024-G37,3,SHOT 16:00 MICH #17 T. Brennan
E03644,2024-G37,3,  HIT 15:41 NIAG #26 M. Halvorson
E03645,2024-G37,3,BLOCK 15:32 NIAG #21 P. Yakimov
E03646,2024-G37,3,HIT 14:35 MICH #24 V. Sepp  
E03647,2024-G37,3,HIT 14:06 MICH #22 F. Delacroix
E03648,2024-G37,3,SHOT 13:58 MICH #19 B. Lindgren
E03649,2024-G37,3,"PENALTY 13:49 NIAG #13 P. Eklund (Delay of Game, 2 min)"
E03650,2024-G37,3,GOAL 13:36 MICH #20 G. Pasternak (A: #6 L. O'Halloran) [EV]
E03651,2024-G37,3,BLOCK 12:16 MICH #20 G. Pasternak
E03652,2024-G37,3,SHOT 12:00 NIAG #24 S. Thibault
E03653,2024-G37,3,SHOT 11:41 NIAG #27 P. Quill
E03654,2024-G37,3,SHOT 10:54 NIAG #12 W. Rasmussen
E03655,2024-G37,3,SHOT 10:47 MICH #20 G. Pasternak
E03656,2024-G37,3,SHOT 10:34 NIAG #27 V. Savard
E03657,2024-G37,3,SHOT 10:22 NIAG #18 M. Whelan
E03658,2024-G37,3,SHOT 10:13 MICH #16 K. Nystrom
E03659,2024-G37,3,BLOCK 10:07 MICH #27 T. Ilves
E03660,2024-G37,3,SHOT 9:49 NIAG #1 T. Peterson
E03661,2024-G37,3,SHOT 09:18 NIAG #36 K. Underwood
E03662,2024-G37,3,  SHOT 8:56 NIAG #39 J. Doyle
E03663,2024-G37,3,  SHOT 8:04 MICH #25 O. Brightwater
E03664,2024-G37,3,HIT 07:57 MICH #4 J. Ferris
E03665,2024-G37,3,HIT 07:34 NIAG #20 L. Peterson
E03666,2024-G37,3,  BLOCK 05:52 MICH #4 J. Ferris
E03667,2024-G37,3,HIT 04:29 MICH #25 O. Brightwater
E03668,2024-G37,3,SHOT 4:16 MICH #44 Z. Vandenberg
E03669,2024-G37,3,SHOT 04:11 NIAG #5 H. Savard
E03670,2024-G37,3,SHOT 03:29 NIAG #33 T. Quill  
E03671,2024-G37,3,  HIT 02:04 NIAG #20 B. Lachance
E03672,2024-G37,3,TAKEAWAY 01:55 NIAG #11 A. Gauthier  
E03673,2024-G38,1,SHOT 19:46 MICH #19 B. Lindgren
E03674,2024-G38,1,SHOT 17:14 MSU #3 J. Halvorson
E03675,2024-G38,1,TAKEAWAY 15:39 MICH #17 T. Brennan
E03676,2024-G38,1,"PENALTY 15:19 MSU #38 E. Nilsson (Tripping, 2 min)"
E03677,2024-G38,1,HIT 15:05 MICH #4 J. Ferris
E03678,2024-G38,1,BLOCK 14:28 MSU #29 F. Lachance
E03679,2024-G38,1,SHOT 14:17 MICH #14 C. Wiegand
E03680,2024-G38,1,"PENALTY 13:51 MICH #44 Z. Vandenberg (Tripping, 2 min)"
E03681,2024-G38,1,SHOT 13:27 MSU #36 F. Rasmussen
E03682,2024-G38,1,SHOT 13:25 MSU #38 T. Savard
E03683,2024-G38,1,"PENALTY 12:24 MICH #26 A. Quintero (High-sticking, 2 min)"
E03684,2024-G38,1,SHOT 12:12 MSU #21 A. Fitzpatrick
E03685,2024-G38,1,HIT 11:46 MSU #20 K. Beauchamp
E03686,2024-G38,1,"PENALTY 10:44 MSU #24 V. Jarvis (Slashing, 2 min)"
E03687,2024-G38,1,SHOT 10:39 MICH #10 E. Marchand
E03688,2024-G38,1,SHOT 09:24 MICH #16 K. Nystrom
E03689,2024-G38,1,SHOT 08:38 MSU #37 C. Eklund
E03690,2024-G38,1,SHOT 08:01 MICH #28 M. Halloran
E03691,2024-G38,1,SHOT 7:20 MSU #24 A. Maloney
E03692,2024-G38,1,SHOT 6:46 MSU #18 V. Cormier
E03693,2024-G38,1,"PENALTY 06:45 MSU #11 D. Ives (Cross-checking, 2 min)"
E03694,2024-G38,1,BLOCK 06:31 MSU #20 N. Cormier
E03695,2024-G38,1,BLOCK 06:09 MSU #38 S. Gauthier
E03696,2024-G38,1,SHOT 05:23 MICH #22 F. Delacroix
E03697,2024-G38,1,BLOCK 4:21 MSU #23 F. Doyle
E03698,2024-G38,1,HIT 01:23 MICH #20 G. Pasternak
E03699,2024-G38,1,SHOT 1:21 MICH #9 R. Karr
E03700,2024-G38,1,SHOT 0:53 MICH #24 V. Sepp  
E03701,2024-G38,1,SHOT 00:36 MSU #35 E. Fitzpatrick
E03702,2024-G38,1,"GOAL 00:24 MSU #32 V. Beauchamp (A: #27 J. Halvorson, #20 C. Kuznetsov) [EV]"
E03703,2024-G38,2,SHOT 19:25 MSU #3 G. Doyle
E03704,2024-G38,2,SHOT 19:20 MSU #5 F. Maloney
E03705,2024-G38,2,SHOT 19:19 MICH #17 T. Brennan  
E03706,2024-G38,2,BLOCK 19:08 MSU #13 F. Thibault
E03707,2024-G38,2,SHOT 18:33 MICH #19 B. Lindgren
E03708,2024-G38,2,SHOT 17:51 MICH #4 J. Ferris
E03709,2024-G38,2,SHOT 17:12 MSU #19 W. Underwood
E03710,2024-G38,2,HIT 17:05 MICH #28 M. Halloran
E03711,2024-G38,2,TAKEAWAY 16:34 MSU #1 B. Savard
E03712,2024-G38,2,SHOT 16:31 MICH #44 Z. Vandenberg  
E03713,2024-G38,2,"PENALTY 16:12 MICH #29 J. Teodoro (Tripping, 2 min)"
E03714,2024-G38,2,SHOT 15:14 MICH #22 F. Delacroix
E03715,2024-G38,2,BLOCK 13:44 MSU #23 F. Nilsson
E03716,2024-G38,2,SHOT 12:08 MSU #14 L. Ostberg  
E03717,2024-G38,2,SHOT 11:36 MSU #4 R. Doyle
E03718,2024-G38,2,BLOCK 11:20 MICH  #6 L. O'Halloran
E03719,2024-G38,2,SHOT 10:40 MICH #22 F. Delacroix
E03720,2024-G38,2,TAKEAWAY 10:31 MSU #3 R. Jarvis
E03721,2024-G38,2,  SHOT 10:23 MSU #33 F. Jarvis
E03722,2024-G38,2,HIT 10:18 MSU #7 A. Fitzpatrick
E03723,2024-G38,2,SHOT 09:57 MSU #6 A. Thibault
E03724,2024-G38,2,HIT 8:24 MSU  #12 D. Doyle
E03725,2024-G38,2,  HIT 08:11 MICH #11 D. Ochoa
E03726,2024-G38,2,"PENALTY 07:02 MSU  #34 E. Ives (Interference, 2 min)"
E03727,2024-G38,2,"PENALTY 06:42 MSU #35 C. Kuznetsov (High-sticking, 2 min)"
E03728,2024-G38,2,SHOT 06:16 MSU #34 V. Quill
E03729,2024-G38,2,HIT 06:10 MSU #15 H. Ostberg
E03730,2024-G38,2,SHOT 05:35 MSU #12 R. Yakimov
E03731,2024-G38,2,HIT 05:20 MSU #12 M. Alderson
E03732,2024-G38,2,SHOT 2:24 MSU #23 L. Thibault
E03733,2024-G38,2,BLOCK 01:33 MICH #8 R. St. Pierre
E03734,2024-G38,2,SHOT 1:01 MICH #18 H. Okafor
E03735,2024-G38,2,SHOT 00:59 MSU #2 R. Peterson
E03736,2024-G38,2,HIT 0:46 MICH #17 T. Brennan
E03737,2024-G38,2,HIT 0:41 MSU #6 V. Beauchamp
E03738,2024-G38,3,SHOT 19:42 MSU  #19 S. Vasquez
E03739,2024-G38,3,"PENALTY 19:40 MSU #31 N. Ostberg (Slashing, 2 min)"
E03740,2024-G38,3,"PENALTY 18:52 MSU #21 H. Ives (Delay of Game, 2 min)"
E03741,2024-G38,3,HIT 18:20 MICH #8 R. St. Pierre
E03742,2024-G38,3,SHOT 18:19 MSU #1 V. Savard
E03743,2024-G38,3,SHOT 17:30 MSU #30 P. Rasmussen
E03744,2024-G38,3,BLOCK 17:06 MICH #23 M. Boychuk
E03745,2024-G38,3,SHOT 16:59 MSU #1 M. Maloney
E03746,2024-G38,3,"PENALTY 16:39 MSU #20 P. Fitzpatrick (Cross-checking, 2 min)"
E03747,2024-G38,3,  HIT 16:31 MICH #10 E. Marchand
E03748,2024-G38,3,SHOT 16:12 MICH #6 L. O'Halloran
E03749,2024-G38,3,"PENALTY 15:04 MSU #33 B. Peterson (Holding, 2 min)"
E03750,2024-G38,3,SHOT 14:48 MSU #25 M. Gauthier
E03751,2024-G38,3,SHOT 12:33 MICH #10 E. Marchand
E03752,2024-G38,3,SHOT 12:15 MICH #21 W. Achterberg
E03753,2024-G38,3,"PENALTY 11:40 MSU #28 C. Ostberg (Tripping, 2 min)  "
E03754,2024-G38,3,"PENALTY 11:33 MSU #36 J. Alderson (Hooking, 2 min)"
E03755,2024-G38,3,BLOCK 11:06 MICH #18 H. Okafor
E03756,2024-G38,3,SHOT 10:17 MICH #16 K. Nystrom
E03757,2024-G38,3,BLOCK 10:03 MSU #31 J. Lachance
E03758,2024-G38,3,TAKEAWAY 09:08 MICH #20 G. Pasternak  
E03759,2024-G38,3,HIT 08:49 MICH #26 A. Quintero
E03760,2024-G38,3,SHOT 08:32 MSU #32 R. Beauchamp
E03761,2024-G38,3,BLOCK 08:19 MICH #10 E. Marchand
E03762,2024-G38,3,"PENALTY 07:58 MICH  #26 A. Quintero (Interference, 2 min)"
E03763,2024-G38,3,  SHOT 07:30 MICH #27 T. Ilves
E03764,2024-G38,3,HIT 7:07 MICH #9 R. Karr
E03765,2024-G38,3,BLOCK 5:11 MSU #10 B. Quill
E03766,2024-G38,3,SHOT 4:48 MICH #44 Z. Vandenberg
E03767,2024-G38,3,HIT 4:36 MSU #37 B. Beauchamp
E03768,2024-G38,3,SHOT 04:08 MSU #17 V. Maloney
E03769,2024-G38,3,SHOT 03:55 MSU #1 H. Quill
E03770,2024-G38,3,SHOT 03:39 MICH #28 M. Halloran
E03771,2024-G38,3,TAKEAWAY 3:27 MSU #23 B. Halvorson
E03772,2024-G38,3,SHOT 02:17 MSU #1 B. Underwood
E03773,2024-G38,3,  SHOT 1:18 MSU #8 S. Kuznetsov
E03774,2024-G38,3,BLOCK 00:26 MSU #6 K. Cormier
E03775,2024-G39,1,  HIT 18:25 MICH #6 L. O'Halloran
E03776,2024-G39,1,SHOT 18:10 MICH #29 J. Teodoro
E03777,2024-G39,1,HIT 17:26 NIAG #30 C. Underwood
E03778,2024-G39,1,SHOT 14:05 MICH #29 J. Teodoro
E03779,2024-G39,1,  BLOCK 13:42 NIAG #7 B. Halvorson
E03780,2024-G39,1,SHOT 13:33 NIAG #25 M. Yakimov
E03781,2024-G39,1,SHOT 12:39 MICH #28 M. Halloran
E03782,2024-G39,1,GOAL 12:31 MICH #28 M. Halloran (unassisted) [PP]
E03783,2024-G39,1,SHOT 12:23 MICH #9 R. Karr
E03784,2024-G39,1,SHOT 11:31 NIAG #24 K. Ostberg
E03785,2024-G39,1,SHOT 10:31 NIAG #8 R. Underwood
E03786,2024-G39,1,SHOT 10:30 NIAG #2 A. Doyle
E03787,2024-G39,1,HIT 10:09 MICH #11 D. Ochoa  
E03788,2024-G39,1,SHOT 09:27 NIAG #36 E. Ives
E03789,2024-G39,1,SHOT 09:09 MICH #4 J. Ferris
E03790,2024-G39,1,  SHOT 8:32 MICH #12 S. Rutledge
E03791,2024-G39,1,SHOT 06:50 MICH #10 E. Marchand
E03792,2024-G39,1,TAKEAWAY 05:29 MICH #20 G. Pasternak
E03793,2024-G39,1,"GOAL 04:56 MICH #28 M. Halloran (A: #25 O. Brightwater, #21 W. Achterberg) [EV]"
E03794,2024-G39,1,SHOT 04:35 NIAG #21 C. Nilsson
E03795,2024-G39,1,SHOT 04:14 NIAG #11 F. Jarvis
E03796,2024-G39,1,SHOT 03:31 MICH #16 K. Nystrom
E03797,2024-G39,1,GOAL 02:50 MICH #17 T. Brennan (A: #26 A. Quintero) [EV]
E03798,2024-G39,1,SHOT 2:44 NIAG #31 L. Quill
E03799,2024-G39,1,"PENALTY 02:23 MICH #17 T. Brennan (Delay of Game, 2 min)"
E03800,2024-G39,1,SHOT 00:36 MICH #27 T. Ilves
E03801,2024-G39,2,SHOT 19:51 NIAG #27 M. Whelan
E03802,2024-G39,2,BLOCK 18:09 NIAG #21 C. Thibault
E03803,2024-G39,2,  SHOT 17:59 NIAG #28 N. Kuznetsov
E03804,2024-G39,2,GOAL 17:41 NIAG #31 C. Cormier (A: #14 G. Nilsson) [PP]
E03805,2024-G39,2,HIT 16:54 NIAG #33 A. Lachance
E03806,2024-G39,2,SHOT 16:37 MICH #23 M. Boychuk
E03807,2024-G39,2,SHOT 16:01 NIAG #14 W. Quill
E03808,2024-G39,2,SHOT 15:37 NIAG #28 S. Ives
E03809,2024-G39,2,HIT 13:45 NIAG #23 G. Beauchamp  
E03810,2024-G39,2,SHOT 13:19 NIAG #27 P. Lachance
E03811,2024-G39,2,TAKEAWAY 12:53 MICH #29 J. Teodoro
E03812,2024-G39,2,HIT 12:16 MICH #20 G. Pasternak
E03813,2024-G39,2,SHOT 11:35 MICH #18 H. Okafor
E03814,2024-G39,2,SHOT 11:11 NIAG #14 N. Savard
E03815,2024-G39,2,HIT 11:07 NIAG #19 L. Jarvis
E03816,2024-G39,2,SHOT 10:46 MICH #24 V. Sepp
E03817,2024-G39,2,"PENALTY 10:24 NIAG #30 T. Peterson (Slashing, 2 min)"
E03818,2024-G39,2,SHOT 10:14 MICH #2 P. Vander-Meer
E03819,2024-G39,2,  SHOT 8:45 NIAG #28 H. Gauthier
E03820,2024-G39,2,  HIT 08:34 MICH #2 P. Vander-Meer
E03821,2024-G39,2,SHOT 7:27 MICH #20 G. Pasternak
E03822,2024-G39,2,HIT 7:24 NIAG #26 D. Halvorson
E03823,2024-G39,2,SHOT 6:56 NIAG #35 E. Whelan
E03824,2024-G39,2,"PENALTY 06:54 NIAG #9 E. Fitzpatrick (Contact to the Head, 5 min)  "
E03825,2024-G39,2,BLOCK 06:47 NIAG #6 A. Nilsson
E03826,2024-G39,2,TAKEAWAY 6:27 NIAG #10 E. Gauthier
E03827,2024-G39,2,BLOCK 6:25 NIAG #27 B. Nilsson
E03828,2024-G39,2,SHOT 06:11 MICH #10 E. Marchand
E03829,2024-G39,2,GOAL 5:36 NIAG #28 E. Vasquez (unassisted) [EV]
E03830,2024-G39,2,SHOT 04:57 NIAG #31 P. Underwood
E03831,2024-G39,2,SHOT 04:04 MICH #24 V. Sepp
E03832,2024-G39,2,TAKEAWAY 04:01 NIAG #10 J. Jarvis
E03833,2024-G39,2,SHOT 3:33 MICH #26 A. Quintero
E03834,2024-G39,2,GOAL 02:29 MICH #11 D. Ochoa (unassisted) [PP]
E03835,2024-G39,2,HIT 01:42 NIAG #20 D. Doyle  
E03836,2024-G39,3,  SHOT 19:41 MICH #17 T. Brennan
E03837,2024-G39,3,SHOT 18:41 MICH #24 V. Sepp
E03838,2024-G39,3,SHOT 18:28 MICH #26 A. Quintero  
E03839,2024-G39,3,SHOT 17:54 MICH #19 B. Lindgren
E03840,2024-G39,3,BLOCK 17:40 MICH  #24 V. Sepp
E03841,2024-G39,3,BLOCK 17:06 MICH #18 H. Okafor
E03842,2024-G39,3,SHOT 16:54 MICH #11 D. Ochoa
E03843,2024-G39,3,SHOT 16:22 MICH #19 B. Lindgren
E03844,2024-G39,3,BLOCK 16:21 MICH #10 E. Marchand
E03845,2024-G39,3,  SHOT 15:07 MICH #14 C. Wiegand
E03846,2024-G39,3,SHOT 13:33 MICH #22 F. Delacroix
E03847,2024-G39,3,SHOT 12:50 MICH #12 S. Rutledge
E03848,2024-G39,3,HIT 12:19 NIAG #16 B. Nilsson
E03849,2024-G39,3,SHOT 11:59 NIAG #7 G. Nilsson
E03850,2024-G39,3,"  GOAL 11:42 NIAG #4 A. Yakimov (A: #36 C. Ostberg, #12 K. Lachance) [EV]"
E03851,2024-G39,3,SHOT 11:13 MICH #8 R. St. Pierre
E03852,2024-G39,3,HIT 11:07 NIAG #28 W. Halvorson
E03853,2024-G39,3,  GOAL 09:31 MICH #2 P. Vander-Meer (A: #9 R. Karr) [EV]
E03854,2024-G39,3,BLOCK 9:29 MICH #20 G. Pasternak
E03855,2024-G39,3,SHOT 07:29 MICH #22 F. Delacroix
E03856,2024-G39,3,SHOT 07:28 NIAG #3 V. Fitzpatrick
E03857,2024-G39,3,SHOT 6:55 MICH #17 T. Brennan
E03858,2024-G39,3,SHOT 6:46 MICH #10 E. Marchand
E03859,2024-G39,3,BLOCK 06:32 NIAG #13 M. Yakimov
E03860,2024-G39,3,BLOCK 06:17 NIAG #19 E. Thibault
E03861,2024-G39,3,HIT 06:15 NIAG #21 G. Eklund  
E03862,2024-G39,3,BLOCK 05:54 MICH #9 R. Karr
E03863,2024-G39,3,SHOT 5:23 NIAG #4 V. Eklund
E03864,2024-G39,3,TAKEAWAY 04:32 MICH #22 F. Delacroix
E03865,2024-G39,3,"PENALTY 04:31 NIAG #10 F. Lachance (Tripping, 2 min)"
E03866,2024-G39,3,"GOAL 3:36 MICH #12 S. Rutledge (A: #21 W. Achterberg, #4 J. Ferris) [EV]"
E03867,2024-G39,3,SHOT 3:22 MICH #12 S. Rutledge
E03868,2024-G39,3,SHOT 03:08 MICH #22 F. Delacroix
E03869,2024-G39,3,"  PENALTY 01:48 NIAG #23 M. Rasmussen (Roughing, 2 min)"
E03870,2024-G39,3,  SHOT 1:06 NIAG #15 L. Peterson
E03871,2024-G39,3,SHOT 00:47 MICH #8 R. St. Pierre
E03872,2024-G39,3,GOAL 0:36 MICH #25 O. Brightwater (unassisted) [PP]
E03873,2024-G39,3,  SHOT 00:33 MICH #25 O. Brightwater
E03874,2024-G40,1,  SHOT 19:42 DU #30 B. Eklund
E03875,2024-G40,1,HIT 18:24 MICH #4 J. Ferris  
E03876,2024-G40,1,"PENALTY 16:44 MICH #27 T. Ilves (Hooking, 2 min)"
E03877,2024-G40,1,GOAL 16:08 DU  #1 S. Quill (A: #33 P. Fitzpatrick) [EV]
E03878,2024-G40,1,SHOT 15:58 MICH #27 T. Ilves
E03879,2024-G40,1,SHOT 15:02 MICH #26 A. Quintero  
E03880,2024-G40,1,HIT 14:09 MICH #14 C. Wiegand
E03881,2024-G40,1,SHOT 14:03 MICH #6 L. O'Halloran
E03882,2024-G40,1,HIT 13:01 DU #23 B. Underwood
E03883,2024-G40,1,SHOT 12:48 DU #20 K. Quill
E03884,2024-G40,1,BLOCK 11:52 MICH #12 S. Rutledge
E03885,2024-G40,1,SHOT 11:48 DU #7 B. Ives
E03886,2024-G40,1,SHOT 09:41 DU #6 H. Nilsson  
E03887,2024-G40,1,HIT 8:24 MICH #9 R. Karr
E03888,2024-G40,1,HIT 07:35 DU #28 B. Alderson
E03889,2024-G40,1,SHOT 07:11 MICH #17 T. Brennan
E03890,2024-G40,1,BLOCK 07:08 MICH #16 K. Nystrom
E03891,2024-G40,1,SHOT 06:57 DU #16 C. Jarvis
E03892,2024-G40,1,SHOT 06:18 DU #27 W. Vasquez
E03893,2024-G40,1,"PENALTY 05:42 MICH #44 Z. Vandenberg (Roughing, 2 min)"
E03894,2024-G40,1,"GOAL 5:33 DU #20 P. Beauchamp (A: #29 B. Peterson, #38 A. Doyle) [PP]"
E03895,2024-G40,1,"  PENALTY 04:38 DU #23 C. Lachance (Tripping, 2 min)"
E03896,2024-G40,1,"PENALTY 4:02 MICH #14 C. Wiegand (Interference, 2 min)"
E03897,2024-G40,1,SHOT 03:59 MICH #12 S. Rutledge
E03898,2024-G40,1,HIT 3:54 MICH #23 M. Boychuk
E03899,2024-G40,1,SHOT 03:23 MICH #9 R. Karr  
E03900,2024-G40,1,BLOCK 03:01 DU #22 V. Gauthier  
E03901,2024-G40,1,SHOT 2:47 DU #34 G. Halvorson
E03902,2024-G40,1,"PENALTY 01:09 MICH #12 S. Rutledge (Tripping, 2 min)"
E03903,2024-G40,1,SHOT 00:49 MICH #9 R. Karr
E03904,2024-G40,1,SHOT 00:26 DU #29 L. Yakimov
E03905,2024-G40,1,SHOT 00:21 DU #21 D. Peterson
E03906,2024-G40,1,SHOT 0:15 DU #33 M. Alderson
E03907,2024-G40,2,SHOT 19:37 DU #27 S. Lachance
E03908,2024-G40,2,SHOT 18:57 MICH #9 R. Karr  
E03909,2024-G40,2,HIT 18:39 DU  #19 G. Peterson
E03910,2024-G40,2,SHOT 16:57 MICH #16 K. Nystrom
E03911,2024-G40,2,HIT 16:19 DU #3 W. Maloney
E03912,2024-G40,2,SHOT 16:11 MICH #16 K. Nystrom
E03913,2024-G40,2,HIT 15:08 DU #16 H. Alderson
E03914,2024-G40,2,SHOT 14:22 MICH #44 Z. Vandenberg
E03915,2024-G40,2,SHOT 14:12 MICH #9 R. Karr
E03916,2024-G40,2,"PENALTY 14:06 DU #11 J. Cormier (Interference, 2 min)"
E03917,2024-G40,2,SHOT 13:50 MICH #20 G. Pasternak
E03918,2024-G40,2,SHOT 13:21 DU #32 K. Fitzpatrick
E03919,2024-G40,2,SHOT 12:24 MICH #12 S. Rutledge  
E03920,2024-G40,2,SHOT 10:01 MICH #22 F. Delacroix
E03921,2024-G40,2,SHOT 09:24 MICH  #28 M. Halloran
E03922,2024-G40,2,SHOT 09:14 DU #35 F. Halvorson
E03923,2024-G40,2,SHOT 7:19 MICH #12 S. Rutledge
E03924,2024-G40,2,SHOT 6:44 MICH #24 V. Sepp
E03925,2024-G40,2,HIT 5:41 DU  #35 L. Beauchamp
E03926,2024-G40,2,  SHOT 04:41 DU #3 E. Kuznetsov
E03927,2024-G40,2,TAKEAWAY 04:31 DU  #6 V. Thibault
E03928,2024-G40,2,SHOT 04:13 MICH #28 M. Halloran
E03929,2024-G40,2,HIT 03:53 DU #15 L. Ives
E03930,2024-G40,2,BLOCK 3:52 DU #13 T. Vasquez
E03931,2024-G40,2,SHOT 03:28 MICH #25 O. Brightwater
E03932,2024-G40,2,SHOT 01:19 MICH #17 T. Brennan
E03933,2024-G40,2,HIT 0:49 MICH #44 Z. Vandenberg
E03934,2024-G40,3,SHOT 18:08 MICH #27 T. Ilves
E03935,2024-G40,3,  HIT 15:41 MICH #22 F. Delacroix
E03936,2024-G40,3,HIT 15:28 MICH #24 V. Sepp
E03937,2024-G40,3,SHOT 14:25 MICH #27 T. Ilves
E03938,2024-G40,3,"PENALTY 14:11 MICH #44 Z. Vandenberg (Hooking, 2 min)"
E03939,2024-G40,3,"GOAL 14:08 DU #28 S. Kuznetsov (A: #25 C. Savard, #5 F. Vasquez) [EV]"
E03940,2024-G40,3,BLOCK 11:45 DU #3 V. Peterson
E03941,2024-G40,3,  BLOCK 11:29 DU #15 V. Yakimov
E03942,2024-G40,3,SHOT 11:21 MICH #9 R. Karr
E03943,2024-G40,3,GOAL 11:11 DU #7 S. Thibault (A: #26 N. Ives) [EV]
E03944,2024-G40,3,HIT 10:54 MICH #20 G. Pasternak
E03945,2024-G40,3,"GOAL 10:47 DU #20 N. Underwood (A: #21 L. Quill, #19 W. Cormier) [PP]"
E03946,2024-G40,3,  SHOT 09:35 MICH #17 T. Brennan
E03947,2024-G40,3,"PENALTY 09:20 MICH #22 F. Delacroix (Tripping, 2 min)"
E03948,2024-G40,3,HIT 8:31 DU #39 J. Kuznetsov
E03949,2024-G40,3,  SHOT 08:04 DU #2 E. Halvorson
E03950,2024-G40,3,TAKEAWAY 07:33 MICH #19 B. Lindgren  
E03951,2024-G40,3,BLOCK 7:31 MICH #29 J. Teodoro
E03952,2024-G40,3,SHOT 6:14 DU #26 H. Savard
E03953,2024-G40,3,BLOCK 5:17 MICH #22 F. Delacroix
E03954,2024-G40,3,"PENALTY 04:30 MICH #4 J. Ferris (Hooking, 2 min)  "
E03955,2024-G40,3,HIT 03:35 DU #27 W. Thibault
E03956,2024-G40,3,BLOCK 2:50 MICH #27 T. Ilves
E03957,2024-G40,3,"PENALTY 01:06 MICH #4 J. Ferris (Tripping, 2 min)"
E03958,2024-G40,3,SHOT 01:02 DU #26 N. Quill
E03959,2024-G40,3,SHOT 00:17 DU #27 E. Ives
E03960,2024-G41,1,SHOT 19:01 MICH #23 M. Boychuk
E03961,2024-G41,1,TAKEAWAY 18:18 BGSU #3 E. Quill
E03962,2024-G41,1,TAKEAWAY 18:16 MICH #12 S. Rutledge
E03963,2024-G41,1,SHOT 17:56 MICH #9 R. Karr
E03964,2024-G41,1,"PENALTY 17:51 MICH #2 P. Vander-Meer (Interference, 2 min)"
E03965,2024-G41,1,SHOT 15:49 BGSU #23 E. Maloney
E03966,2024-G41,1,SHOT 15:33 MICH  #16 K. Nystrom
E03967,2024-G41,1,SHOT 15:25 BGSU #9 B. Cormier
E03968,2024-G41,1,SHOT 14:57 BGSU #21 J. Doyle
E03969,2024-G41,1,HIT 14:27 BGSU #9 S. Quill
E03970,2024-G41,1,"GOAL 14:18 MICH  #6 L. O'Halloran (A: #23 M. Boychuk, #11 D. Ochoa) [PP]"
E03971,2024-G41,1,"PENALTY 13:41 BGSU #34 S. Cormier (Contact to the Head, 5 min)"
E03972,2024-G41,1,"GOAL 13:31 MICH #17 T. Brennan (A: #23 M. Boychuk, #19 B. Lindgren) [PP]"
E03973,2024-G41,1,SHOT 12:48 MICH #6 L. O'Halloran
E03974,2024-G41,1,SHOT 12:18 MICH #44 Z. Vandenberg
E03975,2024-G41,1,HIT 10:33 BGSU #17 G. Kuznetsov
E03976,2024-G41,1,"PENALTY 09:36 BGSU #7 D. Underwood (Interference, 2 min)"
E03977,2024-G41,1,HIT 09:31 MICH #9 R. Karr
E03978,2024-G41,1,"GOAL 08:01 BGSU #34 S. Lachance (A: #21 C. Eklund, #25 R. Quill) [EV]"
E03979,2024-G41,1,GOAL 08:00 MICH #10 E. Marchand (A: #25 O. Brightwater) [PP]
E03980,2024-G41,1,"GOAL 07:40 MICH #16 K. Nystrom (A: #17 T. Brennan, #19 B. Lindgren) [EV]"
E03981,2024-G41,1,  SHOT 6:57 BGSU #7 L. Jarvis
E03982,2024-G41,1,TAKEAWAY 05:37 MICH #24 V. Sepp
E03983,2024-G41,1,SHOT 4:49 MICH #26 A. Quintero
E03984,2024-G41,1,SHOT 4:14 BGSU #23 M. Quill
E03985,2024-G41,1,SHOT 03:22 MICH #29 J. Teodoro
E03986,2024-G41,1,SHOT 02:59 BGSU #22 H. Cormier
E03987,2024-G41,1,SHOT 02:07 BGSU #36 H. Kuznetsov
E03988,2024-G41,1,SHOT 2:00 BGSU #31 D. Quill
E03989,2024-G41,1,HIT 01:11 MICH #27 T. Ilves
E03990,2024-G41,1,GOAL 00:11 MICH #9 R. Karr (unassisted) [PP]
E03991,2024-G41,2,  SHOT 19:43 BGSU #35 H. Fitzpatrick
E03992,2024-G41,2,SHOT 19:34 MICH #4 J. Ferris
E03993,2024-G41,2,SHOT 19:23 MICH #10 E. Marchand
E03994,2024-G41,2,SHOT 18:51 BGSU #37 T. Doyle
E03995,2024-G41,2,SHOT 18:18 BGSU #38 P. Cormier
E03996,2024-G41,2,TAKEAWAY 18:02 MICH #16 K. Nystrom
E03997,2024-G41,2,HIT 17:40 MICH #27 T. Ilves
E03998,2024-G41,2,HIT 17:28 BGSU #21 H. Nilsson
E03999,2024-G41,2,SHOT 17:10 MICH #29 J. Teodoro
E04000,2024-G41,2,HIT 16:01 MICH  #25 O. Brightwater
E04001,2024-G41,2,SHOT 15:56 MICH #9 R. Karr
E04002,2024-G41,2,SHOT 15:55 MICH #20 G. Pasternak
E04003,2024-G41,2,TAKEAWAY 15:04 MICH #10 E. Marchand
E04004,2024-G41,2,"PENALTY 14:54 BGSU #33 A. Kuznetsov (Slashing, 2 min)"
E04005,2024-G41,2,SHOT 14:24 BGSU #23 D. Savard
E04006,2024-G41,2,"PENALTY 13:06 BGSU #3 J. Fitzpatrick (High-sticking, 2 min)"
E04007,2024-G41,2,SHOT 12:23 MICH #11 D. Ochoa  
E04008,2024-G41,2,HIT 11:40 BGSU #1 G. Quill
E04009,2024-G41,2,SHOT 10:30 MICH #4 J. Ferris
E04010,2024-G41,2,SHOT 09:47 BGSU #32 W. Gauthier
E04011,2024-G41,2,SHOT 09:21 BGSU #38 H. Ives
E04012,2024-G41,2,HIT 9:04 MICH #26 A. Quintero
E04013,2024-G41,2,TAKEAWAY 08:49 BGSU #14 E. Cormier
E04014,2024-G41,2,SHOT 8:17 MICH #12 S. Rutledge
E04015,2024-G41,2,SHOT 7:37 BGSU #20 E. Rasmussen
E04016,2024-G41,2,SHOT 7:13 MICH  #27 T. Ilves
E04017,2024-G41,2,SHOT 07:09 BGSU #27 T. Lachance
E04018,2024-G41,2,"PENALTY 6:20 BGSU  #22 A. Rasmussen (Slashing, 2 min)"
E04019,2024-G41,2,SHOT 05:21 MICH #2 P. Vander-Meer
E04020,2024-G41,2,SHOT 05:14 BGSU #15 S. Ostberg  
E04021,2024-G41,2,SHOT 04:34 MICH #44 Z. Vandenberg
E04022,2024-G41,2,SHOT 04:05 BGSU #22 K. Yakimov
E04023,2024-G41,2,BLOCK 4:02 MICH #19 B. Lindgren
E04024,2024-G41,2,SHOT 03:32 BGSU #14 A. Cormier
E04025,2024-G41,2,SHOT 3:30 MICH #27 T. Ilves
E04026,2024-G41,2,SHOT 3:24 BGSU #22 J. Thibault
E04027,2024-G41,2,HIT 00:58 BGSU #24 G. Halvorson
E04028,2024-G41,2,  BLOCK 0:46 BGSU #14 D. Thibault
E04029,2024-G41,3,HIT 19:34 MICH #27 T. Ilves
E04030,2024-G41,3,"PENALTY 18:50 MICH #9 R. Karr (Cross-checking, 2 min)"
E04031,2024-G41,3,"PENALTY 18:43 MICH #21 W. Achterberg (Hooking, 2 min)"
E04032,2024-G41,3,"PENALTY 18:14 BGSU #23 F. Ostberg (High-sticking, 2 min)"
E04033,2024-G41,3,HIT 17:52 BGSU #28 A. Beauchamp
E04034,2024-G41,3,HIT 17:33 BGSU #25 A. Halvorson
E04035,2024-G41,3,SHOT 17:02 BGSU #25 P. Lachance
E04036,2024-G41,3,SHOT 16:40 MICH #2 P. Vander-Meer
E04037,2024-G41,3,SHOT 16:30 BGSU #37 H. Kuznetsov
E04038,2024-G41,3,SHOT 16:28 BGSU #6 V. Cormier
E04039,2024-G41,3,  SHOT 15:19 BGSU #19 G. Whelan
E04040,2024-G41,3,BLOCK 15:16 MICH #4 J. Ferris
E04041,2024-G41,3,SHOT 14:55 MICH  #20 G. Pasternak
E04042,2024-G41,3,SHOT 14:32 BGSU #26 W. Peterson
E04043,2024-G41,3,"GOAL 14:12 BGSU #8 P. Quill (A: #27 L. Thibault, #36 T. Lachance) [EV]"
E04044,2024-G41,3,"PENALTY 14:04 BGSU #17 A. Jarvis (Tripping, 2 min)"
E04045,2024-G41,3,SHOT 13:52 BGSU #3 V. Rasmussen
E04046,2024-G41,3,HIT 13:38 MICH  #27 T. Ilves
E04047,2024-G41,3,"GOAL 13:04 MICH #23 M. Boychuk (A: #16 K. Nystrom, #26 A. Quintero) [EV]"
E04048,2024-G41,3,"GOAL 11:40 MICH #2 P. Vander-Meer (A: #4 J. Ferris, #20 G. Pasternak) [EV]"
E04049,2024-G41,3,"GOAL 11:13 MICH #18 H. Okafor (A: #26 A. Quintero, #17 T. Brennan) [PP]"
E04050,2024-G41,3,SHOT 10:04 BGSU #18 T. Savard
E04051,2024-G41,3,"GOAL 09:37 MICH #25 O. Brightwater (A: #29 J. Teodoro, #4 J. Ferris) [EV]"
E04052,2024-G41,3,  SHOT 09:10 MICH #24 V. Sepp
E04053,2024-G41,3,"  PENALTY 8:58 BGSU #28 D. Eklund (Tripping, 2 min)"
E04054,2024-G41,3,HIT 08:30 BGSU #33 S. Fitzpatrick
E04055,2024-G41,3,SHOT 07:46 BGSU #39 K. Beauchamp
E04056,2024-G41,3,TAKEAWAY 07:39 BGSU #13 J. Vasquez
E04057,2024-G41,3,SHOT 05:33 BGSU #17 N. Underwood
E04058,2024-G41,3,BLOCK 5:18 MICH #21 W. Achterberg  
E04059,2024-G41,3,SHOT 4:43 MICH #2 P. Vander-Meer
E04060,2024-G41,3,SHOT 03:34 BGSU #26 K. Whelan
E04061,2024-G41,3,BLOCK 2:55 BGSU #1 B. Lachance
E04062,2024-G41,3,SHOT 2:08 BGSU #15 N. Quill
E04063,2024-G41,3,SHOT 2:00 MICH #4 J. Ferris
E04064,2024-G41,3,HIT 01:53 BGSU #18 J. Nilsson
E04065,2024-G41,3,TAKEAWAY 0:35 BGSU #39 E. Underwood
